Record_ID,Person_ID,Physical_Activity_Minutes,Daily_Steps,Exercise_Duration_Minutes,Caffeine_Intake_mg,Screen_Time_Hours,Work_Study_Hours,Stress_Level,Fatigue_Level,Nap_Occurred,Nap_Start_Time,Nap_Duration_Minutes,Is_Disruption_Day
R000001,P0001,94.4,10223,23.1,230.0,3.49,6.93,6,4,False,,0,False
R000002,P0001,83.2,10460,14.1,213.6,5.43,6.74,6,5,False,,0,True
R000003,P0001,79.3,10254,27.2,299.2,6.41,5.93,6,5,False,,0,True
R000004,P0001,89.0,8837,35.4,598.7,6.29,5.82,5,4,False,,0,True
R000005,P0001,87.1,11916,12.9,249.9,5.28,7.92,6,5,False,,0,False
R000006,P0001,86.9,8137,30.2,258.6,6.31,3.42,6,4,False,,0,False
R000007,P0001,1.1,1651,8.0,116.7,6.78,2.49,5,2,False,,0,False
R000008,P0001,80.9,8773,26.4,216.8,5.67,5.19,3,4,False,,0,False
R000009,P0001,87.1,10220,12.5,174.5,6.22,7.37,4,6,False,,0,False
R000010,P0001,106.0,12563,34.7,213.9,3.99,6.86,4,6,False,,0,False
R000011,P0001,71.8,9194,25.8,245.0,9.02,7.29,5,5,False,,0,False
R000012,P0001,48.0,6102,20.4,273.0,6.36,8.01,6,3,False,,0,False
R000013,P0001,123.5,13253,47.7,247.4,5.35,4.15,1,3,False,,0,False
R000014,P0001,58.8,6342,24.7,200.4,5.11,3.87,3,5,False,,0,False
R000015,P0001,92.7,10300,31.8,237.0,5.28,6.13,3,6,False,,0,False
R000016,P0001,46.1,5491,8.3,221.1,4.73,7.35,5,5,True,15:40,10,False
R000017,P0001,106.1,9704,51.5,270.6,4.39,6.3,6,4,False,,0,False
R000018,P0001,116.4,15976,17.9,183.9,6.95,6.64,5,4,False,,0,True
R000019,P0001,101.5,12517,32.3,261.0,6.3,7.19,7,5,False,,0,False
R000020,P0001,89.6,11008,32.8,228.2,5.6,4.21,5,8,False,,0,False
R000021,P0001,59.9,6048,10.1,174.7,6.5,0.0,3,6,False,,0,False
R000022,P0001,54.0,6340,31.8,251.5,7.75,8.36,6,5,False,,0,False
R000023,P0001,76.4,6525,17.2,227.4,8.19,6.64,7,3,False,,0,True
R000024,P0001,91.0,11298,26.2,244.6,6.25,5.5,6,6,True,13:01,23,False
R000025,P0001,95.5,12655,31.8,259.3,5.54,6.5,4,4,False,,0,False
R000026,P0001,115.9,13293,17.2,230.9,6.94,6.62,6,4,True,16:44,47,True
R000027,P0001,117.1,13640,28.7,148.4,6.2,1.4,2,3,True,15:06,62,False
R000028,P0001,70.0,7548,28.5,351.5,7.15,1.78,4,4,True,13:16,27,True
R000029,P0001,54.0,5704,22.3,272.8,5.7,7.31,6,8,False,,0,False
R000030,P0001,68.6,7207,33.4,337.8,4.18,6.79,6,4,False,,0,False
R000031,P0002,23.1,2808,6.9,32.2,6.14,7.02,7,4,False,,0,False
R000032,P0002,60.0,5456,25.6,46.2,6.25,9.44,7,6,False,,0,False
R000033,P0002,32.8,3005,11.9,71.8,6.87,9.65,7,5,False,,0,False
R000034,P0002,35.2,3430,16.9,139.2,7.36,8.78,6,4,False,,0,False
R000035,P0002,53.3,5947,2.6,98.1,7.24,9.55,7,6,False,,0,False
R000036,P0002,49.8,6841,18.1,37.2,5.56,4.86,6,5,False,,0,False
R000037,P0002,38.5,3240,18.4,70.3,6.66,5.13,5,7,False,,0,False
R000038,P0002,49.0,6207,4.9,0.0,4.27,10.01,8,4,False,,0,False
R000039,P0002,51.6,7270,25.6,62.1,6.92,10.36,7,7,False,,0,False
R000040,P0002,82.9,9506,31.6,0.0,6.79,9.95,8,5,False,,0,False
R000041,P0002,44.5,4214,5.1,20.5,6.83,10.71,7,4,False,,0,False
R000042,P0002,69.2,8233,15.5,108.4,3.44,9.83,6,6,False,,0,False
R000043,P0002,9.3,1007,2.9,82.8,7.83,4.99,8,6,False,,0,True
R000044,P0002,39.7,3735,16.2,73.3,8.7,4.83,8,6,False,,0,False
R000045,P0002,56.6,6232,11.1,32.1,7.12,9.21,9,4,False,,0,False
R000046,P0002,46.7,5330,4.1,88.5,5.97,7.7,7,3,False,,0,False
R000047,P0002,2.5,51,8.4,1.5,7.52,8.46,8,4,False,,0,False
R000048,P0002,40.1,3687,10.7,56.1,5.66,9.46,6,5,False,,0,False
R000049,P0002,24.1,2161,0.0,0.0,6.6,7.68,9,5,True,14:21,41,False
R000050,P0002,67.5,8044,18.3,99.2,4.76,3.22,6,5,False,,0,False
R000051,P0002,70.3,7764,26.4,56.8,5.57,2.72,6,5,False,,0,False
R000052,P0002,30.6,2753,9.8,46.8,5.27,8.54,7,6,False,,0,False
R000053,P0002,28.3,3975,4.4,162.0,5.47,9.49,7,5,False,,0,False
R000054,P0002,52.6,5413,10.8,53.7,5.64,9.3,7,6,False,,0,False
R000055,P0002,8.2,1077,2.5,135.0,7.23,9.04,6,3,True,13:37,72,True
R000056,P0002,20.1,1669,10.1,81.6,5.8,10.29,6,5,False,,0,False
R000057,P0002,39.3,4366,21.9,70.0,7.88,1.97,7,6,False,,0,False
R000058,P0002,18.5,2393,6.8,34.2,6.17,5.29,6,4,False,,0,False
R000059,P0002,37.7,4178,7.4,94.0,6.15,9.09,8,6,False,,0,False
R000060,P0002,24.2,2244,4.9,136.1,6.01,11.4,8,5,False,,0,False
R000061,P0003,81.9,8159,21.2,266.4,2.45,6.39,4,5,False,,0,False
R000062,P0003,54.4,6576,15.8,186.7,2.54,6.55,5,3,False,,0,False
R000063,P0003,39.0,4106,10.0,203.2,2.43,9.01,7,6,False,,0,False
R000064,P0003,34.6,3016,6.7,144.4,3.19,6.8,5,5,False,,0,False
R000065,P0003,65.9,9173,28.2,239.6,3.08,6.48,7,5,False,,0,False
R000066,P0003,56.0,5735,25.0,112.8,2.94,2.87,6,7,False,,0,False
R000067,P0003,52.8,6774,13.0,200.2,2.85,0.88,5,3,False,,0,False
R000068,P0003,55.0,7346,17.3,201.1,2.5,7.9,5,4,False,,0,False
R000069,P0003,30.4,3070,4.4,206.4,3.53,4.53,5,7,False,,0,False
R000070,P0003,41.9,4402,8.9,228.9,2.12,8.26,8,6,False,,0,False
R000071,P0003,74.3,6732,33.9,210.5,1.68,6.05,6,7,False,,0,False
R000072,P0003,28.3,4185,4.9,224.5,2.72,7.26,7,6,False,,0,False
R000073,P0003,58.6,7741,14.1,162.1,1.84,2.36,3,4,False,,0,False
R000074,P0003,44.3,5736,21.7,176.8,2.99,3.55,5,5,False,,0,False
R000075,P0003,55.2,7154,12.3,181.4,1.89,8.22,6,6,False,,0,False
R000076,P0003,42.7,6237,13.7,253.3,1.81,6.49,4,3,False,,0,False
R000077,P0003,55.4,4257,12.8,189.0,2.29,5.81,4,6,False,,0,False
R000078,P0003,53.0,5513,4.9,218.6,0.04,5.56,7,6,False,,0,True
R000079,P0003,72.6,7424,22.4,224.5,4.24,7.15,10,7,False,,0,True
R000080,P0003,24.1,2027,4.9,254.3,4.15,1.49,5,5,False,,0,False
R000081,P0003,19.6,2658,2.2,158.3,4.01,2.36,5,5,True,15:30,14,False
R000082,P0003,45.7,4645,16.1,155.2,1.89,5.65,8,4,False,,0,False
R000083,P0003,53.3,4536,12.3,136.4,3.05,6.12,3,3,True,13:33,43,False
R000084,P0003,28.0,2794,4.9,178.4,3.47,6.52,3,5,True,14:47,42,False
R000085,P0003,80.1,8457,19.6,122.1,1.79,3.91,6,6,False,,0,False
R000086,P0003,61.1,6380,20.4,257.6,3.82,7.43,7,4,False,,0,True
R000087,P0003,10.2,1911,1.0,212.0,3.85,1.76,5,4,False,,0,False
R000088,P0003,40.8,5346,9.0,205.0,0.0,1.76,6,6,False,,0,False
R000089,P0003,32.7,3316,2.6,116.2,3.31,4.51,3,3,True,15:07,50,False
R000090,P0003,49.1,3574,14.8,228.4,2.85,6.16,6,7,False,,0,False
R000091,P0004,62.9,6856,18.9,60.1,4.3,5.17,3,4,False,,0,False
R000092,P0004,60.1,6410,18.0,179.8,3.26,2.27,3,5,False,,0,False
R000093,P0004,86.5,11659,18.2,216.4,1.75,6.01,3,4,True,15:31,12,False
R000094,P0004,65.0,7497,17.7,246.3,4.03,5.7,4,4,True,17:43,38,True
R000095,P0004,83.7,9820,15.7,142.3,2.35,5.73,4,3,False,,0,False
R000096,P0004,46.5,4726,7.0,166.3,2.08,0.83,4,4,False,,0,False
R000097,P0004,64.3,5404,13.3,145.4,2.96,0.92,7,5,True,14:38,63,True
R000098,P0004,56.3,5303,26.4,96.7,1.98,3.71,3,6,False,,0,False
R000099,P0004,49.0,5284,7.9,121.6,3.27,4.27,3,5,True,13:51,10,False
R000100,P0004,70.5,6641,24.6,97.7,3.18,6.28,5,4,True,17:42,51,False
R000101,P0004,105.2,13739,26.6,104.3,1.15,4.71,7,5,False,,0,True
R000102,P0004,73.5,7734,23.5,80.4,3.42,4.24,3,1,False,,0,False
R000103,P0004,58.7,7553,18.4,176.4,1.52,0.39,6,6,False,,0,False
R000104,P0004,104.6,13192,38.3,124.6,2.47,2.73,6,3,False,,0,False
R000105,P0004,66.3,8240,16.5,156.9,2.12,5.72,4,4,True,17:53,10,False
R000106,P0004,62.6,7688,30.9,99.5,4.81,5.61,5,5,True,16:44,10,True
R000107,P0004,36.3,2565,5.6,40.3,4.44,4.33,4,2,False,,0,False
R000108,P0004,89.4,11529,21.9,105.0,1.04,4.73,6,5,False,,0,True
R000109,P0004,67.8,7711,37.9,116.9,4.43,4.26,6,6,False,,0,False
R000110,P0004,41.1,4610,10.0,148.2,2.95,2.04,7,7,False,,0,False
R000111,P0004,77.0,10051,20.5,61.6,3.45,1.21,6,4,False,,0,False
R000112,P0004,71.4,6364,25.6,36.0,2.18,5.23,3,1,False,,0,False
R000113,P0004,59.1,6063,25.3,148.2,3.03,4.23,6,5,False,,0,False
R000114,P0004,53.3,6457,16.5,119.8,3.74,5.48,7,6,False,,0,False
R000115,P0004,90.5,9489,37.5,13.6,1.88,4.76,3,5,True,14:32,63,False
R000116,P0004,90.2,10461,17.7,65.7,1.74,5.51,6,6,False,,0,False
R000117,P0004,63.3,8615,14.4,125.5,0.96,1.74,5,5,False,,0,False
R000118,P0004,75.2,8395,19.5,382.2,2.94,0.09,4,5,True,14:55,14,True
R000119,P0004,47.9,5565,18.1,91.4,3.98,4.51,3,3,False,,0,False
R000120,P0004,75.9,8894,42.3,163.6,2.28,5.44,5,3,False,,0,False
R000121,P0005,40.4,5159,12.5,90.0,7.17,8.63,5,4,False,,0,False
R000122,P0005,57.3,5914,18.2,168.2,8.62,9.06,6,7,False,,0,False
R000123,P0005,61.4,6968,21.7,137.8,5.6,7.93,5,4,False,,0,False
R000124,P0005,22.3,2885,17.6,164.9,6.56,8.3,5,2,False,,0,False
R000125,P0005,31.7,3011,15.3,191.9,5.83,7.22,7,4,False,,0,False
R000126,P0005,34.9,3419,7.4,151.8,5.85,2.39,8,5,False,,0,False
R000127,P0005,59.5,6340,19.2,211.6,6.31,4.28,6,4,False,,0,False
R000128,P0005,44.6,4888,7.0,197.5,5.78,9.24,6,6,False,,0,False
R000129,P0005,42.8,3962,13.8,144.7,6.08,7.74,6,4,False,,0,False
R000130,P0005,46.4,6418,7.0,94.8,6.37,8.17,7,6,False,,0,False
R000131,P0005,24.0,4112,0.0,150.3,7.91,7.16,6,5,False,,0,False
R000132,P0005,45.6,4415,19.8,208.1,6.67,8.48,6,5,True,14:45,16,False
R000133,P0005,33.3,3998,10.3,140.8,5.42,4.51,3,4,False,,0,False
R000134,P0005,48.7,5839,22.7,117.1,5.38,5.14,6,6,False,,0,False
R000135,P0005,25.2,1378,11.7,142.5,4.9,7.73,7,4,False,,0,False
R000136,P0005,31.2,4357,15.2,40.2,5.11,7.62,4,4,False,,0,False
R000137,P0005,9.2,411,1.2,124.0,5.49,8.54,8,5,False,,0,False
R000138,P0005,58.5,7975,17.1,118.0,6.09,8.66,6,6,False,,0,False
R000139,P0005,33.8,2365,3.4,77.3,6.5,9.13,7,5,False,,0,False
R000140,P0005,29.7,3784,0.0,151.5,6.02,3.65,6,6,False,,0,False
R000141,P0005,27.3,2254,0.0,141.5,7.07,2.35,7,5,False,,0,False
R000142,P0005,6.3,1029,6.0,172.7,7.18,7.78,6,5,False,,0,False
R000143,P0005,9.8,0,5.3,139.8,3.68,6.62,4,4,False,,0,False
R000144,P0005,38.2,3590,13.9,121.2,6.82,8.24,7,3,False,,0,False
R000145,P0005,8.7,0,7.0,160.8,6.03,9.83,8,7,False,,0,False
R000146,P0005,40.9,5878,12.1,84.7,5.69,6.96,8,6,False,,0,False
R000147,P0005,35.7,2589,0.0,97.4,5.29,3.76,4,6,False,,0,False
R000148,P0005,41.6,3928,15.4,210.4,6.76,2.44,8,5,False,,0,False
R000149,P0005,15.0,1876,3.5,123.1,7.62,7.87,6,5,False,,0,False
R000150,P0005,36.7,2537,5.5,178.9,4.32,7.17,8,6,False,,0,False
R000151,P0006,39.8,3852,15.6,0.0,3.4,9.01,7,7,False,,0,False
R000152,P0006,32.4,4371,4.7,102.1,4.9,7.67,6,3,False,,0,False
R000153,P0006,38.6,4099,13.1,80.6,2.38,8.74,5,6,False,,0,False
R000154,P0006,65.5,8255,6.6,119.2,4.49,9.44,6,3,True,16:43,74,False
R000155,P0006,41.2,3353,14.5,170.7,4.83,10.49,6,5,False,,0,False
R000156,P0006,50.0,5224,16.1,47.4,5.24,6.71,6,5,False,,0,False
R000157,P0006,56.4,8373,20.7,98.8,1.74,3.76,6,6,False,,0,False
R000158,P0006,11.6,1453,0.0,260.1,3.02,9.08,4,6,False,,0,True
R000159,P0006,54.8,5854,4.8,0.0,1.19,9.27,7,4,False,,0,False
R000160,P0006,51.3,5911,19.1,9.9,2.54,9.86,6,6,False,,0,False
R000161,P0006,41.9,3409,14.8,110.4,5.62,9.05,7,7,False,,0,False
R000162,P0006,33.3,1943,16.9,125.2,3.62,8.45,8,6,False,,0,False
R000163,P0006,22.6,3951,2.3,12.6,5.54,0.01,7,4,False,,0,False
R000164,P0006,23.3,2005,4.3,10.8,3.97,3.7,7,6,False,,0,False
R000165,P0006,35.7,4473,14.0,29.1,5.02,10.01,6,4,True,13:05,65,False
R000166,P0006,38.5,3582,14.7,104.2,4.21,8.38,6,3,False,,0,False
R000167,P0006,19.7,2114,3.1,88.9,4.28,8.4,5,5,False,,0,False
R000168,P0006,8.0,1381,6.0,0.0,2.97,8.83,7,8,False,,0,True
R000169,P0006,42.8,4218,14.3,21.7,4.4,9.06,5,4,True,17:03,35,True
R000170,P0006,53.5,6038,25.5,46.0,4.13,3.45,4,5,True,17:33,40,False
R000171,P0006,88.1,9985,32.2,185.4,3.43,2.55,6,6,False,,0,False
R000172,P0006,21.8,2360,12.3,86.7,4.85,8.51,9,5,False,,0,False
R000173,P0006,25.8,2964,7.7,61.3,2.96,8.2,7,4,False,,0,False
R000174,P0006,33.6,4632,7.1,140.1,2.96,11.18,7,5,False,,0,False
R000175,P0006,35.1,3555,11.1,81.4,3.44,8.38,7,6,False,,0,False
R000176,P0006,26.3,4670,10.6,41.7,4.21,9.31,4,6,False,,0,False
R000177,P0006,56.9,5025,17.0,73.0,2.85,2.24,6,3,True,14:13,42,False
R000178,P0006,60.4,5352,24.6,23.8,7.61,2.85,7,2,False,,0,True
R000179,P0006,52.0,6011,25.2,13.5,6.03,10.09,7,4,False,,0,True
R000180,P0006,31.9,2185,11.8,93.9,4.5,10.3,8,6,False,,0,True
R000181,P0007,80.0,7234,15.1,223.7,6.84,11.33,6,6,False,,0,False
R000182,P0007,88.1,9335,27.4,158.0,6.19,11.08,5,7,True,20:56,63,False
R000183,P0007,69.1,7414,28.0,267.6,4.51,7.76,5,5,False,,0,False
R000184,P0007,84.8,7756,20.8,264.6,6.26,11.87,3,3,False,,0,False
R000185,P0007,72.9,7908,22.4,251.1,6.48,7.69,5,5,False,,0,False
R000186,P0007,57.0,5061,29.1,194.6,5.15,4.28,5,7,False,,0,False
R000187,P0007,64.5,8301,20.5,83.7,5.45,4.41,10,8,True,19:29,10,True
R000188,P0007,46.0,4912,5.9,300.0,5.8,9.7,4,4,False,,0,False
R000189,P0007,78.8,9688,39.9,230.8,4.17,9.08,4,5,True,20:29,10,False
R000190,P0007,76.9,8103,24.8,197.7,5.3,10.31,5,4,False,,0,False
R000191,P0007,102.7,10539,21.2,208.2,5.08,10.03,6,6,True,20:29,56,False
R000192,P0007,64.8,8065,20.2,140.5,4.6,7.4,4,4,True,21:34,50,False
R000193,P0007,89.9,8437,44.9,190.4,4.32,3.56,5,6,False,,0,False
R000194,P0007,25.3,3796,16.4,178.3,6.21,4.18,4,5,True,20:40,45,True
R000195,P0007,55.1,6804,8.5,197.9,6.81,9.01,4,4,True,20:44,70,False
R000196,P0007,72.9,8989,22.5,118.9,5.49,8.71,8,5,True,19:00,19,True
R000197,P0007,45.9,6044,15.9,214.3,5.73,10.59,6,5,False,,0,False
R000198,P0007,86.2,10314,39.3,255.8,4.48,9.27,5,4,False,,0,False
R000199,P0007,116.6,12442,35.1,171.3,5.74,10.72,6,7,True,21:57,36,False
R000200,P0007,64.0,6006,24.1,179.1,3.43,3.73,5,4,False,,0,False
R000201,P0007,86.1,8254,32.6,221.1,5.08,1.55,7,7,True,19:42,21,False
R000202,P0007,75.2,9936,33.6,154.4,5.26,10.07,4,7,False,,0,False
R000203,P0007,93.4,7619,39.6,278.4,7.02,9.99,5,5,True,19:44,10,False
R000204,P0007,126.1,12432,49.9,415.8,6.41,9.68,5,6,True,20:11,42,True
R000205,P0007,77.9,7358,12.2,205.9,5.17,9.88,5,3,False,,0,False
R000206,P0007,65.2,8956,15.4,177.9,4.5,10.5,6,4,False,,0,False
R000207,P0007,45.9,5476,16.6,176.5,5.59,2.98,5,5,True,19:42,10,False
R000208,P0007,75.3,8653,1.1,220.8,5.56,1.94,5,6,False,,0,False
R000209,P0007,86.7,8286,24.3,243.6,5.14,9.03,4,3,True,20:57,79,False
R000210,P0007,89.1,10056,35.0,241.9,5.26,8.33,5,4,False,,0,False
R000211,P0008,0.0,0,6.3,167.5,4.21,8.49,5,4,False,,0,False
R000212,P0008,2.5,0,0.3,104.5,4.38,7.6,7,7,False,,0,False
R000213,P0008,0.0,0,8.1,82.4,2.74,7.23,3,4,False,,0,False
R000214,P0008,0.0,0,0.0,255.3,5.43,7.63,6,4,False,,0,False
R000215,P0008,0.0,0,0.0,147.2,4.85,8.23,7,6,False,,0,False
R000216,P0008,0.0,0,0.0,169.2,4.16,4.02,5,6,False,,0,False
R000217,P0008,0.0,765,0.0,176.3,3.3,2.59,6,4,False,,0,False
R000218,P0008,5.3,1519,0.0,149.4,2.21,9.75,5,4,False,,0,False
R000219,P0008,0.0,0,0.0,260.4,1.7,8.59,5,4,False,,0,False
R000220,P0008,1.3,0,1.1,224.8,3.91,7.02,4,5,False,,0,False
R000221,P0008,0.0,0,0.0,182.4,4.05,7.87,5,5,False,,0,False
R000222,P0008,16.5,2256,2.5,209.5,2.82,8.9,5,2,False,,0,False
R000223,P0008,0.0,464,0.0,238.0,4.85,3.51,6,4,False,,0,False
R000224,P0008,4.0,323,6.3,432.0,3.96,2.72,5,4,True,15:43,36,True
R000225,P0008,17.4,1154,8.1,211.5,4.01,6.63,8,5,False,,0,False
R000226,P0008,0.0,0,4.2,425.2,4.07,10.01,5,6,False,,0,True
R000227,P0008,0.0,0,0.5,193.1,4.5,8.01,6,5,False,,0,False
R000228,P0008,0.0,424,3.8,257.2,2.9,7.13,8,5,False,,0,False
R000229,P0008,9.4,258,6.2,216.1,3.95,7.12,6,4,False,,0,False
R000230,P0008,0.0,0,1.3,193.9,3.2,2.87,4,3,False,,0,False
R000231,P0008,0.0,0,4.6,194.2,3.89,3.47,6,6,False,,0,False
R000232,P0008,33.1,4120,0.8,167.3,3.6,9.95,5,3,False,,0,False
R000233,P0008,2.8,0,11.5,297.1,2.48,7.17,6,6,False,,0,False
R000234,P0008,0.0,0,0.0,204.9,3.96,7.38,5,4,False,,0,False
R000235,P0008,0.0,94,1.2,119.9,3.89,8.29,6,5,False,,0,False
R000236,P0008,0.0,1264,0.0,143.9,5.09,8.8,4,3,True,13:42,31,False
R000237,P0008,0.0,710,0.0,196.0,2.71,3.93,6,5,False,,0,False
R000238,P0008,32.0,3232,14.0,175.3,3.94,3.56,5,4,False,,0,False
R000239,P0008,17.9,1930,7.4,207.0,3.3,9.26,4,6,False,,0,False
R000240,P0008,0.0,1554,0.0,210.5,5.04,9.74,6,6,False,,0,False
R000241,P0009,15.3,919,14.7,0.0,4.16,10.67,6,6,False,,0,False
R000242,P0009,21.0,2944,1.6,123.1,3.53,10.16,3,4,False,,0,False
R000243,P0009,25.8,4988,17.6,58.7,2.45,10.01,3,4,False,,0,False
R000244,P0009,18.4,2768,5.3,87.5,2.24,10.56,4,3,False,,0,False
R000245,P0009,43.1,1477,13.6,83.4,4.78,10.59,4,6,False,,0,False
R000246,P0009,36.2,4625,9.7,29.2,3.71,4.13,5,6,False,,0,False
R000247,P0009,23.2,2002,7.2,15.0,3.45,4.01,3,3,False,,0,True
R000248,P0009,5.8,0,0.0,32.3,2.79,11.2,6,4,False,,0,False
R000249,P0009,3.0,35,0.0,67.8,4.52,8.65,3,3,False,,0,True
R000250,P0009,1.5,0,0.0,123.3,3.25,9.57,4,5,False,,0,False
R000251,P0009,20.8,3744,2.9,0.0,5.45,11.9,5,4,False,,0,False
R000252,P0009,0.0,0,0.0,8.3,1.87,10.27,4,4,False,,0,False
R000253,P0009,22.5,2546,15.6,39.2,3.96,3.77,5,6,False,,0,False
R000254,P0009,45.9,5669,10.4,35.5,3.57,2.57,6,5,True,16:31,58,False
R000255,P0009,39.7,2783,12.1,37.6,3.14,9.03,5,6,False,,0,False
R000256,P0009,28.0,2579,4.1,85.7,2.09,11.02,5,4,False,,0,False
R000257,P0009,9.2,784,11.7,10.3,4.78,8.97,3,5,False,,0,False
R000258,P0009,3.5,0,0.0,0.0,3.07,11.04,3,3,False,,0,False
R000259,P0009,0.0,74,0.0,16.6,3.88,9.1,4,6,False,,0,False
R000260,P0009,0.0,0,0.6,138.7,4.25,2.7,4,7,False,,0,False
R000261,P0009,29.7,1609,11.9,2.4,4.58,4.25,5,4,False,,0,False
R000262,P0009,36.2,2567,1.1,0.0,1.65,9.03,3,3,False,,0,False
R000263,P0009,22.0,2930,4.1,78.2,4.69,10.63,3,6,True,13:44,32,False
R000264,P0009,14.7,2154,10.0,67.0,5.0,9.6,5,5,True,16:09,22,False
R000265,P0009,17.3,1396,9.4,21.6,5.58,10.23,4,3,False,,0,False
R000266,P0009,9.7,627,8.6,32.8,3.71,9.52,4,6,False,,0,False
R000267,P0009,19.0,1519,3.6,12.0,4.13,1.9,4,6,False,,0,False
R000268,P0009,32.9,3049,3.0,23.0,3.07,2.14,3,3,False,,0,False
R000269,P0009,16.8,718,8.4,18.7,3.39,9.9,5,4,False,,0,False
R000270,P0009,0.0,388,0.0,0.0,3.34,8.88,4,5,False,,0,False
R000271,P0010,43.8,5050,12.3,202.4,9.16,10.13,7,5,False,,0,False
R000272,P0010,47.2,5332,13.5,228.0,9.21,7.99,8,5,False,,0,False
R000273,P0010,15.8,1707,3.5,141.5,13.57,6.8,8,6,False,,0,True
R000274,P0010,40.6,5716,22.7,243.0,7.6,10.29,7,6,True,16:16,10,False
R000275,P0010,50.0,5798,13.4,132.0,6.81,7.73,8,5,False,,0,False
R000276,P0010,43.0,5137,18.7,175.9,6.89,3.38,8,3,True,16:14,23,False
R000277,P0010,42.2,2835,14.1,280.6,6.96,3.38,8,9,False,,0,False
R000278,P0010,64.6,6867,20.9,69.3,8.05,8.62,7,5,False,,0,False
R000279,P0010,16.0,1185,0.6,127.6,7.58,8.03,7,5,False,,0,False
R000280,P0010,46.5,6221,22.5,260.1,8.22,10.26,8,4,False,,0,False
R000281,P0010,79.9,7752,40.7,127.6,7.09,8.22,8,5,False,,0,False
R000282,P0010,4.8,657,0.0,169.0,6.57,8.73,8,6,False,,0,True
R000283,P0010,24.3,2775,9.9,288.8,8.1,3.58,9,10,True,15:32,44,False
R000284,P0010,93.6,9862,44.7,154.9,6.56,3.39,7,6,True,13:37,48,False
R000285,P0010,69.4,6611,12.6,179.5,6.06,7.61,9,5,True,16:40,64,False
R000286,P0010,45.3,4619,13.1,232.8,7.38,9.01,7,6,False,,0,False
R000287,P0010,35.7,4359,7.9,216.9,8.1,9.21,9,7,False,,0,False
R000288,P0010,50.9,5319,9.6,283.2,9.0,5.74,8,5,False,,0,False
R000289,P0010,80.6,8504,15.6,201.6,9.63,10.13,7,5,False,,0,False
R000290,P0010,43.3,4884,23.5,135.5,7.44,4.01,8,5,False,,0,False
R000291,P0010,33.3,2911,10.5,212.1,7.64,3.45,9,7,False,,0,False
R000292,P0010,27.8,3002,1.5,202.4,7.47,7.73,8,7,False,,0,False
R000293,P0010,21.7,1620,2.2,146.5,6.25,8.1,7,5,False,,0,False
R000294,P0010,58.6,5812,11.2,235.4,7.97,9.02,9,5,False,,0,False
R000295,P0010,9.7,2155,1.9,138.9,6.42,6.89,10,6,False,,0,False
R000296,P0010,34.8,2677,14.4,214.9,6.42,8.2,8,5,False,,0,False
R000297,P0010,53.9,6700,12.5,180.1,6.8,3.4,8,9,False,,0,False
R000298,P0010,26.2,2091,13.3,254.6,7.13,3.39,9,6,False,,0,False
R000299,P0010,29.1,3219,11.8,280.2,6.92,10.32,6,6,False,,0,False
R000300,P0010,35.5,3483,15.6,128.6,7.72,10.65,9,6,False,,0,False
R000301,P0011,26.4,3204,8.0,42.2,3.8,7.56,2,2,False,,0,False
R000302,P0011,71.2,6728,34.7,41.3,4.06,8.37,4,3,False,,0,False
R000303,P0011,68.3,6214,33.9,69.8,4.72,6.07,5,3,False,,0,False
R000304,P0011,82.4,8890,16.2,27.0,4.65,9.29,4,4,False,,0,False
R000305,P0011,57.9,6482,19.9,134.5,4.31,8.08,3,3,True,14:13,10,False
R000306,P0011,44.3,3798,18.5,65.4,4.63,1.95,6,5,False,,0,False
R000307,P0011,58.5,6481,11.6,140.6,5.3,1.54,3,4,True,16:40,18,False
R000308,P0011,80.7,9019,32.3,39.3,4.72,7.98,4,6,False,,0,False
R000309,P0011,56.2,5062,10.8,125.1,6.05,9.24,5,5,False,,0,False
R000310,P0011,91.3,9060,18.1,85.6,4.25,7.15,1,4,False,,0,False
R000311,P0011,55.8,6447,11.4,115.6,5.41,8.09,2,2,True,16:52,84,False
R000312,P0011,85.2,11387,25.4,97.1,2.85,7.66,5,3,False,,0,False
R000313,P0011,46.8,5665,19.7,177.5,4.29,2.94,3,3,False,,0,False
R000314,P0011,68.0,6287,16.0,85.8,4.73,1.67,6,6,False,,0,False
R000315,P0011,43.4,5177,15.3,97.1,6.53,7.55,5,7,True,14:50,40,False
R000316,P0011,85.4,11132,35.4,34.6,5.73,7.64,4,5,False,,0,False
R000317,P0011,59.5,5645,30.1,118.4,7.58,7.16,5,3,False,,0,False
R000318,P0011,62.3,8044,11.6,78.3,4.71,6.35,5,3,False,,0,False
R000319,P0011,54.8,4996,16.5,89.8,4.06,7.23,4,6,False,,0,False
R000320,P0011,82.0,11555,34.2,137.7,4.4,2.75,2,4,False,,0,False
R000321,P0011,59.3,5694,8.9,34.9,8.02,4.22,4,6,False,,0,False
R000322,P0011,68.3,7829,26.6,57.9,3.43,7.72,4,5,False,,0,False
R000323,P0011,60.1,5855,15.2,54.8,5.48,8.01,3,2,False,,0,False
R000324,P0011,47.4,3138,20.3,234.9,6.89,8.24,4,4,True,15:30,92,True
R000325,P0011,62.0,5591,9.1,170.7,6.91,7.95,3,4,False,,0,False
R000326,P0011,63.5,8402,22.8,58.0,4.74,8.54,5,4,False,,0,False
R000327,P0011,82.5,8595,15.1,60.6,2.99,2.58,2,5,False,,0,False
R000328,P0011,53.5,6021,6.2,168.9,4.81,2.6,4,6,False,,0,False
R000329,P0011,60.4,6615,28.5,88.6,4.08,6.75,2,4,False,,0,False
R000330,P0011,81.7,8890,15.5,96.1,5.54,8.63,4,4,False,,0,False
R000331,P0012,29.1,2331,9.2,193.3,8.34,4.58,3,7,False,,0,False
R000332,P0012,5.8,484,11.1,288.2,6.98,4.67,7,4,False,,0,False
R000333,P0012,43.5,5636,15.9,194.5,7.53,7.22,4,4,False,,0,False
R000334,P0012,77.7,7471,16.2,316.0,6.26,3.71,5,3,True,15:26,59,False
R000335,P0012,0.0,22,8.1,238.6,6.86,3.53,5,5,False,,0,False
R000336,P0012,51.2,5542,6.9,229.8,7.82,2.49,4,5,False,,0,False
R000337,P0012,17.0,1538,2.9,323.7,7.04,1.89,6,7,False,,0,False
R000338,P0012,35.0,5341,9.6,201.0,9.74,4.34,5,5,False,,0,False
R000339,P0012,57.9,6909,6.0,157.4,7.01,5.93,3,3,False,,0,True
R000340,P0012,52.3,7873,20.3,246.8,7.67,5.04,5,5,False,,0,False
R000341,P0012,42.1,6711,13.6,170.9,7.04,5.36,3,3,False,,0,True
R000342,P0012,60.3,5195,11.3,256.8,7.57,4.2,4,4,False,,0,False
R000343,P0012,51.0,4303,12.9,226.2,8.46,1.96,5,6,False,,0,False
R000344,P0012,23.5,3291,6.8,288.8,7.55,2.71,8,8,True,16:45,15,False
R000345,P0012,3.1,0,0.0,445.4,8.84,6.28,4,6,True,16:02,15,True
R000346,P0012,0.0,0,0.0,165.5,6.81,5.11,3,3,True,13:08,100,False
R000347,P0012,2.3,1065,13.7,239.2,7.98,5.73,6,4,True,17:43,30,True
R000348,P0012,18.9,980,0.2,249.4,7.55,5.09,2,2,False,,0,False
R000349,P0012,28.0,2453,12.3,266.5,9.13,4.92,7,5,True,14:26,10,False
R000350,P0012,77.2,10047,26.9,231.1,9.94,1.12,6,6,True,15:58,40,False
R000351,P0012,39.1,3400,14.3,192.1,7.43,1.11,3,3,False,,0,False
R000352,P0012,46.6,4415,23.6,214.8,8.55,5.83,4,4,True,16:17,49,False
R000353,P0012,64.9,8852,34.8,209.7,5.41,5.27,5,7,True,15:51,53,True
R000354,P0012,43.3,3903,7.7,600.0,8.68,4.38,6,10,True,15:31,67,True
R000355,P0012,11.0,1187,3.6,204.7,6.86,5.96,2,5,False,,0,False
R000356,P0012,38.9,4467,22.4,200.1,8.87,5.9,4,6,False,,0,False
R000357,P0012,9.9,1364,8.2,228.7,6.07,1.64,6,5,True,17:38,73,True
R000358,P0012,33.6,3078,21.1,226.4,7.24,2.8,4,3,False,,0,False
R000359,P0012,2.2,0,3.5,189.4,8.08,7.48,4,6,False,,0,False
R000360,P0012,28.7,2924,2.0,229.2,7.71,5.63,4,3,False,,0,False
R000361,P0013,109.9,13611,21.1,105.0,2.69,4.81,6,5,True,15:35,44,False
R000362,P0013,94.3,9858,28.1,73.9,5.39,4.88,5,6,False,,0,False
R000363,P0013,74.5,9280,30.5,150.5,4.31,5.88,6,6,False,,0,True
R000364,P0013,62.3,6045,20.9,126.2,2.54,3.68,9,8,True,17:19,58,True
R000365,P0013,23.3,3159,11.0,33.0,2.4,5.64,6,5,False,,0,True
R000366,P0013,113.1,13896,32.2,54.0,5.07,2.05,5,2,False,,0,False
R000367,P0013,51.1,7338,18.9,69.4,4.43,1.93,6,3,True,14:06,52,False
R000368,P0013,69.7,9151,19.0,0.0,4.4,6.27,6,4,True,13:59,27,False
R000369,P0013,78.1,6647,36.3,160.1,3.64,5.88,4,5,True,15:17,21,False
R000370,P0013,80.6,9715,38.6,120.4,4.52,6.0,6,5,False,,0,False
R000371,P0013,49.3,5787,20.0,127.8,5.55,5.79,5,4,False,,0,False
R000372,P0013,56.5,6679,13.9,147.2,3.9,4.96,5,5,False,,0,False
R000373,P0013,56.5,6563,12.3,28.9,4.01,2.38,4,5,True,14:56,47,False
R000374,P0013,92.4,10347,35.4,92.2,6.42,2.17,6,5,True,17:37,106,True
R000375,P0013,18.6,1755,4.0,49.4,1.54,5.7,4,5,True,16:34,45,True
R000376,P0013,80.7,6170,43.3,93.0,2.95,5.69,7,4,False,,0,False
R000377,P0013,69.8,8105,34.5,139.6,1.38,4.9,5,5,True,16:04,10,False
R000378,P0013,85.8,9348,21.4,49.6,3.44,4.75,7,6,False,,0,True
R000379,P0013,80.8,8149,13.2,48.5,4.31,5.72,7,2,False,,0,False
R000380,P0013,73.2,6802,35.9,99.6,3.82,1.73,5,4,False,,0,False
R000381,P0013,54.9,5367,9.5,146.0,4.35,1.24,6,4,False,,0,False
R000382,P0013,62.4,7691,3.3,63.5,3.35,5.52,5,3,False,,0,True
R000383,P0013,38.4,3485,12.0,82.5,3.17,4.5,8,8,False,,0,False
R000384,P0013,43.0,6273,8.0,101.9,2.11,6.7,6,5,False,,0,False
R000385,P0013,70.2,7194,33.9,80.5,3.81,3.91,7,4,True,13:13,25,False
R000386,P0013,60.8,4839,27.0,34.0,5.47,6.13,6,3,True,13:33,84,False
R000387,P0013,90.7,10493,12.5,42.8,3.58,1.75,6,7,False,,0,True
R000388,P0013,80.8,10165,26.0,113.7,3.03,0.8,4,6,False,,0,False
R000389,P0013,74.0,6104,26.3,37.3,4.0,7.53,6,6,False,,0,False
R000390,P0013,69.1,6769,30.3,28.4,2.61,5.47,5,4,True,14:49,43,False
R000391,P0014,103.2,9973,27.1,57.7,3.98,8.53,7,4,False,,0,False
R000392,P0014,87.3,10888,21.8,10.7,5.65,6.7,5,6,False,,0,False
R000393,P0014,69.4,7595,31.2,0.0,5.25,7.72,6,5,False,,0,False
R000394,P0014,112.4,11895,23.2,9.4,5.38,9.32,7,4,True,20:19,86,False
R000395,P0014,70.5,7591,13.9,32.5,4.5,8.02,4,3,False,,0,False
R000396,P0014,103.4,12349,48.6,155.8,5.78,2.4,6,6,False,,0,False
R000397,P0014,94.4,9629,31.9,25.7,6.43,2.76,5,3,False,,0,False
R000398,P0014,95.8,10231,18.7,24.4,4.4,8.36,6,4,True,20:41,70,False
R000399,P0014,74.0,7525,10.5,50.8,5.22,9.8,6,5,True,21:55,51,False
R000400,P0014,77.1,6307,33.6,105.4,3.95,10.91,6,3,False,,0,False
R000401,P0014,66.1,6441,14.8,40.1,5.32,9.02,6,6,False,,0,False
R000402,P0014,123.1,10940,48.9,58.2,3.66,7.79,4,3,False,,0,False
R000403,P0014,84.5,12050,33.1,92.2,6.44,4.85,5,4,False,,0,False
R000404,P0014,82.4,9890,32.1,51.3,2.81,4.42,4,4,True,20:06,70,False
R000405,P0014,94.9,12646,42.9,15.3,6.75,8.7,7,5,False,,0,False
R000406,P0014,76.8,8133,26.5,32.0,4.67,9.94,6,5,False,,0,False
R000407,P0014,81.1,9312,15.9,36.9,2.91,7.85,8,5,True,21:50,69,True
R000408,P0014,95.8,9683,23.9,199.7,3.37,9.53,4,5,True,19:07,28,True
R000409,P0014,77.5,7486,22.7,100.0,4.41,11.26,5,3,False,,0,False
R000410,P0014,83.4,10085,29.1,61.4,5.26,3.06,5,5,True,19:56,53,False
R000411,P0014,103.1,8867,40.0,17.1,4.07,3.8,3,3,False,,0,False
R000412,P0014,79.9,6079,16.2,4.0,3.54,8.79,6,6,False,,0,False
R000413,P0014,80.0,7443,22.7,40.6,4.91,9.96,5,7,True,19:14,37,False
R000414,P0014,59.3,5802,24.4,2.6,3.35,7.85,3,2,True,19:13,62,False
R000415,P0014,85.9,8536,35.9,39.7,4.33,7.13,5,4,True,20:23,36,True
R000416,P0014,121.4,14078,42.7,93.4,5.34,8.22,7,7,False,,0,False
R000417,P0014,69.7,8195,20.9,59.8,5.57,3.58,5,6,False,,0,False
R000418,P0014,74.2,7246,26.3,93.3,7.41,4.53,4,5,False,,0,False
R000419,P0014,93.3,10985,37.7,81.7,3.52,8.88,5,3,False,,0,False
R000420,P0014,115.3,13408,16.9,25.3,3.67,6.58,6,6,False,,0,False
R000421,P0015,25.7,2493,9.1,256.9,10.84,8.67,4,3,False,,0,True
R000422,P0015,24.4,3057,1.8,148.4,6.2,6.62,4,5,False,,0,True
R000423,P0015,42.2,4463,7.4,169.3,7.82,7.44,6,7,True,17:46,60,False
R000424,P0015,8.9,1423,0.0,134.8,7.83,7.03,5,6,False,,0,False
R000425,P0015,56.2,6487,14.3,173.5,8.65,7.3,7,5,False,,0,False
R000426,P0015,4.3,450,13.5,163.1,6.71,1.93,5,7,False,,0,True
R000427,P0015,20.6,2526,6.9,127.5,8.23,3.74,5,5,False,,0,False
R000428,P0015,30.8,4632,7.7,156.6,6.52,5.46,5,5,False,,0,False
R000429,P0015,0.0,482,0.0,141.9,6.75,6.77,6,4,False,,0,False
R000430,P0015,23.8,2912,9.3,186.0,6.12,5.9,6,5,False,,0,True
R000431,P0015,26.1,3377,5.5,187.9,8.3,7.35,7,7,False,,0,False
R000432,P0015,6.3,1221,0.5,146.7,6.32,6.28,5,7,False,,0,False
R000433,P0015,24.0,3702,6.7,146.5,8.11,2.59,6,5,False,,0,False
R000434,P0015,24.2,1899,14.1,122.3,7.25,1.05,4,5,False,,0,False
R000435,P0015,48.1,4954,21.0,142.5,6.32,7.32,5,6,True,17:51,30,True
R000436,P0015,0.0,0,0.0,119.5,7.33,8.76,5,5,False,,0,False
R000437,P0015,14.7,478,12.9,198.2,7.3,6.06,4,3,False,,0,False
R000438,P0015,53.6,5825,20.2,134.6,6.8,7.6,3,5,False,,0,False
R000439,P0015,21.0,2024,0.0,95.0,6.95,6.23,5,3,False,,0,False
R000440,P0015,0.0,271,0.0,117.6,7.89,1.72,7,3,False,,0,False
R000441,P0015,27.1,2380,5.0,178.9,5.63,2.55,5,4,True,15:50,16,True
R000442,P0015,52.6,4284,9.7,125.9,8.19,6.3,5,4,False,,0,False
R000443,P0015,42.0,3877,15.8,102.5,6.61,8.37,4,3,True,16:44,27,False
R000444,P0015,31.3,3118,15.5,234.6,5.89,8.58,4,6,False,,0,False
R000445,P0015,41.9,3767,11.5,217.6,6.7,8.03,6,5,False,,0,False
R000446,P0015,13.0,2495,7.0,187.2,8.0,6.56,5,4,True,15:08,14,False
R000447,P0015,21.5,2085,5.1,106.5,6.74,3.08,4,3,True,14:58,55,False
R000448,P0015,12.8,1364,0.0,94.2,6.66,2.21,6,5,False,,0,True
R000449,P0015,48.8,5256,18.7,205.7,9.45,5.6,7,7,True,13:27,22,True
R000450,P0015,33.9,1366,2.7,129.7,3.98,6.22,3,4,False,,0,False
R000451,P0016,46.4,4538,22.8,81.4,6.55,1.08,5,5,False,,0,False
R000452,P0016,26.3,2781,0.0,123.9,5.95,2.95,4,6,False,,0,False
R000453,P0016,44.1,4802,2.3,194.1,7.93,4.73,6,8,False,,0,False
R000454,P0016,53.8,7460,11.5,130.0,8.82,1.3,6,6,False,,0,False
R000455,P0016,46.1,5010,9.6,71.2,6.35,4.12,8,4,False,,0,False
R000456,P0016,33.5,3217,13.1,193.1,7.85,1.03,5,5,False,,0,False
R000457,P0016,88.2,7571,27.8,109.4,8.46,0.95,3,6,False,,0,False
R000458,P0016,29.5,2733,9.2,148.3,6.74,2.88,4,2,False,,0,False
R000459,P0016,42.3,4100,9.5,112.9,7.52,3.16,4,5,True,14:30,36,False
R000460,P0016,9.0,0,0.0,114.1,7.44,1.63,5,5,True,17:05,30,True
R000461,P0016,62.3,6751,31.8,191.6,6.62,4.0,3,4,True,13:37,44,False
R000462,P0016,35.5,4181,6.0,137.4,8.77,2.92,4,4,False,,0,False
R000463,P0016,47.6,4640,3.5,109.8,7.05,2.44,6,6,False,,0,True
R000464,P0016,35.4,3624,6.6,165.1,7.35,0.09,2,4,False,,0,False
R000465,P0016,14.4,2646,0.0,91.4,8.04,2.65,4,6,True,15:24,41,True
R000466,P0016,34.5,1386,4.2,138.6,6.89,1.5,5,3,False,,0,False
R000467,P0016,51.6,4739,16.1,127.6,7.03,3.82,3,4,False,,0,False
R000468,P0016,36.1,6274,14.4,123.6,5.57,2.41,3,4,True,14:51,30,True
R000469,P0016,35.6,5724,16.9,137.5,6.23,4.25,5,7,False,,0,False
R000470,P0016,37.4,4303,15.5,164.3,7.37,1.4,4,6,False,,0,False
R000471,P0016,38.1,4554,7.4,83.2,8.31,2.28,6,5,False,,0,False
R000472,P0016,42.0,3416,7.3,156.0,7.39,2.86,4,3,True,16:58,57,False
R000473,P0016,7.5,0,4.2,163.0,6.73,1.91,4,3,False,,0,False
R000474,P0016,27.2,2677,19.0,153.5,7.52,6.13,4,5,False,,0,False
R000475,P0016,37.5,3224,6.5,298.6,7.5,5.05,3,4,False,,0,True
R000476,P0016,38.5,5095,7.7,318.0,7.89,2.86,6,4,False,,0,True
R000477,P0016,62.1,7589,21.7,49.7,6.29,1.15,3,5,False,,0,False
R000478,P0016,27.6,3500,6.3,130.8,6.65,1.07,5,6,False,,0,False
R000479,P0016,29.6,2485,14.6,157.0,7.16,3.32,5,4,True,16:49,35,False
R000480,P0016,24.6,3964,15.9,55.2,6.91,3.4,4,5,False,,0,False
R000481,P0017,8.4,899,0.0,268.0,8.17,8.11,8,6,False,,0,True
R000482,P0017,63.1,4756,9.9,252.4,8.39,10.11,7,8,False,,0,False
R000483,P0017,86.9,7020,20.7,236.0,6.15,9.17,8,5,False,,0,False
R000484,P0017,42.3,7617,16.8,309.7,6.89,7.73,8,6,False,,0,False
R000485,P0017,89.9,8998,33.8,268.1,6.16,7.23,6,4,False,,0,False
R000486,P0017,48.8,4303,27.1,345.2,7.46,2.52,7,3,False,,0,False
R000487,P0017,49.7,5131,20.2,316.0,5.14,1.51,6,5,False,,0,False
R000488,P0017,66.5,8669,27.6,307.2,8.18,6.73,8,5,False,,0,False
R000489,P0017,53.1,3868,10.2,298.3,7.12,9.71,6,6,False,,0,False
R000490,P0017,47.1,4435,13.8,299.0,5.0,7.9,8,5,False,,0,False
R000491,P0017,29.3,3521,10.9,311.0,7.55,7.2,9,6,False,,0,False
R000492,P0017,70.8,9909,24.7,374.6,8.5,9.41,6,5,False,,0,False
R000493,P0017,36.7,4943,0.2,254.0,7.75,3.13,6,3,False,,0,False
R000494,P0017,43.7,4528,17.9,228.6,7.42,3.04,8,4,False,,0,False
R000495,P0017,53.4,5169,18.9,320.7,7.86,7.06,7,5,False,,0,False
R000496,P0017,87.0,11042,24.3,281.4,7.61,9.37,4,4,False,,0,False
R000497,P0017,88.1,9835,23.0,295.7,8.55,9.33,5,5,False,,0,False
R000498,P0017,40.0,3101,12.6,271.6,7.51,7.86,8,7,False,,0,False
R000499,P0017,40.8,5382,10.8,295.8,6.84,8.72,6,6,False,,0,False
R000500,P0017,49.2,3632,6.9,331.1,7.1,2.79,7,5,False,,0,False
R000501,P0017,87.8,11840,41.1,263.2,8.52,2.07,10,7,True,17:30,39,True
R000502,P0017,82.2,9865,17.7,232.4,7.67,6.53,7,7,False,,0,False
R000503,P0017,63.3,8720,8.5,273.5,8.44,8.89,6,5,True,16:17,55,True
R000504,P0017,54.1,6041,17.1,259.1,4.63,9.21,8,8,False,,0,False
R000505,P0017,44.7,3726,10.1,287.0,5.18,8.24,6,5,False,,0,False
R000506,P0017,44.7,4492,17.8,370.9,6.77,5.58,7,4,True,15:43,44,False
R000507,P0017,62.0,6021,29.9,267.7,6.36,4.02,8,5,False,,0,True
R000508,P0017,57.9,6875,10.6,365.6,6.61,2.46,8,5,False,,0,False
R000509,P0017,58.4,7350,17.1,273.7,7.14,5.97,8,7,False,,0,False
R000510,P0017,66.8,6378,35.4,273.9,8.29,8.29,8,7,False,,0,False
R000511,P0018,0.0,93,0.0,111.5,1.94,7.16,5,4,False,,0,False
R000512,P0018,36.4,3672,13.5,137.7,2.3,6.56,9,7,False,,0,True
R000513,P0018,0.1,1006,0.0,215.3,2.68,7.67,7,8,False,,0,False
R000514,P0018,9.6,3095,5.1,86.8,2.73,7.63,7,6,False,,0,False
R000515,P0018,31.2,4878,8.1,195.1,3.73,7.19,10,5,False,,0,True
R000516,P0018,12.6,1392,0.0,96.0,4.71,4.47,6,4,True,16:53,55,False
R000517,P0018,11.9,2374,0.0,135.2,2.16,2.22,7,7,False,,0,False
R000518,P0018,20.5,3589,8.6,161.1,2.21,5.37,6,4,False,,0,False
R000519,P0018,26.7,2060,4.2,74.5,3.67,7.26,5,5,False,,0,False
R000520,P0018,21.0,4646,0.0,153.5,4.49,7.29,4,5,False,,0,False
R000521,P0018,30.2,4851,3.4,121.0,3.1,8.08,6,6,True,15:38,10,False
R000522,P0018,9.2,2619,8.2,175.4,2.74,7.29,6,4,False,,0,False
R000523,P0018,0.0,821,0.3,132.3,2.39,1.7,5,4,False,,0,False
R000524,P0018,20.0,3795,0.0,164.0,3.28,2.65,6,5,False,,0,False
R000525,P0018,0.0,1253,0.0,118.3,3.23,7.3,5,5,False,,0,False
R000526,P0018,23.4,2017,11.9,215.5,2.96,7.93,7,5,False,,0,False
R000527,P0018,22.0,3975,4.0,134.0,2.97,7.24,7,5,True,14:23,11,False
R000528,P0018,0.0,1478,0.9,172.3,3.33,9.0,6,7,False,,0,False
R000529,P0018,42.1,6363,15.1,159.6,3.13,8.57,6,8,False,,0,False
R000530,P0018,24.0,1095,0.0,163.6,3.79,3.56,6,6,False,,0,False
R000531,P0018,0.0,0,4.1,159.1,3.12,4.81,6,6,False,,0,False
R000532,P0018,0.0,0,0.4,135.0,2.44,7.55,7,7,False,,0,False
R000533,P0018,0.0,115,0.0,138.5,3.44,7.37,4,5,False,,0,False
R000534,P0018,13.0,647,0.0,88.2,4.95,6.48,5,3,False,,0,False
R000535,P0018,35.4,3556,11.7,134.8,3.85,7.94,6,5,True,13:11,10,False
R000536,P0018,0.0,0,0.0,106.3,4.08,6.28,9,7,False,,0,False
R000537,P0018,6.9,0,3.3,153.7,0.99,3.22,7,6,False,,0,False
R000538,P0018,2.9,0,3.6,143.0,3.71,1.96,5,3,False,,0,True
R000539,P0018,0.0,0,1.0,227.0,2.6,7.17,7,8,False,,0,False
R000540,P0018,14.8,1745,6.9,211.1,4.15,7.45,8,5,False,,0,True
R000541,P0019,94.8,11355,14.9,0.0,5.23,8.19,7,3,False,,0,False
R000542,P0019,97.3,11068,19.3,0.0,4.32,8.1,7,5,False,,0,False
R000543,P0019,64.7,5428,12.3,74.0,4.52,8.98,7,7,False,,0,False
R000544,P0019,65.8,6015,24.4,0.0,5.96,8.88,5,6,False,,0,False
R000545,P0019,127.9,15798,19.8,6.7,4.69,8.13,8,4,False,,0,False
R000546,P0019,100.7,11438,18.3,62.3,4.16,2.23,6,3,True,15:48,68,False
R000547,P0019,75.6,8608,23.1,0.0,4.33,2.26,5,5,True,17:16,38,False
R000548,P0019,70.5,7966,10.9,0.0,4.7,8.25,4,5,False,,0,False
R000549,P0019,50.4,6065,21.5,0.0,5.33,9.36,4,4,False,,0,False
R000550,P0019,88.0,8919,18.8,32.0,5.17,10.92,5,5,True,14:31,56,False
R000551,P0019,99.6,12394,39.8,67.5,3.02,8.56,7,4,False,,0,False
R000552,P0019,94.8,10649,19.4,31.9,5.54,8.3,7,4,False,,0,False
R000553,P0019,91.7,9848,27.4,0.0,3.61,2.92,7,8,True,16:56,64,False
R000554,P0019,82.0,9103,18.8,0.0,3.26,1.4,5,3,False,,0,False
R000555,P0019,79.3,7302,31.4,0.0,3.13,8.55,4,2,False,,0,False
R000556,P0019,103.2,12245,37.3,0.0,5.39,8.71,5,4,True,17:04,50,False
R000557,P0019,78.1,9113,31.4,0.0,1.9,8.13,4,3,False,,0,False
R000558,P0019,109.3,13752,26.0,28.9,4.82,9.04,5,5,False,,0,False
R000559,P0019,61.8,7044,24.2,47.4,3.14,8.07,7,4,False,,0,False
R000560,P0019,88.0,11050,21.8,32.9,3.83,4.15,5,7,False,,0,False
R000561,P0019,66.4,7449,5.0,52.6,5.66,2.12,7,6,False,,0,False
R000562,P0019,87.9,10187,32.5,19.3,5.04,8.93,6,4,False,,0,False
R000563,P0019,74.1,9387,7.8,0.0,3.7,7.6,6,4,False,,0,False
R000564,P0019,68.0,7308,36.9,0.0,4.79,10.08,4,5,False,,0,False
R000565,P0019,15.0,604,0.0,0.0,4.46,7.67,5,5,True,16:02,49,True
R000566,P0019,82.4,10000,9.7,0.0,4.18,8.34,7,3,False,,0,False
R000567,P0019,105.8,12018,44.9,0.0,1.73,3.04,7,3,False,,0,False
R000568,P0019,74.2,8080,30.4,34.6,3.17,3.22,6,4,False,,0,False
R000569,P0019,96.2,9222,15.1,36.2,6.37,9.29,5,4,False,,0,True
R000570,P0019,81.6,8918,28.8,47.1,3.34,9.26,8,8,False,,0,False
R000571,P0020,30.5,1764,10.5,291.3,3.59,6.51,5,6,False,,0,False
R000572,P0020,14.0,1367,2.9,274.2,3.82,8.57,5,6,False,,0,False
R000573,P0020,19.7,2667,6.8,330.1,4.99,8.6,6,4,False,,0,False
R000574,P0020,18.0,596,4.5,270.2,2.74,5.12,7,5,True,13:35,25,False
R000575,P0020,11.4,2085,1.7,230.8,3.73,7.41,6,5,False,,0,True
R000576,P0020,34.9,4900,18.6,234.6,4.66,3.01,7,7,False,,0,False
R000577,P0020,43.0,4281,16.1,251.5,3.48,3.93,6,7,False,,0,False
R000578,P0020,43.4,5078,18.5,309.7,4.74,7.24,6,7,False,,0,False
R000579,P0020,5.5,0,3.7,295.5,2.22,6.43,7,3,True,14:43,14,False
R000580,P0020,14.7,1761,15.9,226.5,3.06,7.69,7,7,True,13:06,32,False
R000581,P0020,29.6,3606,13.5,253.0,2.99,7.93,8,6,True,13:14,10,False
R000582,P0020,20.1,3494,17.5,291.3,3.8,7.35,7,8,False,,0,False
R000583,P0020,47.5,4610,24.7,309.7,3.09,2.47,8,6,False,,0,False
R000584,P0020,72.2,8885,25.4,242.2,3.76,2.82,5,4,False,,0,False
R000585,P0020,52.1,3582,3.6,283.7,2.87,7.78,7,6,False,,0,False
R000586,P0020,19.4,4131,6.6,284.2,4.25,6.7,6,6,False,,0,False
R000587,P0020,14.6,2073,8.5,293.7,4.61,6.87,7,6,False,,0,False
R000588,P0020,0.0,0,2.0,293.9,5.13,6.86,7,6,False,,0,False
R000589,P0020,27.9,2059,8.5,249.3,3.81,7.14,6,6,False,,0,False
R000590,P0020,60.5,8442,22.3,344.4,3.48,2.83,8,4,True,14:08,88,False
R000591,P0020,27.6,2283,8.1,247.3,5.25,2.22,7,5,False,,0,False
R000592,P0020,8.3,939,0.0,319.4,2.8,7.8,5,5,False,,0,False
R000593,P0020,39.6,3002,11.8,326.5,2.93,7.64,6,5,False,,0,False
R000594,P0020,18.4,1120,6.6,216.3,1.61,8.1,7,5,False,,0,False
R000595,P0020,25.8,3013,10.3,389.3,3.37,9.34,6,5,False,,0,True
R000596,P0020,27.6,2930,3.1,340.1,4.27,8.62,8,6,False,,0,False
R000597,P0020,74.7,7612,30.8,347.3,4.88,0.0,8,5,False,,0,False
R000598,P0020,28.5,2296,8.5,365.5,4.05,1.81,5,6,False,,0,False
R000599,P0020,37.1,3661,7.4,252.9,5.06,8.25,8,4,False,,0,False
R000600,P0020,52.3,6067,10.2,174.5,3.52,5.01,7,7,True,14:17,10,True
R000601,P0021,0.0,0,2.2,30.7,1.33,5.06,6,4,True,14:24,44,False
R000602,P0021,0.0,874,1.5,56.6,3.22,6.63,7,6,False,,0,True
R000603,P0021,15.1,866,1.1,67.1,2.22,3.56,6,6,False,,0,False
R000604,P0021,0.0,814,8.9,79.0,1.89,5.67,8,8,False,,0,False
R000605,P0021,15.9,1641,12.9,75.5,2.27,6.67,6,5,True,17:01,42,False
R000606,P0021,0.0,1599,12.2,62.7,3.42,3.16,9,6,False,,0,False
R000607,P0021,40.9,5380,6.6,0.0,1.81,2.16,5,6,True,13:29,69,False
R000608,P0021,3.0,0,0.0,118.7,3.17,7.03,8,8,True,15:09,10,False
R000609,P0021,35.7,4836,15.1,0.0,1.86,5.94,7,5,False,,0,False
R000610,P0021,6.9,1533,0.0,0.0,3.02,4.35,8,4,True,17:20,25,False
R000611,P0021,0.0,0,3.9,76.5,1.32,5.44,7,5,False,,0,False
R000612,P0021,0.0,0,2.3,142.6,4.16,5.42,5,5,False,,0,True
R000613,P0021,39.6,3631,10.6,0.0,1.7,1.06,7,5,True,15:31,44,False
R000614,P0021,11.9,908,0.9,0.0,7.58,2.7,7,5,False,,0,True
R000615,P0021,20.0,1244,0.0,0.0,1.85,5.7,7,6,False,,0,False
R000616,P0021,0.0,0,0.0,61.2,3.36,6.12,7,6,False,,0,False
R000617,P0021,54.7,6191,27.6,62.9,3.19,5.26,7,7,True,15:50,53,False
R000618,P0021,1.7,0,0.0,0.0,1.67,6.28,7,3,True,17:18,95,True
R000619,P0021,25.1,2680,6.5,39.1,1.41,6.15,7,6,False,,0,False
R000620,P0021,1.6,708,0.0,77.0,1.59,0.92,7,6,True,17:33,76,False
R000621,P0021,0.0,0,7.2,255.9,1.76,1.55,9,6,True,15:01,86,True
R000622,P0021,1.1,0,7.2,89.7,2.47,5.12,6,7,False,,0,True
R000623,P0021,0.0,0,0.1,0.0,1.69,5.21,6,4,True,13:33,27,False
R000624,P0021,4.4,1082,8.2,68.5,1.49,6.45,7,2,False,,0,False
R000625,P0021,0.5,0,0.0,0.0,1.91,5.96,8,6,False,,0,False
R000626,P0021,12.5,896,0.0,26.4,4.06,6.25,7,6,False,,0,False
R000627,P0021,1.3,555,0.0,8.0,2.9,2.23,8,6,True,14:06,82,True
R000628,P0021,3.8,15,3.1,155.9,3.19,2.34,7,6,True,15:41,90,False
R000629,P0021,15.8,1167,4.7,16.4,3.47,4.58,7,6,False,,0,False
R000630,P0021,0.0,426,2.5,18.5,2.73,3.23,7,8,False,,0,False
R000631,P0022,66.3,8791,18.0,139.1,6.14,7.0,5,3,False,,0,False
R000632,P0022,10.7,1315,3.0,204.4,7.21,5.98,5,3,True,13:35,13,False
R000633,P0022,47.5,7007,12.6,147.9,7.95,7.46,3,2,False,,0,False
R000634,P0022,39.6,4414,10.6,145.9,7.87,7.58,5,4,False,,0,False
R000635,P0022,14.1,3061,6.4,102.6,5.76,6.3,2,3,False,,0,True
R000636,P0022,35.9,2571,1.7,354.8,9.45,1.57,6,10,False,,0,True
R000637,P0022,14.2,1954,0.0,80.7,8.41,2.6,5,5,False,,0,False
R000638,P0022,49.8,6063,14.1,151.6,5.99,5.35,4,3,False,,0,False
R000639,P0022,34.4,4994,8.8,99.9,7.22,7.75,7,6,False,,0,False
R000640,P0022,11.6,192,3.5,140.6,5.68,7.12,4,6,False,,0,False
R000641,P0022,56.8,7529,7.8,177.5,5.18,6.43,5,3,False,,0,False
R000642,P0022,25.2,2027,10.8,100.6,7.49,4.86,2,3,False,,0,False
R000643,P0022,35.5,4311,16.4,92.3,6.29,4.13,2,5,False,,0,False
R000644,P0022,75.1,8418,22.0,135.2,6.62,2.45,3,3,False,,0,False
R000645,P0022,50.1,6230,17.4,99.9,6.08,6.21,3,4,True,17:59,27,False
R000646,P0022,27.9,3234,0.0,201.8,5.79,7.23,3,4,False,,0,False
R000647,P0022,17.7,1659,1.6,145.4,7.33,6.39,7,7,True,14:25,43,True
R000648,P0022,7.7,391,0.0,129.9,5.22,7.7,5,3,False,,0,True
R000649,P0022,59.8,6553,32.6,223.6,7.36,4.82,5,4,True,15:39,44,False
R000650,P0022,23.2,2495,0.4,174.3,7.52,2.18,4,5,False,,0,False
R000651,P0022,15.7,1878,3.8,154.8,6.02,3.19,5,3,False,,0,False
R000652,P0022,19.0,3179,2.3,176.7,6.14,6.65,5,4,False,,0,False
R000653,P0022,47.6,6771,20.3,230.5,6.4,5.89,6,5,False,,0,False
R000654,P0022,45.4,4875,23.6,127.7,5.48,6.18,5,5,False,,0,False
R000655,P0022,32.4,2783,16.2,91.1,6.47,6.82,3,3,False,,0,False
R000656,P0022,26.8,4394,1.9,126.5,6.09,5.41,4,7,False,,0,False
R000657,P0022,32.5,3874,7.2,133.9,7.72,1.82,2,6,False,,0,True
R000658,P0022,65.6,7195,7.8,241.1,6.21,1.53,4,6,False,,0,False
R000659,P0022,38.2,3771,19.0,128.5,4.23,6.16,4,4,False,,0,False
R000660,P0022,51.7,4758,13.7,150.4,7.25,4.32,4,3,False,,0,False
R000661,P0023,42.3,4421,3.5,249.8,5.99,6.14,7,5,False,,0,False
R000662,P0023,28.6,2884,3.7,292.2,4.2,7.36,5,4,False,,0,False
R000663,P0023,39.0,3428,11.7,294.4,4.61,7.11,7,5,True,14:36,44,False
R000664,P0023,43.4,4758,24.8,255.9,5.45,8.41,8,5,False,,0,False
R000665,P0023,36.4,5113,19.0,240.0,5.67,6.13,10,6,False,,0,False
R000666,P0023,14.8,1854,9.8,256.4,4.71,1.39,7,5,True,15:02,30,False
R000667,P0023,11.7,840,9.8,280.8,4.29,1.85,9,7,False,,0,False
R000668,P0023,54.7,5624,27.1,192.0,6.87,9.43,8,6,False,,0,False
R000669,P0023,25.1,1768,9.4,284.6,5.78,6.54,7,4,False,,0,False
R000670,P0023,48.3,6483,8.7,301.6,6.28,6.61,8,5,True,15:49,75,False
R000671,P0023,63.9,7933,21.4,313.8,6.25,8.63,7,6,False,,0,False
R000672,P0023,43.6,4165,13.0,247.0,9.58,9.31,7,5,False,,0,True
R000673,P0023,30.7,1773,0.0,212.8,6.05,2.54,5,5,False,,0,False
R000674,P0023,61.9,5462,14.7,229.9,4.7,3.19,8,7,False,,0,False
R000675,P0023,28.4,3227,2.7,283.4,5.35,7.56,7,6,False,,0,False
R000676,P0023,9.3,490,2.2,322.6,4.74,5.56,7,5,True,13:24,18,False
R000677,P0023,43.1,5290,25.7,316.1,6.91,6.49,8,4,False,,0,False
R000678,P0023,70.9,10115,28.0,293.2,3.05,6.12,6,5,False,,0,False
R000679,P0023,9.5,708,8.9,301.8,3.16,7.88,8,6,False,,0,False
R000680,P0023,46.4,3599,10.1,188.5,4.11,2.14,6,6,False,,0,True
R000681,P0023,86.8,8998,18.8,300.8,3.97,0.0,8,9,False,,0,False
R000682,P0023,59.3,8098,18.5,286.7,6.5,5.99,8,4,True,17:51,37,False
R000683,P0023,42.6,4671,19.7,201.5,1.98,6.75,7,5,False,,0,False
R000684,P0023,59.3,5762,26.8,294.5,4.89,6.43,8,6,False,,0,False
R000685,P0023,17.8,2429,6.8,272.8,3.93,6.25,7,5,True,16:17,23,False
R000686,P0023,33.3,3001,13.8,235.9,6.64,7.16,9,7,False,,0,False
R000687,P0023,52.2,3303,20.7,203.9,5.95,3.56,6,5,False,,0,False
R000688,P0023,33.9,1302,0.0,283.2,4.83,2.28,8,7,True,13:02,87,False
R000689,P0023,49.4,4323,21.2,263.8,3.28,6.88,9,6,False,,0,False
R000690,P0023,52.0,3158,16.0,337.3,5.54,6.37,7,3,False,,0,False
R000691,P0024,26.0,3176,19.4,22.2,2.69,6.82,3,6,False,,0,False
R000692,P0024,28.8,3227,1.6,0.0,4.15,6.67,4,3,True,14:21,29,False
R000693,P0024,40.5,5458,8.8,21.7,2.27,6.77,6,5,False,,0,False
R000694,P0024,0.0,874,0.0,0.0,3.31,6.49,4,4,True,13:53,54,True
R000695,P0024,25.1,2876,3.6,92.3,2.34,7.83,4,8,False,,0,False
R000696,P0024,12.2,2952,1.8,0.0,3.68,3.76,5,5,False,,0,False
R000697,P0024,40.2,4636,14.8,82.5,3.64,3.91,5,6,False,,0,False
R000698,P0024,6.6,1837,0.0,81.1,3.12,5.65,4,7,False,,0,True
R000699,P0024,10.1,516,0.0,29.4,2.7,9.18,6,6,False,,0,False
R000700,P0024,44.9,3606,12.5,86.7,4.1,6.81,1,3,False,,0,False
R000701,P0024,67.3,6841,19.2,71.3,5.62,6.93,4,4,False,,0,False
R000702,P0024,18.7,1261,4.5,86.9,5.14,7.12,6,4,False,,0,False
R000703,P0024,30.6,5237,5.3,0.0,4.1,1.76,3,4,True,17:01,49,False
R000704,P0024,12.7,78,3.8,109.5,4.07,1.43,5,6,False,,0,False
R000705,P0024,29.3,3946,2.2,22.1,4.41,6.56,4,4,True,14:26,39,False
R000706,P0024,19.3,3530,0.5,12.9,3.91,5.9,4,2,False,,0,False
R000707,P0024,37.8,4623,13.9,73.0,5.24,6.74,4,5,True,17:34,78,True
R000708,P0024,35.6,5231,12.7,66.6,6.76,5.54,7,8,True,16:57,32,True
R000709,P0024,43.1,4868,21.4,0.0,3.81,5.35,3,3,False,,0,False
R000710,P0024,38.5,5413,11.2,80.3,4.32,1.77,3,6,False,,0,False
R000711,P0024,33.0,3081,12.9,37.7,3.72,2.94,6,4,False,,0,False
R000712,P0024,13.8,594,8.5,53.9,7.23,6.54,5,5,False,,0,True
R000713,P0024,26.6,2396,4.0,19.5,1.89,6.4,5,4,False,,0,False
R000714,P0024,38.3,4333,5.6,213.5,2.84,5.44,4,6,True,13:00,91,True
R000715,P0024,43.0,5690,7.8,27.9,4.27,6.26,4,5,False,,0,False
R000716,P0024,28.4,3308,3.0,19.9,4.19,7.34,5,6,False,,0,False
R000717,P0024,25.2,3455,5.3,0.0,3.75,2.34,5,5,False,,0,False
R000718,P0024,25.3,2299,11.7,20.0,1.96,1.9,4,4,False,,0,False
R000719,P0024,10.4,511,3.1,0.0,3.33,7.05,4,6,False,,0,False
R000720,P0024,11.5,2454,0.3,27.1,4.18,5.19,4,4,True,15:28,35,False
R000721,P0025,40.3,2802,8.3,192.8,5.9,9.08,10,7,False,,0,False
R000722,P0025,27.3,2381,9.1,265.3,3.32,7.1,10,9,False,,0,False
R000723,P0025,56.8,6977,5.2,227.6,4.63,7.98,9,6,False,,0,False
R000724,P0025,68.3,8281,29.5,242.1,6.02,8.98,8,7,False,,0,False
R000725,P0025,70.9,9658,31.3,217.4,5.55,9.01,8,8,False,,0,False
R000726,P0025,77.5,11549,19.3,174.2,4.25,3.22,9,8,False,,0,False
R000727,P0025,42.2,3838,6.3,290.0,3.47,3.6,8,6,False,,0,False
R000728,P0025,56.3,6670,16.9,239.6,1.44,8.36,10,5,False,,0,False
R000729,P0025,59.7,5882,4.4,184.4,6.34,8.46,7,4,False,,0,True
R000730,P0025,43.8,2737,17.5,185.6,3.9,9.21,8,4,True,15:29,29,False
R000731,P0025,43.1,5030,3.4,264.8,2.08,7.76,10,6,True,17:09,46,False
R000732,P0025,64.7,6830,18.0,281.4,1.87,8.59,9,4,False,,0,False
R000733,P0025,6.6,0,0.0,291.9,1.76,2.99,9,8,True,17:00,18,True
R000734,P0025,70.2,7018,18.5,250.1,3.29,5.08,8,4,False,,0,False
R000735,P0025,4.4,992,10.4,203.3,2.07,9.69,9,3,False,,0,True
R000736,P0025,48.5,5443,11.6,388.3,3.77,8.84,8,6,False,,0,True
R000737,P0025,46.9,5537,13.3,177.8,5.51,8.8,8,6,False,,0,False
R000738,P0025,42.8,4538,8.8,300.2,4.4,9.02,10,4,False,,0,False
R000739,P0025,32.7,2507,10.2,269.0,6.55,7.74,10,3,False,,0,True
R000740,P0025,58.5,7244,27.9,224.5,4.0,5.33,8,4,False,,0,False
R000741,P0025,42.9,3582,10.1,310.9,3.72,2.62,9,6,False,,0,False
R000742,P0025,15.4,1966,8.5,260.3,4.8,9.62,8,3,False,,0,True
R000743,P0025,59.3,5366,14.7,240.3,4.28,5.89,10,7,False,,0,False
R000744,P0025,50.9,5017,12.2,236.9,5.29,10.18,9,5,False,,0,False
R000745,P0025,57.4,5973,24.9,210.3,6.17,10.07,9,7,False,,0,False
R000746,P0025,18.1,541,9.2,270.2,2.75,9.37,9,6,False,,0,False
R000747,P0025,37.7,4221,12.2,258.5,3.55,3.35,8,7,False,,0,False
R000748,P0025,31.6,3592,13.3,207.6,2.38,2.81,10,5,False,,0,True
R000749,P0025,50.4,5888,12.8,240.6,2.17,7.8,10,5,False,,0,False
R000750,P0025,43.2,4791,10.5,243.4,4.16,9.88,10,6,False,,0,False
R000751,P0026,51.9,5633,10.2,196.3,3.83,8.47,4,4,False,,0,False
R000752,P0026,78.2,9347,14.6,268.8,8.36,8.95,5,4,False,,0,True
R000753,P0026,17.7,1548,4.7,227.9,3.81,9.15,4,3,True,16:24,10,True
R000754,P0026,86.7,11114,44.5,191.4,5.73,8.92,5,10,False,,0,False
R000755,P0026,58.3,5408,15.7,161.0,2.32,9.45,5,3,False,,0,False
R000756,P0026,56.8,7994,10.6,188.4,4.12,3.75,4,4,False,,0,False
R000757,P0026,37.7,4700,12.7,239.4,4.56,2.02,4,3,False,,0,False
R000758,P0026,29.9,3167,9.3,127.9,5.01,8.18,6,5,False,,0,True
R000759,P0026,81.4,10149,28.5,176.7,6.12,11.66,7,3,False,,0,True
R000760,P0026,38.4,5459,10.5,134.9,5.94,9.97,5,4,False,,0,False
R000761,P0026,46.1,6054,12.5,318.1,4.77,9.18,5,4,True,17:10,64,False
R000762,P0026,58.6,6412,7.3,235.6,5.48,8.8,3,3,False,,0,True
R000763,P0026,47.9,6777,19.0,200.9,5.68,4.57,7,4,False,,0,False
R000764,P0026,52.1,6577,23.3,268.2,4.63,4.93,5,6,True,15:29,51,False
R000765,P0026,36.3,5421,25.5,235.1,5.07,9.43,5,4,False,,0,False
R000766,P0026,38.3,4354,2.9,201.2,4.76,8.75,5,3,False,,0,False
R000767,P0026,38.4,4250,18.0,174.5,3.0,8.54,7,6,False,,0,False
R000768,P0026,58.2,6822,24.1,180.6,4.25,8.42,4,3,False,,0,False
R000769,P0026,54.5,5892,11.6,242.3,3.65,7.68,5,5,False,,0,False
R000770,P0026,44.0,4177,13.9,174.3,2.22,2.77,7,7,True,13:43,51,False
R000771,P0026,34.2,3652,2.5,182.8,5.58,3.84,5,5,False,,0,False
R000772,P0026,46.8,2956,13.3,351.9,2.99,10.24,6,4,True,17:33,55,True
R000773,P0026,8.5,849,3.4,187.9,5.09,9.29,4,5,False,,0,True
R000774,P0026,54.0,6696,17.9,162.6,3.75,8.85,5,6,False,,0,False
R000775,P0026,73.9,8509,29.6,116.7,4.83,10.16,3,4,False,,0,False
R000776,P0026,50.0,6628,33.1,260.6,3.38,9.92,5,5,False,,0,False
R000777,P0026,45.7,5737,4.0,155.0,3.99,2.31,6,6,False,,0,False
R000778,P0026,58.6,5497,18.7,245.5,2.56,2.81,4,6,False,,0,True
R000779,P0026,50.9,5096,21.5,158.9,5.74,8.04,6,6,False,,0,False
R000780,P0026,46.0,4547,12.4,230.3,4.24,10.15,4,4,False,,0,False
R000781,P0027,101.6,11444,36.6,156.1,6.74,7.4,6,5,False,,0,False
R000782,P0027,93.6,9405,20.8,55.1,7.59,5.38,6,3,False,,0,False
R000783,P0027,67.3,7600,24.4,46.7,6.57,5.84,9,6,False,,0,False
R000784,P0027,51.1,7703,18.2,95.9,6.91,6.39,7,6,False,,0,False
R000785,P0027,69.7,9630,24.5,78.3,10.24,7.87,9,7,False,,0,True
R000786,P0027,47.7,4827,26.6,144.5,8.79,1.9,7,6,False,,0,False
R000787,P0027,55.1,6218,15.2,96.0,6.22,2.75,5,6,False,,0,False
R000788,P0027,73.2,8430,31.8,11.5,5.27,6.42,7,4,False,,0,False
R000789,P0027,81.7,9124,14.5,79.6,6.67,6.29,8,4,False,,0,False
R000790,P0027,45.5,3594,10.7,111.4,6.36,5.43,6,4,False,,0,False
R000791,P0027,31.6,3584,11.5,87.5,7.34,7.7,8,5,False,,0,False
R000792,P0027,54.3,5871,26.3,37.7,4.51,7.83,6,7,False,,0,False
R000793,P0027,67.8,8385,9.6,136.4,6.14,4.07,8,6,True,14:25,21,False
R000794,P0027,49.9,5565,9.1,133.2,8.91,3.67,7,8,True,17:46,50,False
R000795,P0027,45.2,4943,22.6,134.1,7.88,6.94,7,5,False,,0,False
R000796,P0027,50.9,5048,16.3,134.4,6.65,7.52,7,5,False,,0,False
R000797,P0027,86.8,9695,13.3,163.2,5.81,6.51,10,6,False,,0,True
R000798,P0027,98.0,12177,41.1,174.4,7.23,6.46,7,7,False,,0,False
R000799,P0027,62.3,6613,14.2,196.4,5.64,6.12,6,5,False,,0,False
R000800,P0027,64.6,7748,18.2,174.6,6.94,2.65,6,4,False,,0,False
R000801,P0027,44.2,2808,15.3,180.6,4.79,1.01,8,5,False,,0,False
R000802,P0027,70.1,7990,23.6,186.2,5.71,7.39,7,6,False,,0,False
R000803,P0027,74.4,7187,9.7,165.0,5.06,7.77,7,6,False,,0,False
R000804,P0027,42.0,3893,1.1,23.7,7.42,6.25,7,6,False,,0,False
R000805,P0027,56.4,5494,0.0,107.7,5.74,7.45,7,6,False,,0,False
R000806,P0027,67.7,7156,12.4,113.4,7.09,7.1,7,9,False,,0,False
R000807,P0027,31.2,3540,14.9,141.0,6.66,3.16,7,4,False,,0,True
R000808,P0027,30.8,3518,14.5,149.9,5.14,1.71,7,7,True,16:42,65,False
R000809,P0027,48.7,6054,13.1,131.0,7.26,6.77,10,5,False,,0,False
R000810,P0027,61.5,5857,18.8,86.7,6.07,7.49,9,7,False,,0,True
R000811,P0028,25.0,2461,9.3,180.2,3.57,7.92,4,5,False,,0,False
R000812,P0028,37.1,1812,6.6,184.4,2.93,8.71,1,4,False,,0,False
R000813,P0028,27.9,3155,3.0,124.8,4.39,8.54,3,5,False,,0,False
R000814,P0028,67.1,8939,19.8,106.4,4.58,9.89,2,6,False,,0,False
R000815,P0028,36.7,5269,17.2,241.3,4.72,8.84,4,5,False,,0,False
R000816,P0028,52.7,4400,13.8,210.4,4.91,4.78,4,3,True,17:36,24,False
R000817,P0028,28.9,2756,7.7,231.2,4.0,2.23,3,5,False,,0,False
R000818,P0028,28.3,4722,11.3,220.0,4.26,9.07,3,3,False,,0,False
R000819,P0028,39.6,4380,16.5,128.0,6.05,7.87,2,3,False,,0,False
R000820,P0028,40.7,2281,13.7,197.6,5.61,9.47,5,6,False,,0,False
R000821,P0028,45.1,5121,18.4,353.9,4.99,9.19,2,2,True,13:56,48,True
R000822,P0028,36.0,3164,11.4,148.6,4.17,7.79,3,4,False,,0,False
R000823,P0028,41.3,4222,9.0,129.1,5.38,3.05,3,4,False,,0,False
R000824,P0028,50.9,7193,14.9,287.7,5.4,2.53,2,4,False,,0,False
R000825,P0028,65.1,7075,16.7,140.0,5.34,7.05,1,3,True,13:01,10,False
R000826,P0028,21.9,2971,3.2,212.5,2.86,7.49,2,1,False,,0,False
R000827,P0028,27.9,3295,12.0,135.9,5.4,8.9,2,5,True,14:05,54,False
R000828,P0028,44.1,4739,16.1,177.4,5.98,8.63,1,2,False,,0,False
R000829,P0028,39.9,3348,8.5,141.4,3.89,8.98,2,2,False,,0,False
R000830,P0028,50.2,7426,13.7,79.3,7.27,4.55,3,3,True,15:57,27,True
R000831,P0028,43.2,3970,12.7,181.5,4.42,4.32,4,6,False,,0,False
R000832,P0028,29.4,4491,1.8,57.7,3.93,9.32,2,4,False,,0,False
R000833,P0028,19.5,773,0.4,95.1,5.91,8.8,2,4,False,,0,False
R000834,P0028,41.0,3860,17.6,126.8,3.77,9.47,3,6,False,,0,False
R000835,P0028,31.7,3332,19.0,196.6,5.86,10.21,2,5,False,,0,False
R000836,P0028,36.4,3441,6.7,168.4,4.31,10.23,4,3,False,,0,False
R000837,P0028,60.6,7896,13.8,143.8,4.44,3.46,4,5,False,,0,False
R000838,P0028,16.7,702,0.6,360.3,4.0,5.0,3,3,False,,0,True
R000839,P0028,63.1,7220,21.1,120.0,6.14,7.76,3,4,False,,0,False
R000840,P0028,0.8,170,0.0,175.5,4.59,11.4,5,5,False,,0,False
R000841,P0029,84.5,9063,30.6,130.6,3.87,5.69,6,6,False,,0,False
R000842,P0029,115.1,16735,32.6,29.1,3.07,6.87,7,4,False,,0,False
R000843,P0029,99.3,8662,43.3,151.1,3.76,6.29,6,5,False,,0,False
R000844,P0029,86.8,7914,8.0,17.6,3.2,5.31,6,6,False,,0,True
R000845,P0029,77.1,9215,15.4,95.1,2.96,5.9,6,8,False,,0,False
R000846,P0029,77.8,9205,10.1,73.6,2.73,1.64,5,6,False,,0,False
R000847,P0029,92.6,9476,25.2,109.5,4.1,2.7,5,4,True,13:22,44,True
R000848,P0029,102.5,10182,37.3,208.5,3.26,4.67,6,8,False,,0,False
R000849,P0029,86.0,9504,32.5,99.2,3.52,4.37,6,5,False,,0,False
R000850,P0029,83.2,8276,14.2,133.1,3.53,5.28,4,5,False,,0,False
R000851,P0029,49.7,5240,13.0,121.7,3.18,6.6,6,4,False,,0,False
R000852,P0029,63.5,6346,25.3,172.0,2.22,6.84,5,5,False,,0,False
R000853,P0029,76.0,8903,20.1,29.4,4.14,0.33,6,4,False,,0,False
R000854,P0029,62.3,6222,21.1,100.0,3.25,2.55,5,6,False,,0,True
R000855,P0029,101.5,7734,16.6,158.4,1.79,6.54,5,9,False,,0,True
R000856,P0029,82.7,10424,36.8,37.0,2.99,4.91,5,4,False,,0,False
R000857,P0029,84.5,10939,28.8,147.0,3.6,3.97,6,4,False,,0,False
R000858,P0029,134.9,17033,28.9,115.6,1.39,5.33,5,4,False,,0,False
R000859,P0029,85.5,9469,22.9,71.1,1.69,6.12,5,6,False,,0,False
R000860,P0029,75.3,8626,17.9,80.6,1.92,1.28,5,4,False,,0,False
R000861,P0029,87.5,9106,39.0,0.9,1.85,2.35,5,3,False,,0,False
R000862,P0029,68.2,7608,20.4,109.2,2.94,6.39,8,7,False,,0,False
R000863,P0029,92.1,9416,42.4,117.9,2.45,5.5,6,6,False,,0,False
R000864,P0029,108.1,11629,45.0,146.1,4.06,6.39,6,4,True,13:31,65,False
R000865,P0029,56.3,7260,22.3,129.5,1.76,6.13,4,5,False,,0,False
R000866,P0029,102.0,11530,13.2,66.4,3.27,6.15,5,6,False,,0,False
R000867,P0029,99.6,9720,25.0,145.6,3.04,2.3,5,1,True,15:58,62,False
R000868,P0029,70.5,9538,13.0,20.1,7.52,2.03,5,4,False,,0,True
R000869,P0029,114.8,13691,33.5,84.0,3.92,7.61,7,5,True,14:11,51,True
R000870,P0029,95.5,12474,40.9,176.1,2.38,5.89,5,8,False,,0,False
R000871,P0030,30.7,2313,9.7,152.3,4.89,9.06,6,6,False,,0,False
R000872,P0030,38.5,3956,7.9,216.7,7.3,7.91,7,5,True,13:32,22,False
R000873,P0030,21.5,2179,8.1,282.8,8.28,5.66,6,5,False,,0,False
R000874,P0030,20.4,3476,4.5,258.2,6.39,9.39,6,6,False,,0,False
R000875,P0030,29.0,2819,3.3,217.5,5.31,7.26,5,5,False,,0,False
R000876,P0030,21.9,3536,2.4,254.2,5.79,2.36,6,3,False,,0,False
R000877,P0030,21.7,1499,0.0,222.4,5.89,3.17,5,4,False,,0,False
R000878,P0030,16.0,1697,0.0,196.8,5.31,9.64,5,4,False,,0,False
R000879,P0030,60.7,4230,10.1,273.9,5.68,8.88,6,4,False,,0,False
R000880,P0030,43.6,4860,5.7,231.6,4.87,10.76,5,3,False,,0,False
R000881,P0030,6.5,707,0.0,232.5,5.01,7.94,5,6,False,,0,False
R000882,P0030,45.4,5753,15.5,198.9,5.99,8.42,6,4,False,,0,False
R000883,P0030,0.0,1235,0.7,89.0,5.54,3.04,5,5,False,,0,False
R000884,P0030,15.9,2222,0.0,181.4,9.06,1.11,7,6,False,,0,False
R000885,P0030,25.7,3414,13.2,145.9,3.94,10.21,6,4,False,,0,False
R000886,P0030,15.4,1667,0.0,226.2,8.69,8.57,6,5,True,16:20,10,False
R000887,P0030,35.1,3503,0.0,169.0,6.59,9.98,8,5,False,,0,False
R000888,P0030,16.8,240,3.9,190.9,3.81,9.94,4,3,False,,0,False
R000889,P0030,9.1,746,3.8,206.4,5.6,7.09,6,7,False,,0,False
R000890,P0030,36.1,3085,20.7,112.3,7.28,2.68,7,3,False,,0,False
R000891,P0030,9.4,2529,0.0,217.4,7.14,3.7,7,5,True,17:27,39,True
R000892,P0030,0.0,14,0.0,215.5,6.41,7.93,5,4,True,16:12,73,False
R000893,P0030,0.0,0,1.0,174.8,4.95,8.77,6,6,False,,0,False
R000894,P0030,2.1,0,8.5,173.3,7.12,8.84,6,5,False,,0,False
R000895,P0030,0.0,455,0.0,282.6,6.09,8.58,5,4,False,,0,False
R000896,P0030,13.1,2336,0.0,212.2,7.46,9.1,4,6,False,,0,False
R000897,P0030,12.1,1509,8.8,231.7,7.01,3.92,6,5,False,,0,True
R000898,P0030,20.8,3103,4.4,282.8,6.82,4.14,10,10,False,,0,True
R000899,P0030,29.2,2517,16.4,223.4,7.02,8.78,5,6,False,,0,False
R000900,P0030,21.1,829,7.0,203.0,3.99,7.89,6,5,True,16:50,62,False
R000901,P0031,9.3,10,0.0,234.8,7.31,7.37,8,7,False,,0,False
R000902,P0031,30.5,2886,10.6,237.5,8.25,8.71,5,4,False,,0,True
R000903,P0031,49.5,6352,17.8,260.3,8.48,6.18,6,4,False,,0,False
R000904,P0031,25.8,2945,1.5,198.4,6.37,6.7,7,6,False,,0,True
R000905,P0031,59.5,5900,28.9,262.4,6.92,6.89,6,5,False,,0,True
R000906,P0031,43.2,4555,17.6,193.5,6.92,1.8,9,7,False,,0,True
R000907,P0031,55.5,7496,21.5,309.7,7.27,2.95,5,4,False,,0,False
R000908,P0031,23.8,2744,12.7,254.7,6.1,8.44,6,5,False,,0,False
R000909,P0031,38.6,2281,19.2,287.7,8.5,8.11,4,5,False,,0,False
R000910,P0031,46.3,6579,9.3,217.5,7.97,6.52,7,5,False,,0,False
R000911,P0031,38.5,2842,5.1,201.2,5.72,6.85,4,5,False,,0,False
R000912,P0031,11.8,3527,5.5,261.2,5.0,6.69,7,4,False,,0,False
R000913,P0031,27.2,1641,1.1,166.3,6.4,3.2,4,4,False,,0,False
R000914,P0031,28.0,4890,13.6,240.7,7.31,2.52,5,7,False,,0,False
R000915,P0031,64.3,6088,22.1,178.1,4.14,8.36,6,3,False,,0,False
R000916,P0031,8.7,943,5.9,211.9,6.93,7.55,4,4,False,,0,True
R000917,P0031,16.2,2400,1.5,237.0,6.0,5.82,5,4,False,,0,False
R000918,P0031,12.6,2187,0.0,151.3,5.12,7.65,3,5,False,,0,False
R000919,P0031,39.4,3257,10.8,287.6,7.7,7.74,3,3,False,,0,True
R000920,P0031,1.7,500,4.9,211.4,4.61,3.03,5,3,False,,0,False
R000921,P0031,9.2,630,2.5,247.4,5.92,1.78,5,5,True,15:18,46,False
R000922,P0031,14.5,3094,11.1,228.3,8.79,6.46,5,6,False,,0,True
R000923,P0031,15.9,1792,0.6,213.7,7.74,5.92,5,7,False,,0,False
R000924,P0031,21.3,2034,3.5,270.6,2.87,6.54,5,3,False,,0,False
R000925,P0031,3.8,1273,4.7,148.8,4.9,6.61,6,4,False,,0,False
R000926,P0031,40.7,4624,15.4,261.1,6.39,6.96,5,4,False,,0,True
R000927,P0031,18.1,1267,9.3,196.4,7.34,2.97,4,5,True,15:56,10,False
R000928,P0031,52.5,6917,17.1,140.4,8.45,2.56,5,2,False,,0,False
R000929,P0031,34.3,4806,15.9,235.5,6.42,6.91,5,5,False,,0,False
R000930,P0031,59.3,6859,19.6,291.7,6.58,8.24,4,5,False,,0,False
R000931,P0032,0.0,0,11.3,103.1,5.95,6.97,1,5,False,,0,False
R000932,P0032,25.4,2576,5.9,82.7,3.62,6.65,2,5,True,15:40,26,False
R000933,P0032,18.0,942,0.5,122.5,5.58,8.29,1,3,False,,0,False
R000934,P0032,37.9,4193,0.0,78.5,4.7,8.05,2,3,False,,0,False
R000935,P0032,35.4,3977,18.9,143.9,3.7,8.03,2,5,False,,0,False
R000936,P0032,0.0,670,0.0,148.7,1.66,3.37,1,4,False,,0,False
R000937,P0032,30.0,4838,5.2,78.6,5.22,2.35,2,3,False,,0,False
R000938,P0032,16.3,3312,5.5,142.4,2.71,7.0,2,2,True,17:29,48,False
R000939,P0032,40.3,6151,17.2,159.1,6.03,8.4,1,4,False,,0,False
R000940,P0032,5.4,1890,6.4,87.9,4.9,8.57,3,4,False,,0,False
R000941,P0032,20.3,2714,0.0,55.2,5.69,6.18,1,4,False,,0,False
R000942,P0032,29.2,4007,7.3,219.3,5.34,7.23,3,4,False,,0,True
R000943,P0032,16.4,641,10.4,92.9,5.64,3.45,2,5,False,,0,False
R000944,P0032,0.0,567,0.0,145.8,3.3,2.49,1,2,False,,0,False
R000945,P0032,0.0,1252,0.0,133.8,5.02,6.77,2,3,True,13:54,46,False
R000946,P0032,7.3,1879,0.3,124.2,4.25,6.7,3,5,False,,0,False
R000947,P0032,17.3,2344,0.0,137.6,3.48,8.09,2,5,False,,0,False
R000948,P0032,6.4,0,4.5,110.4,3.62,7.56,2,5,True,13:38,96,False
R000949,P0032,42.8,5803,0.0,79.8,4.24,6.42,1,1,False,,0,False
R000950,P0032,0.0,1240,8.8,80.6,7.81,2.85,1,5,True,16:31,58,True
R000951,P0032,5.8,524,0.8,157.7,3.54,2.5,2,3,True,14:16,42,False
R000952,P0032,40.2,5032,5.0,83.2,4.51,7.31,1,4,True,16:08,76,True
R000953,P0032,10.7,1194,2.8,131.0,3.96,7.92,6,5,False,,0,True
R000954,P0032,8.5,1100,9.2,83.8,4.55,6.45,2,3,False,,0,False
R000955,P0032,14.1,2732,4.5,132.9,6.37,5.84,3,3,True,15:14,39,True
R000956,P0032,0.0,241,0.6,177.9,3.2,7.26,3,2,False,,0,False
R000957,P0032,13.7,1553,2.3,146.5,6.51,2.4,2,4,False,,0,True
R000958,P0032,0.1,0,0.0,304.6,5.38,2.93,1,4,True,16:31,39,True
R000959,P0032,5.2,295,0.0,122.9,4.99,7.46,2,4,True,17:57,15,True
R000960,P0032,27.8,2289,8.0,209.0,4.77,6.71,1,3,False,,0,False
R000961,P0033,48.5,4752,31.2,120.2,6.83,3.96,2,3,False,,0,False
R000962,P0033,75.2,8283,11.2,72.4,8.63,6.06,1,4,True,13:18,55,True
R000963,P0033,3.1,830,3.1,112.4,6.88,4.77,3,5,True,16:19,64,False
R000964,P0033,19.3,1301,5.0,114.2,7.89,6.04,2,3,False,,0,True
R000965,P0033,47.6,7261,14.6,117.9,7.51,5.5,3,3,False,,0,False
R000966,P0033,53.4,5554,24.0,87.7,6.6,2.54,3,5,False,,0,False
R000967,P0033,23.4,2507,16.0,140.1,7.02,1.73,2,5,True,15:18,18,False
R000968,P0033,63.3,6563,13.4,116.4,5.37,6.16,3,3,False,,0,False
R000969,P0033,75.1,9377,25.3,145.9,6.04,6.2,3,3,False,,0,False
R000970,P0033,35.0,3461,0.6,92.8,9.78,4.3,4,4,False,,0,True
R000971,P0033,67.4,8792,7.3,61.3,10.09,6.65,3,6,False,,0,False
R000972,P0033,51.0,4093,17.4,38.7,8.59,5.98,3,5,False,,0,False
R000973,P0033,71.1,10060,28.2,105.7,6.35,0.0,1,4,True,15:44,58,False
R000974,P0033,47.7,6311,13.8,120.1,5.61,1.14,2,3,False,,0,False
R000975,P0033,77.2,8804,19.8,131.6,5.79,6.44,2,2,False,,0,True
R000976,P0033,47.5,5294,13.1,133.7,8.68,5.99,4,6,False,,0,False
R000977,P0033,86.9,7631,37.5,48.5,7.7,5.3,4,4,False,,0,False
R000978,P0033,69.0,7248,21.6,121.9,7.88,6.33,2,3,False,,0,False
R000979,P0033,64.6,8311,8.5,36.8,6.08,5.39,6,7,False,,0,True
R000980,P0033,38.4,3781,17.9,63.7,5.85,0.86,2,1,False,,0,False
R000981,P0033,59.5,7235,17.3,110.5,9.41,2.31,2,1,False,,0,False
R000982,P0033,32.6,4000,12.2,132.9,7.3,7.6,3,3,False,,0,False
R000983,P0033,57.2,5659,12.2,59.5,6.09,7.17,5,3,False,,0,False
R000984,P0033,72.8,8015,22.3,103.8,7.15,4.72,3,7,False,,0,False
R000985,P0033,54.5,5449,9.1,160.8,6.1,5.92,1,3,True,17:32,64,False
R000986,P0033,40.4,5122,22.2,140.5,9.47,5.23,4,3,False,,0,False
R000987,P0033,11.2,359,0.0,102.6,6.88,2.16,1,5,False,,0,True
R000988,P0033,37.8,2895,3.4,149.9,7.37,2.19,3,5,False,,0,False
R000989,P0033,57.4,6728,16.7,122.7,8.8,5.9,3,4,False,,0,False
R000990,P0033,43.5,3799,4.4,238.6,6.45,5.57,3,2,False,,0,True
R000991,P0034,68.8,7257,17.4,84.7,5.23,6.93,6,4,True,14:52,72,False
R000992,P0034,83.7,9441,27.4,100.4,4.41,8.46,5,5,False,,0,False
R000993,P0034,71.7,8423,18.3,118.9,4.13,10.92,9,6,False,,0,True
R000994,P0034,77.2,7876,34.0,74.4,4.87,8.27,6,5,True,14:33,71,False
R000995,P0034,116.9,14715,18.0,104.4,4.25,9.19,7,4,False,,0,False
R000996,P0034,94.3,9079,24.0,151.6,4.75,5.92,5,4,False,,0,False
R000997,P0034,85.5,11029,41.9,86.0,4.7,4.36,7,6,True,13:51,60,True
R000998,P0034,88.3,10161,44.5,220.4,5.34,8.67,5,6,False,,0,False
R000999,P0034,97.4,10115,34.1,80.6,3.8,8.7,5,3,False,,0,False
R001000,P0034,90.5,10387,15.9,103.9,6.11,8.24,8,6,False,,0,False
R001001,P0034,96.0,10187,32.5,141.0,3.72,10.05,6,5,True,14:25,15,False
R001002,P0034,94.6,9600,28.7,111.7,6.14,9.74,5,6,False,,0,False
R001003,P0034,56.9,5906,24.6,124.0,6.53,2.24,8,6,False,,0,False
R001004,P0034,93.0,10154,48.6,134.5,5.25,3.69,5,3,True,13:23,36,False
R001005,P0034,47.0,5801,13.9,112.8,6.48,7.02,7,6,False,,0,False
R001006,P0034,92.3,11094,11.7,102.9,4.8,8.06,5,5,True,15:27,55,False
R001007,P0034,63.0,7222,11.6,152.0,4.2,7.36,5,3,False,,0,False
R001008,P0034,70.7,6599,23.6,94.8,4.71,8.45,5,5,False,,0,False
R001009,P0034,92.0,10598,21.9,192.1,8.58,9.56,6,6,False,,0,True
R001010,P0034,59.7,9094,19.6,125.8,4.7,3.22,6,4,False,,0,False
R001011,P0034,81.6,9112,19.1,156.6,4.77,3.37,7,5,False,,0,False
R001012,P0034,73.3,7181,18.0,123.4,4.46,9.48,4,2,False,,0,False
R001013,P0034,84.5,10252,9.9,59.2,3.71,7.37,5,6,False,,0,False
R001014,P0034,70.0,5977,25.7,129.4,2.69,7.73,5,7,False,,0,False
R001015,P0034,76.0,7882,25.2,150.3,6.02,8.93,6,5,False,,0,False
R001016,P0034,95.0,8566,22.4,68.6,4.43,8.78,6,4,False,,0,False
R001017,P0034,96.2,10679,32.3,159.8,7.66,1.85,8,3,False,,0,True
R001018,P0034,68.9,7356,22.9,149.3,5.08,3.75,6,3,False,,0,False
R001019,P0034,74.3,7196,22.9,99.8,4.83,9.37,5,5,False,,0,False
R001020,P0034,118.6,12355,51.9,63.6,3.45,10.16,5,5,False,,0,False
R001021,P0035,0.0,0,0.0,196.8,7.51,3.15,5,3,False,,0,False
R001022,P0035,51.2,5375,13.3,110.2,6.08,4.72,5,4,False,,0,False
R001023,P0035,27.3,3391,7.3,195.2,5.44,4.16,6,2,False,,0,False
R001024,P0035,21.2,2026,6.0,220.1,5.89,4.86,7,5,False,,0,False
R001025,P0035,0.0,179,0.0,199.4,7.12,4.19,5,6,False,,0,False
R001026,P0035,36.2,3578,23.1,224.3,7.05,2.44,6,3,False,,0,False
R001027,P0035,40.0,2586,6.1,171.5,5.2,2.61,5,4,False,,0,False
R001028,P0035,0.0,573,1.4,96.5,7.14,5.88,6,5,False,,0,False
R001029,P0035,38.6,5981,11.8,177.2,5.0,3.18,5,5,True,16:12,53,False
R001030,P0035,1.2,1155,0.0,234.3,6.01,3.16,3,1,True,17:29,16,True
R001031,P0035,50.0,5762,11.8,119.9,7.61,4.35,4,2,False,,0,False
R001032,P0035,20.7,526,1.1,227.4,5.0,7.05,6,5,False,,0,False
R001033,P0035,14.5,1017,0.0,256.8,7.24,0.46,5,5,False,,0,False
R001034,P0035,32.7,3540,12.8,256.9,5.6,1.31,4,4,True,13:57,10,False
R001035,P0035,0.0,0,0.0,299.8,4.25,4.84,3,4,False,,0,False
R001036,P0035,9.3,291,0.8,212.1,6.49,3.5,4,4,False,,0,False
R001037,P0035,0.0,74,0.0,164.7,4.42,3.14,6,6,True,17:59,41,False
R001038,P0035,0.0,379,0.0,253.3,6.24,3.95,4,4,True,14:31,35,False
R001039,P0035,0.0,181,0.0,166.6,6.87,4.86,5,6,False,,0,True
R001040,P0035,4.9,1465,18.3,191.2,6.3,1.58,5,6,True,13:54,23,False
R001041,P0035,0.0,758,0.5,258.6,4.64,2.3,5,4,True,14:25,69,True
R001042,P0035,35.0,3569,12.2,208.7,8.7,4.41,5,5,False,,0,False
R001043,P0035,2.3,153,5.7,140.9,6.03,5.63,4,4,True,15:57,10,True
R001044,P0035,25.5,1715,16.9,382.1,6.57,3.35,6,6,False,,0,True
R001045,P0035,42.6,4086,6.4,212.5,4.86,5.48,6,5,False,,0,False
R001046,P0035,16.9,2421,2.7,194.2,6.38,3.92,6,5,False,,0,False
R001047,P0035,28.7,2751,4.8,166.0,7.47,1.49,3,3,False,,0,False
R001048,P0035,10.3,1139,7.3,150.8,5.13,0.18,4,4,True,14:48,33,True
R001049,P0035,20.0,3372,4.7,187.1,9.41,4.25,3,5,False,,0,True
R001050,P0035,0.7,741,2.2,245.4,4.51,5.04,6,6,False,,0,False
R001051,P0036,0.0,64,0.0,202.1,6.39,6.07,7,4,False,,0,False
R001052,P0036,25.0,1750,0.0,172.8,6.62,5.89,10,8,False,,0,False
R001053,P0036,3.3,0,0.0,182.4,5.5,4.76,8,4,False,,0,True
R001054,P0036,6.2,0,1.0,275.3,6.91,5.16,9,4,False,,0,False
R001055,P0036,0.0,837,10.7,142.3,5.37,5.82,6,6,False,,0,False
R001056,P0036,34.4,2764,12.8,132.8,7.63,3.34,5,3,False,,0,False
R001057,P0036,19.7,2385,11.3,225.3,6.05,1.34,10,6,False,,0,True
R001058,P0036,16.5,1581,5.8,269.8,6.52,4.9,9,7,False,,0,False
R001059,P0036,3.1,0,3.3,151.0,6.23,5.86,8,7,False,,0,False
R001060,P0036,0.0,0,0.0,192.7,5.68,5.06,5,3,True,16:05,36,False
R001061,P0036,3.9,757,5.7,206.2,5.9,5.78,8,6,True,17:33,65,True
R001062,P0036,2.9,609,1.5,188.9,8.1,6.25,7,9,False,,0,False
R001063,P0036,16.7,2342,17.6,202.7,6.45,3.64,6,7,True,13:26,75,False
R001064,P0036,30.5,1186,5.5,166.4,4.82,3.95,7,6,True,13:45,38,False
R001065,P0036,52.7,6084,10.6,111.1,7.12,7.3,8,6,False,,0,True
R001066,P0036,8.8,0,1.6,238.4,3.93,6.53,7,7,False,,0,False
R001067,P0036,13.3,2731,0.0,284.7,5.47,5.02,8,4,True,14:03,54,True
R001068,P0036,24.7,1801,10.5,252.5,6.49,4.78,10,6,True,15:49,44,True
R001069,P0036,12.0,973,16.3,118.4,7.19,5.66,7,5,False,,0,False
R001070,P0036,32.2,3462,17.0,240.6,6.94,2.1,8,6,True,17:48,72,False
R001071,P0036,20.6,1991,7.4,279.4,4.87,0.53,9,6,False,,0,False
R001072,P0036,30.9,3810,5.3,216.6,6.33,5.66,6,5,True,16:56,34,False
R001073,P0036,6.2,1420,12.4,218.8,5.77,3.78,7,5,True,13:17,10,True
R001074,P0036,43.5,4593,1.5,194.0,7.36,4.98,7,8,True,16:02,51,False
R001075,P0036,21.9,2528,6.9,177.1,6.96,5.59,10,8,False,,0,False
R001076,P0036,5.9,1565,2.7,262.2,5.4,4.18,6,5,True,14:00,10,True
R001077,P0036,29.2,2416,1.2,215.1,7.1,1.65,8,5,False,,0,False
R001078,P0036,31.1,2771,14.2,431.9,5.64,2.24,7,4,True,16:16,119,True
R001079,P0036,8.4,2655,0.0,195.7,5.7,6.57,7,5,False,,0,False
R001080,P0036,42.6,5086,19.9,173.5,7.01,4.37,7,6,False,,0,False
R001081,P0037,34.8,3559,10.4,99.2,4.47,9.58,5,4,False,,0,False
R001082,P0037,35.5,3030,0.0,47.5,6.76,8.71,5,5,False,,0,True
R001083,P0037,36.8,4910,5.6,0.0,6.68,6.91,6,5,False,,0,False
R001084,P0037,19.8,1915,12.8,51.9,5.84,7.69,5,7,False,,0,False
R001085,P0037,19.3,1209,8.6,31.4,8.82,8.87,7,5,False,,0,False
R001086,P0037,36.2,4026,0.0,19.4,5.48,2.19,5,6,False,,0,False
R001087,P0037,33.5,3225,8.7,52.5,6.65,4.02,6,3,False,,0,False
R001088,P0037,36.8,3969,0.6,75.8,6.21,7.87,4,5,False,,0,False
R001089,P0037,24.9,3861,0.0,75.4,7.46,8.95,5,1,False,,0,False
R001090,P0037,27.2,4088,7.6,13.8,5.91,8.6,4,2,False,,0,False
R001091,P0037,0.0,639,0.0,30.7,6.75,7.0,8,6,False,,0,True
R001092,P0037,33.0,3744,2.3,42.7,6.33,9.07,4,6,False,,0,True
R001093,P0037,33.8,3017,22.8,38.3,5.87,2.46,8,7,False,,0,False
R001094,P0037,36.5,2859,11.6,65.5,5.96,2.88,4,3,False,,0,False
R001095,P0037,5.3,27,10.1,0.0,5.05,9.12,6,6,False,,0,False
R001096,P0037,55.9,7624,29.0,7.7,6.42,6.63,7,6,False,,0,False
R001097,P0037,59.0,7851,25.1,0.0,5.79,9.1,7,5,False,,0,False
R001098,P0037,44.2,3411,8.3,15.0,5.84,8.98,5,5,False,,0,False
R001099,P0037,33.2,3157,5.1,0.0,7.52,10.15,4,6,True,15:06,28,False
R001100,P0037,66.8,5633,21.9,24.7,6.72,2.44,7,6,False,,0,False
R001101,P0037,18.9,2528,4.0,216.4,8.07,3.77,5,5,False,,0,True
R001102,P0037,58.4,5317,17.5,39.8,4.89,8.2,6,6,False,,0,False
R001103,P0037,4.6,95,0.0,0.0,6.87,9.1,6,6,False,,0,False
R001104,P0037,25.6,3084,1.4,45.5,7.13,6.33,4,3,False,,0,False
R001105,P0037,19.6,1202,2.3,159.7,6.4,8.2,6,4,False,,0,True
R001106,P0037,43.2,5022,26.2,77.3,7.86,8.84,6,6,False,,0,False
R001107,P0037,24.4,1828,7.4,0.0,8.07,4.46,4,6,True,16:01,78,False
R001108,P0037,42.7,4156,2.9,42.5,7.02,2.12,4,3,False,,0,False
R001109,P0037,41.1,3851,12.4,71.3,5.25,8.35,4,3,False,,0,False
R001110,P0037,34.5,3042,19.2,82.8,8.93,6.86,7,7,False,,0,False
R001111,P0038,14.6,1165,5.8,54.4,5.16,6.08,8,4,False,,0,False
R001112,P0038,0.2,383,11.1,83.6,6.51,7.56,8,6,False,,0,False
R001113,P0038,5.2,483,13.3,64.0,3.28,5.95,8,6,True,13:28,69,True
R001114,P0038,37.8,4640,8.4,78.7,6.7,5.87,7,5,False,,0,False
R001115,P0038,34.1,3678,3.6,112.4,5.31,6.33,9,5,False,,0,False
R001116,P0038,72.4,6783,20.5,28.8,4.41,2.51,6,5,False,,0,False
R001117,P0038,57.5,6397,2.1,140.7,5.54,0.81,5,5,False,,0,False
R001118,P0038,41.0,5156,9.7,172.8,6.1,4.89,9,6,False,,0,False
R001119,P0038,33.8,3949,7.3,123.6,3.76,5.96,9,7,False,,0,False
R001120,P0038,21.5,1914,7.3,58.0,6.99,7.99,7,4,False,,0,False
R001121,P0038,30.6,3249,19.3,73.1,4.65,6.3,8,8,False,,0,False
R001122,P0038,38.1,3647,0.0,137.4,6.58,6.83,9,6,False,,0,False
R001123,P0038,23.9,2857,11.8,88.4,5.09,2.51,4,4,False,,0,False
R001124,P0038,31.6,4040,16.1,57.5,6.05,2.38,6,5,False,,0,False
R001125,P0038,0.0,569,0.0,202.5,6.72,6.22,8,6,False,,0,False
R001126,P0038,9.6,2494,6.1,190.9,4.52,5.69,7,5,False,,0,False
R001127,P0038,43.7,5422,14.0,64.7,4.1,7.22,7,5,False,,0,False
R001128,P0038,0.0,728,0.0,59.5,5.13,5.92,8,7,False,,0,False
R001129,P0038,23.5,2310,2.8,77.6,5.48,6.24,6,3,True,15:35,81,False
R001130,P0038,22.6,2294,15.7,103.7,5.27,2.42,8,6,False,,0,True
R001131,P0038,36.4,3199,21.8,204.8,6.02,3.01,6,5,False,,0,False
R001132,P0038,34.8,3463,3.8,69.5,5.34,5.44,7,4,False,,0,False
R001133,P0038,0.4,0,0.0,124.8,4.68,8.61,7,6,False,,0,False
R001134,P0038,40.5,4780,11.8,82.0,4.31,5.93,7,6,False,,0,False
R001135,P0038,37.2,4724,7.1,255.6,5.81,7.32,10,6,False,,0,True
R001136,P0038,43.2,5954,9.0,85.1,3.38,5.21,6,3,False,,0,False
R001137,P0038,26.5,1884,2.0,141.9,5.95,3.47,10,7,False,,0,False
R001138,P0038,41.6,4096,3.5,64.8,5.33,1.19,9,6,False,,0,False
R001139,P0038,8.2,1375,0.0,110.7,5.0,5.03,6,5,False,,0,False
R001140,P0038,2.4,540,0.0,155.3,5.68,5.31,8,4,False,,0,False
R001141,P0039,15.8,1399,15.4,267.6,3.78,6.89,4,4,True,13:49,66,False
R001142,P0039,4.7,0,2.4,211.1,3.78,7.7,3,4,False,,0,True
R001143,P0039,1.5,1585,4.0,177.4,5.02,8.22,3,5,False,,0,False
R001144,P0039,17.7,2495,0.1,215.5,4.29,9.11,3,6,False,,0,False
R001145,P0039,2.5,0,0.0,154.9,5.24,9.55,1,4,False,,0,False
R001146,P0039,31.0,3764,11.2,166.4,4.65,3.06,6,1,False,,0,False
R001147,P0039,24.7,3641,0.0,428.8,3.61,4.3,5,8,True,17:40,33,True
R001148,P0039,31.6,3855,0.0,229.4,4.19,9.17,3,5,False,,0,False
R001149,P0039,32.5,3647,8.4,303.6,3.14,7.72,5,3,False,,0,False
R001150,P0039,0.6,0,0.0,190.1,6.41,11.01,4,2,False,,0,False
R001151,P0039,0.0,623,0.0,151.4,5.43,9.05,5,5,False,,0,False
R001152,P0039,17.5,3370,4.9,193.2,5.36,7.33,2,1,False,,0,False
R001153,P0039,12.8,2748,12.8,208.8,4.43,3.01,4,5,False,,0,True
R001154,P0039,34.7,2134,14.8,254.3,5.88,5.59,4,4,False,,0,False
R001155,P0039,42.9,3826,25.3,306.0,6.04,7.94,3,5,False,,0,False
R001156,P0039,18.0,3268,4.1,435.4,4.13,7.49,5,7,True,15:04,10,True
R001157,P0039,5.7,312,3.6,209.5,2.86,8.17,5,2,True,17:35,52,False
R001158,P0039,24.6,3718,0.7,248.5,3.6,9.64,2,7,False,,0,False
R001159,P0039,5.7,1113,0.0,116.2,5.77,8.2,4,7,False,,0,False
R001160,P0039,1.6,1648,0.0,175.6,6.07,2.54,4,6,False,,0,False
R001161,P0039,24.6,2273,0.2,201.6,4.77,3.5,2,4,False,,0,False
R001162,P0039,29.9,4433,0.0,181.4,5.14,10.36,6,5,False,,0,False
R001163,P0039,0.0,390,0.0,280.6,5.95,8.28,5,6,False,,0,False
R001164,P0039,10.6,1244,0.0,181.2,4.92,7.13,4,4,False,,0,False
R001165,P0039,0.0,0,0.0,159.8,4.74,8.2,4,4,False,,0,True
R001166,P0039,0.0,0,0.0,169.9,5.58,8.56,5,5,False,,0,False
R001167,P0039,11.0,2349,2.2,238.8,5.13,3.92,5,3,False,,0,False
R001168,P0039,23.0,894,0.8,181.4,3.16,3.19,3,4,False,,0,False
R001169,P0039,51.7,6166,11.0,114.5,5.57,9.06,2,3,False,,0,False
R001170,P0039,21.6,1746,1.5,319.7,4.33,9.72,3,4,False,,0,False
R001171,P0040,26.4,3866,7.0,221.5,5.21,10.19,4,5,False,,0,False
R001172,P0040,40.7,4094,23.8,299.5,4.19,7.7,3,5,False,,0,False
R001173,P0040,12.4,1198,7.9,117.7,6.77,7.41,2,3,True,14:28,57,False
R001174,P0040,23.5,2452,10.8,371.5,4.99,8.55,1,4,True,14:41,15,False
R001175,P0040,15.3,1821,7.8,299.2,7.11,10.45,2,5,False,,0,False
R001176,P0040,38.2,1759,10.9,311.9,5.52,3.7,3,5,False,,0,False
R001177,P0040,40.6,3701,13.2,310.4,6.4,1.95,2,3,True,16:06,46,False
R001178,P0040,1.5,661,0.0,285.8,4.7,9.18,4,6,False,,0,True
R001179,P0040,10.2,479,0.0,301.8,6.88,7.09,3,5,True,13:05,83,False
R001180,P0040,33.7,3409,14.9,271.6,5.43,8.36,2,2,False,,0,False
R001181,P0040,0.0,0,2.4,244.4,4.67,7.55,3,4,False,,0,False
R001182,P0040,23.2,3033,1.2,272.5,4.93,7.53,3,5,False,,0,False
R001183,P0040,40.4,5353,6.2,252.3,7.37,3.83,3,5,False,,0,False
R001184,P0040,0.0,3,0.0,269.7,6.37,2.35,2,3,False,,0,False
R001185,P0040,23.0,1857,6.7,356.9,7.07,9.53,3,5,True,17:44,25,False
R001186,P0040,9.0,1728,0.0,289.0,4.08,8.32,2,5,False,,0,False
R001187,P0040,0.0,207,0.0,349.3,5.46,7.16,3,4,False,,0,False
R001188,P0040,0.0,849,4.7,252.9,4.96,8.68,2,4,False,,0,False
R001189,P0040,12.5,481,0.0,249.0,5.56,8.17,4,4,False,,0,False
R001190,P0040,3.5,0,1.9,187.0,5.64,3.62,1,4,False,,0,False
R001191,P0040,20.4,3073,0.0,224.1,5.16,4.29,1,3,False,,0,True
R001192,P0040,17.7,1413,0.0,242.3,4.69,7.14,5,5,False,,0,False
R001193,P0040,19.6,3106,10.7,290.1,4.56,7.6,2,5,False,,0,False
R001194,P0040,18.1,545,0.0,262.0,6.19,8.72,4,6,False,,0,False
R001195,P0040,11.9,1794,0.0,342.9,5.26,10.27,4,6,False,,0,False
R001196,P0040,22.1,3106,2.0,367.8,4.18,8.5,5,4,False,,0,False
R001197,P0040,38.3,4848,22.1,272.4,5.15,1.92,4,5,False,,0,False
R001198,P0040,5.5,911,0.0,341.6,5.81,3.6,4,4,False,,0,False
R001199,P0040,4.0,1785,0.0,340.6,4.94,7.9,1,5,True,13:57,10,False
R001200,P0040,45.8,4649,22.8,210.6,5.28,9.42,5,5,False,,0,False
R001201,P0041,44.2,3490,18.1,37.2,8.01,7.13,6,4,False,,0,False
R001202,P0041,10.5,855,7.1,0.0,7.01,7.19,4,3,False,,0,False
R001203,P0041,7.5,1262,0.0,0.0,6.67,6.82,5,4,False,,0,False
R001204,P0041,35.7,4323,12.6,0.0,6.97,7.41,7,7,False,,0,False
R001205,P0041,31.3,2580,14.0,0.0,5.12,6.53,6,7,False,,0,False
R001206,P0041,20.8,1932,10.2,42.6,8.84,1.98,5,6,True,15:10,78,False
R001207,P0041,14.1,747,13.3,10.5,7.42,2.24,6,5,False,,0,False
R001208,P0041,8.6,997,2.8,0.0,7.14,7.43,5,3,False,,0,False
R001209,P0041,20.2,2189,14.1,63.0,8.33,6.76,7,4,False,,0,False
R001210,P0041,0.0,361,0.0,112.2,6.5,5.74,5,6,True,13:04,54,True
R001211,P0041,58.9,6884,23.9,0.0,9.88,5.63,8,9,True,15:59,102,False
R001212,P0041,52.2,5927,20.1,0.0,8.2,7.09,6,7,False,,0,False
R001213,P0041,29.9,2672,14.5,0.0,6.76,1.68,6,3,False,,0,False
R001214,P0041,26.2,2877,8.2,14.1,8.1,2.82,5,5,True,14:51,26,True
R001215,P0041,53.8,5733,20.5,122.1,6.56,4.78,8,5,False,,0,False
R001216,P0041,54.6,3732,19.0,40.5,8.21,8.82,7,5,False,,0,False
R001217,P0041,7.0,253,3.6,36.4,6.19,7.25,8,7,False,,0,False
R001218,P0041,8.5,129,0.0,25.5,5.61,5.29,6,7,True,17:26,51,False
R001219,P0041,0.5,0,3.0,0.0,9.49,7.67,7,6,False,,0,True
R001220,P0041,47.0,5529,12.8,21.7,7.5,3.59,7,7,False,,0,False
R001221,P0041,18.1,2480,7.6,55.8,5.41,1.49,8,6,False,,0,False
R001222,P0041,14.0,1394,0.8,52.4,7.63,5.5,8,5,False,,0,False
R001223,P0041,23.2,2582,7.7,8.8,6.05,9.89,8,5,True,16:10,39,False
R001224,P0041,22.1,1770,9.6,0.0,6.41,7.81,5,5,False,,0,False
R001225,P0041,14.0,1540,2.4,4.8,7.27,6.71,6,5,False,,0,False
R001226,P0041,19.0,3710,7.1,0.0,6.64,7.57,6,3,True,15:08,23,False
R001227,P0041,21.7,1820,0.0,0.0,6.97,2.17,5,5,True,13:42,20,False
R001228,P0041,27.6,2761,20.5,37.5,7.44,3.47,6,5,True,13:04,43,False
R001229,P0041,31.0,3522,17.5,21.1,7.22,7.77,7,5,True,14:17,19,False
R001230,P0041,12.1,1323,10.7,0.0,6.69,7.12,6,6,False,,0,False
R001231,P0042,57.4,4867,14.9,193.4,6.57,7.6,6,6,False,,0,False
R001232,P0042,30.7,3273,11.5,129.4,5.71,6.52,9,6,False,,0,False
R001233,P0042,49.2,7175,0.0,201.4,6.24,7.8,7,5,True,16:04,47,False
R001234,P0042,59.6,5894,27.3,204.4,6.62,7.52,6,3,True,15:12,80,False
R001235,P0042,68.0,7710,4.0,193.3,4.66,7.9,5,6,False,,0,False
R001236,P0042,45.3,5753,9.0,234.0,6.05,1.31,8,6,False,,0,False
R001237,P0042,31.9,3796,9.5,317.1,5.96,3.79,6,5,False,,0,False
R001238,P0042,49.2,7157,12.5,217.0,4.54,6.12,8,5,False,,0,False
R001239,P0042,29.6,2192,13.4,241.4,6.41,6.76,8,7,False,,0,False
R001240,P0042,68.0,8127,20.2,153.2,7.53,9.78,8,4,False,,0,False
R001241,P0042,84.1,8631,28.7,108.8,6.07,7.87,7,6,False,,0,False
R001242,P0042,66.5,7149,20.8,176.6,6.72,8.09,8,5,False,,0,False
R001243,P0042,29.4,2783,18.2,229.2,5.05,2.32,8,4,False,,0,False
R001244,P0042,55.1,4084,10.8,144.0,6.28,1.26,8,6,False,,0,True
R001245,P0042,74.0,8881,25.9,215.0,7.75,7.21,6,6,False,,0,False
R001246,P0042,37.7,5476,5.2,160.2,7.51,6.46,6,3,False,,0,False
R001247,P0042,58.5,5435,22.5,263.7,4.68,6.51,6,7,False,,0,False
R001248,P0042,71.4,6621,18.2,202.0,4.71,8.94,7,4,False,,0,False
R001249,P0042,99.8,10065,35.7,287.7,8.31,8.25,7,6,False,,0,False
R001250,P0042,104.3,12961,27.9,246.6,5.6,0.07,9,6,False,,0,False
R001251,P0042,35.9,4378,22.3,264.0,6.01,3.32,8,6,False,,0,False
R001252,P0042,27.8,3141,15.8,247.7,6.28,7.86,7,6,False,,0,False
R001253,P0042,97.2,10770,27.9,205.9,5.59,8.52,6,7,False,,0,False
R001254,P0042,39.8,4858,8.2,223.2,4.48,8.07,6,7,False,,0,False
R001255,P0042,61.9,6984,22.1,183.7,6.65,8.35,10,7,False,,0,True
R001256,P0042,66.4,7657,16.7,295.5,6.16,9.19,6,6,False,,0,False
R001257,P0042,43.0,4189,4.5,209.2,10.63,1.57,6,7,False,,0,True
R001258,P0042,78.1,9604,20.7,446.9,5.27,2.21,8,7,True,16:41,62,True
R001259,P0042,57.6,5799,19.0,152.6,5.73,8.88,7,4,True,15:53,45,False
R001260,P0042,48.9,5565,16.5,210.3,4.31,8.37,5,6,False,,0,False
R001261,P0043,0.0,391,6.6,127.7,6.15,8.5,3,5,False,,0,False
R001262,P0043,21.2,2472,9.5,123.7,3.76,5.71,6,3,True,16:34,10,False
R001263,P0043,9.1,605,7.5,110.0,5.71,7.84,6,7,False,,0,False
R001264,P0043,2.7,496,5.1,191.2,4.08,6.38,5,3,True,13:38,10,False
R001265,P0043,28.5,4458,5.3,113.7,4.85,7.09,5,4,False,,0,False
R001266,P0043,29.9,2243,7.6,164.1,6.05,1.18,5,5,False,,0,False
R001267,P0043,0.0,545,3.0,111.3,5.48,3.75,5,7,True,16:59,10,False
R001268,P0043,34.0,3409,1.9,156.4,4.87,8.33,5,7,False,,0,False
R001269,P0043,12.5,1379,18.6,326.3,4.4,8.98,5,6,True,14:59,38,True
R001270,P0043,7.5,1065,0.0,156.5,7.67,7.77,6,5,False,,0,True
R001271,P0043,8.2,2970,6.8,146.3,5.99,8.04,5,5,False,,0,False
R001272,P0043,12.4,935,0.0,107.3,4.86,7.97,6,3,False,,0,False
R001273,P0043,12.5,1334,1.0,189.9,4.71,3.33,6,7,True,15:17,42,False
R001274,P0043,10.1,1544,0.0,131.5,4.98,3.72,5,7,True,16:58,68,False
R001275,P0043,33.4,3032,10.1,165.3,5.32,8.85,5,5,False,,0,True
R001276,P0043,31.9,3455,4.8,175.1,4.13,8.2,5,3,False,,0,False
R001277,P0043,9.8,405,5.0,105.1,4.06,6.83,4,5,False,,0,False
R001278,P0043,49.4,4905,15.0,54.2,4.49,8.46,5,5,False,,0,False
R001279,P0043,2.3,0,11.7,161.7,5.44,7.03,6,4,False,,0,True
R001280,P0043,5.9,1691,0.0,223.5,5.74,2.17,6,4,True,16:18,47,False
R001281,P0043,3.0,294,0.3,131.1,5.2,3.38,5,6,True,15:30,20,False
R001282,P0043,4.4,0,0.0,87.5,5.83,8.47,6,4,False,,0,False
R001283,P0043,14.8,1548,3.2,208.3,6.36,7.12,4,3,True,17:36,48,False
R001284,P0043,2.2,214,7.1,148.2,5.6,7.32,5,5,True,16:13,53,True
R001285,P0043,45.6,4216,20.2,134.4,4.38,8.95,7,5,False,,0,False
R001286,P0043,0.0,0,0.0,145.2,5.38,7.74,5,4,False,,0,False
R001287,P0043,0.0,0,0.0,160.3,4.7,2.15,7,10,True,14:38,16,False
R001288,P0043,0.3,685,0.0,69.9,5.78,3.66,4,5,True,14:02,58,True
R001289,P0043,22.3,3044,2.2,163.3,3.98,7.0,4,6,True,17:07,38,True
R001290,P0043,25.1,1828,14.8,174.4,4.4,7.99,7,6,True,14:54,71,False
R001291,P0044,51.8,7093,7.0,374.3,6.19,8.09,5,6,False,,0,False
R001292,P0044,70.0,7867,26.7,270.8,5.62,8.56,7,6,False,,0,True
R001293,P0044,67.4,6289,23.3,240.6,6.01,7.25,6,4,True,15:34,35,True
R001294,P0044,93.5,11601,5.2,249.0,3.99,7.49,9,6,False,,0,False
R001295,P0044,41.2,3827,16.4,161.1,4.84,5.94,6,4,False,,0,False
R001296,P0044,37.6,3637,6.0,243.3,5.11,1.51,6,5,True,16:39,42,False
R001297,P0044,83.9,10495,27.6,212.4,3.92,2.76,5,6,True,16:01,45,False
R001298,P0044,66.0,7718,21.1,266.9,6.68,6.66,6,6,True,16:45,39,False
R001299,P0044,89.9,9960,29.7,260.3,5.64,7.2,5,6,False,,0,False
R001300,P0044,75.9,8215,16.2,325.7,6.43,8.4,7,6,False,,0,False
R001301,P0044,70.8,6921,22.6,167.3,3.91,6.14,6,3,False,,0,False
R001302,P0044,53.9,6342,10.3,198.6,4.38,6.72,8,3,False,,0,False
R001303,P0044,79.2,6167,32.5,256.7,10.19,2.2,6,4,False,,0,True
R001304,P0044,99.6,11251,31.2,178.5,3.93,1.79,8,4,False,,0,False
R001305,P0044,41.4,4534,6.9,223.9,3.78,7.03,8,5,False,,0,False
R001306,P0044,23.3,3444,8.0,264.8,5.58,6.78,6,5,False,,0,True
R001307,P0044,63.8,7498,31.3,158.9,5.29,6.49,7,6,False,,0,False
R001308,P0044,78.7,8810,26.9,221.2,4.66,6.92,5,6,False,,0,False
R001309,P0044,63.6,8324,5.7,214.2,5.74,6.02,6,5,False,,0,False
R001310,P0044,77.0,8152,17.2,172.0,6.61,1.82,6,6,False,,0,False
R001311,P0044,58.8,7380,6.8,200.7,5.77,1.33,7,7,False,,0,False
R001312,P0044,77.1,9165,32.7,237.8,5.42,6.97,6,5,False,,0,False
R001313,P0044,77.4,8138,23.1,225.3,5.62,9.06,6,6,False,,0,False
R001314,P0044,116.8,13977,43.1,228.7,7.18,8.26,6,2,False,,0,False
R001315,P0044,76.2,7204,30.7,242.2,4.92,8.68,6,8,False,,0,False
R001316,P0044,69.6,6247,28.7,272.4,6.29,6.5,6,5,False,,0,False
R001317,P0044,54.0,4551,18.8,237.6,3.69,2.14,6,7,False,,0,False
R001318,P0044,54.3,6535,18.6,222.2,6.52,2.6,8,6,False,,0,False
R001319,P0044,55.4,6607,0.9,259.8,5.85,6.99,7,5,False,,0,False
R001320,P0044,92.0,9576,30.2,295.9,3.62,4.17,6,7,True,14:07,41,False
R001321,P0045,77.8,9016,13.4,60.4,5.89,7.78,5,5,True,13:53,55,False
R001322,P0045,73.4,8114,13.1,67.5,4.83,7.82,3,5,False,,0,False
R001323,P0045,64.2,7668,21.1,130.2,5.46,8.09,4,4,False,,0,False
R001324,P0045,24.3,2363,5.4,97.2,5.65,8.36,5,7,False,,0,False
R001325,P0045,63.2,5759,5.5,67.4,5.98,7.9,7,6,False,,0,True
R001326,P0045,41.2,3745,21.5,110.1,5.29,2.36,4,5,False,,0,False
R001327,P0045,58.4,5642,12.5,81.1,5.54,2.9,4,6,False,,0,True
R001328,P0045,33.8,3161,11.8,113.2,6.03,7.0,8,7,True,17:15,20,False
R001329,P0045,35.7,3233,9.0,57.3,3.34,8.06,4,4,False,,0,False
R001330,P0045,8.7,648,0.0,161.0,4.7,7.81,5,4,False,,0,False
R001331,P0045,9.5,1231,0.1,79.1,2.71,8.19,5,5,False,,0,True
R001332,P0045,95.9,11637,28.8,59.1,5.56,8.62,3,7,False,,0,False
R001333,P0045,74.0,9825,36.3,147.3,4.74,2.82,5,5,False,,0,False
R001334,P0045,52.8,5979,10.0,113.2,4.51,3.23,4,4,False,,0,False
R001335,P0045,44.4,5995,9.5,87.6,4.59,7.52,6,5,False,,0,False
R001336,P0045,12.1,1514,8.8,67.5,7.28,8.19,3,5,False,,0,True
R001337,P0045,36.9,3913,16.6,132.2,6.03,8.83,5,5,False,,0,False
R001338,P0045,53.0,5270,22.6,221.8,5.81,7.58,5,5,False,,0,False
R001339,P0045,64.0,6576,17.0,41.5,5.99,8.69,5,6,False,,0,False
R001340,P0045,38.2,5478,11.2,79.1,5.19,2.09,5,4,False,,0,False
R001341,P0045,72.9,8205,35.0,80.6,5.02,3.65,4,6,False,,0,False
R001342,P0045,17.6,1810,10.3,97.5,6.09,7.7,4,4,False,,0,False
R001343,P0045,36.9,4951,6.3,111.1,5.8,8.21,5,4,False,,0,False
R001344,P0045,86.2,7851,30.2,47.7,5.25,7.39,3,5,False,,0,False
R001345,P0045,53.6,5573,13.0,90.9,5.38,8.71,4,4,False,,0,False
R001346,P0045,55.6,7413,11.2,161.5,3.41,8.39,5,4,False,,0,False
R001347,P0045,42.5,4636,17.3,87.7,4.64,4.21,7,4,False,,0,False
R001348,P0045,56.2,6352,31.3,62.5,7.37,1.76,3,4,False,,0,False
R001349,P0045,12.3,764,11.0,93.0,5.22,9.87,5,6,False,,0,False
R001350,P0045,56.1,7484,19.9,67.9,4.7,7.61,3,2,False,,0,False
R001351,P0046,55.0,5986,12.2,84.1,3.93,9.07,4,3,False,,0,False
R001352,P0046,28.2,4164,0.0,128.3,2.41,7.6,4,3,False,,0,False
R001353,P0046,25.7,2950,8.6,103.9,1.28,6.6,3,2,False,,0,False
R001354,P0046,22.6,1812,8.7,105.2,2.68,7.62,2,3,False,,0,False
R001355,P0046,39.8,5420,10.9,92.0,3.97,8.44,4,5,False,,0,True
R001356,P0046,45.9,5107,19.7,0.2,3.6,1.86,3,6,False,,0,False
R001357,P0046,13.0,1216,0.0,51.5,3.96,1.8,4,4,True,16:04,50,False
R001358,P0046,28.5,2389,8.4,82.4,2.72,5.64,4,4,False,,0,False
R001359,P0046,58.6,6296,30.7,92.8,2.18,5.97,6,3,False,,0,True
R001360,P0046,24.5,1168,14.0,71.8,3.69,7.16,1,4,False,,0,False
R001361,P0046,34.1,4271,8.4,113.8,1.9,8.21,4,4,True,14:44,91,False
R001362,P0046,39.7,4501,14.6,132.7,3.53,6.82,3,4,False,,0,False
R001363,P0046,61.5,5374,14.0,103.9,4.19,0.32,4,7,False,,0,False
R001364,P0046,18.5,3069,10.6,39.8,1.08,5.12,3,4,False,,0,False
R001365,P0046,70.2,8581,12.9,28.8,3.73,8.44,3,2,True,17:22,10,False
R001366,P0046,42.7,4932,7.9,73.9,1.77,7.51,5,8,False,,0,False
R001367,P0046,36.7,4036,6.7,2.5,4.39,8.22,4,4,False,,0,False
R001368,P0046,51.9,7180,11.5,49.1,2.86,8.13,2,5,False,,0,False
R001369,P0046,37.5,3370,14.6,130.2,4.24,6.43,4,5,False,,0,False
R001370,P0046,62.0,7331,23.1,124.9,2.54,3.33,3,6,False,,0,False
R001371,P0046,27.5,4693,18.5,65.7,4.96,2.2,3,3,False,,0,False
R001372,P0046,32.3,3777,8.8,160.0,1.6,7.14,5,6,True,17:59,60,False
R001373,P0046,47.7,5851,12.5,145.9,3.05,7.15,3,6,True,17:55,28,False
R001374,P0046,33.3,2958,7.0,50.8,2.96,7.22,6,6,False,,0,False
R001375,P0046,42.5,4838,15.2,118.3,3.88,7.2,3,4,False,,0,False
R001376,P0046,13.9,1695,10.2,148.3,3.93,7.17,4,7,False,,0,False
R001377,P0046,19.3,3185,12.7,54.5,2.43,3.15,3,3,False,,0,False
R001378,P0046,41.6,4917,14.4,29.0,2.98,1.09,3,7,False,,0,False
R001379,P0046,47.4,4531,23.9,77.3,4.25,7.8,3,6,True,15:50,53,False
R001380,P0046,36.3,5044,17.8,27.8,4.58,8.63,6,4,False,,0,False
R001381,P0047,56.1,6334,13.7,157.3,6.1,8.38,5,4,False,,0,False
R001382,P0047,33.7,3891,13.3,98.7,4.7,7.58,4,2,False,,0,False
R001383,P0047,45.1,4102,20.9,191.3,4.69,8.99,4,4,False,,0,False
R001384,P0047,86.3,7538,6.8,154.0,5.25,9.7,4,6,False,,0,False
R001385,P0047,62.2,7120,12.7,110.4,5.74,7.88,6,6,False,,0,False
R001386,P0047,66.4,5743,18.7,257.0,5.38,3.03,9,5,False,,0,True
R001387,P0047,68.3,7721,20.3,146.0,5.1,3.34,4,3,False,,0,False
R001388,P0047,53.3,7032,13.2,140.9,5.03,8.98,5,4,False,,0,False
R001389,P0047,57.2,6364,32.5,226.8,5.62,8.29,6,5,False,,0,False
R001390,P0047,106.1,12604,39.3,113.3,4.4,8.75,5,4,False,,0,False
R001391,P0047,75.8,8225,21.8,156.7,6.49,8.57,6,6,False,,0,False
R001392,P0047,97.2,11184,22.9,215.6,6.22,7.71,6,8,False,,0,False
R001393,P0047,59.3,6262,28.5,105.3,8.82,1.99,4,5,False,,0,True
R001394,P0047,109.5,11262,32.9,131.6,6.41,2.58,6,8,False,,0,False
R001395,P0047,84.2,9544,31.2,177.8,6.97,6.98,7,4,False,,0,False
R001396,P0047,57.9,6560,18.7,98.3,5.51,7.66,4,2,False,,0,False
R001397,P0047,74.1,8603,23.3,131.1,4.4,8.07,5,6,True,14:39,10,False
R001398,P0047,68.7,8769,25.5,176.2,4.84,9.96,5,5,False,,0,False
R001399,P0047,62.4,7231,26.4,65.6,5.6,7.81,6,3,False,,0,False
R001400,P0047,65.9,6390,31.2,116.0,4.15,3.11,6,5,False,,0,False
R001401,P0047,50.2,7278,9.1,134.3,8.02,3.62,8,7,True,16:04,89,True
R001402,P0047,55.8,6869,23.4,98.4,3.49,7.73,7,5,False,,0,False
R001403,P0047,61.7,8645,22.6,194.1,6.04,8.69,5,3,False,,0,False
R001404,P0047,73.9,6244,15.4,188.7,4.42,10.75,6,4,False,,0,False
R001405,P0047,73.0,6216,27.9,72.1,6.49,9.86,6,5,False,,0,True
R001406,P0047,64.0,5812,5.5,184.7,4.82,8.43,4,7,False,,0,False
R001407,P0047,55.5,7213,23.7,152.0,5.41,2.23,5,8,False,,0,False
R001408,P0047,47.7,6800,14.5,101.5,6.52,1.72,6,4,False,,0,False
R001409,P0047,48.3,4028,7.0,140.6,3.95,7.33,4,6,False,,0,False
R001410,P0047,63.3,4984,10.9,108.7,3.63,8.34,5,5,False,,0,False
R001411,P0048,49.1,7319,5.8,22.5,6.11,7.19,9,6,True,17:28,41,True
R001412,P0048,55.7,6257,25.8,43.8,8.3,7.45,6,6,True,17:40,85,False
R001413,P0048,28.2,2434,14.6,87.4,5.82,7.58,6,6,False,,0,False
R001414,P0048,39.1,3137,8.3,0.0,7.51,6.84,7,5,True,16:03,70,False
R001415,P0048,56.1,5001,23.3,77.2,6.14,7.35,2,5,False,,0,False
R001416,P0048,33.2,2376,16.2,56.5,7.53,1.69,4,3,False,,0,False
R001417,P0048,9.3,2551,4.2,39.9,7.23,3.21,6,7,False,,0,True
R001418,P0048,60.8,5964,15.3,79.8,6.97,6.79,5,5,False,,0,False
R001419,P0048,40.2,4887,16.4,0.0,5.44,7.28,6,5,True,16:25,51,False
R001420,P0048,31.0,3109,9.4,0.0,5.91,9.02,5,6,False,,0,False
R001421,P0048,42.5,3677,11.3,40.8,5.52,7.47,4,5,False,,0,False
R001422,P0048,40.3,4633,6.6,73.5,8.06,7.78,6,6,False,,0,False
R001423,P0048,46.3,5040,13.1,70.2,7.12,3.59,3,4,False,,0,False
R001424,P0048,52.8,6855,11.2,33.3,6.79,3.7,6,7,False,,0,False
R001425,P0048,47.2,4601,3.5,115.9,4.61,8.36,6,5,False,,0,False
R001426,P0048,31.3,4001,18.6,106.1,4.53,6.1,5,4,False,,0,False
R001427,P0048,34.9,4382,11.3,31.2,5.9,8.83,6,6,False,,0,False
R001428,P0048,50.4,5287,13.0,104.8,8.77,7.04,6,8,False,,0,True
R001429,P0048,74.1,8923,14.2,0.0,7.07,8.94,5,5,False,,0,False
R001430,P0048,52.1,4860,27.0,0.0,6.44,2.21,5,4,False,,0,False
R001431,P0048,47.3,4465,6.8,143.6,5.94,3.06,5,5,False,,0,False
R001432,P0048,78.9,9108,35.8,61.4,6.22,9.27,4,3,False,,0,False
R001433,P0048,9.7,1434,4.5,39.2,6.54,9.46,5,5,False,,0,False
R001434,P0048,48.0,3773,14.9,93.0,6.05,8.49,3,2,False,,0,False
R001435,P0048,65.7,7502,29.4,62.2,5.38,7.13,5,5,False,,0,False
R001436,P0048,25.8,3122,14.8,121.6,4.88,8.47,6,3,False,,0,False
R001437,P0048,51.8,6308,4.6,84.7,7.92,1.66,5,4,False,,0,False
R001438,P0048,78.0,9866,15.3,0.0,3.95,3.47,7,6,False,,0,False
R001439,P0048,58.0,7065,14.6,40.6,8.2,7.35,6,5,True,14:16,38,False
R001440,P0048,37.6,2780,0.0,27.7,5.48,7.56,5,4,False,,0,False
R001441,P0049,0.0,0,0.0,101.7,3.91,9.2,4,4,False,,0,False
R001442,P0049,22.8,3112,0.0,78.9,3.76,6.5,5,4,False,,0,False
R001443,P0049,16.6,501,0.0,116.1,3.84,9.29,6,5,False,,0,False
R001444,P0049,11.2,490,1.7,103.1,4.02,8.7,2,4,False,,0,False
R001445,P0049,0.0,0,1.5,143.3,4.2,8.99,7,7,False,,0,False
R001446,P0049,21.3,2887,3.3,30.3,6.15,2.92,3,3,False,,0,False
R001447,P0049,19.5,2171,2.9,67.9,5.42,4.66,3,6,False,,0,False
R001448,P0049,0.0,123,0.0,158.6,3.01,8.19,3,6,False,,0,False
R001449,P0049,1.3,522,5.9,103.0,3.06,9.29,6,4,False,,0,False
R001450,P0049,0.0,808,1.8,75.2,2.66,10.7,4,5,False,,0,False
R001451,P0049,6.7,0,1.0,0.0,5.05,7.61,4,5,True,17:15,38,True
R001452,P0049,12.3,1584,8.8,75.9,5.37,8.38,5,3,False,,0,False
R001453,P0049,5.6,2191,12.6,17.3,9.09,2.95,5,4,True,16:32,82,True
R001454,P0049,0.0,849,0.3,112.4,2.4,3.13,4,6,False,,0,False
R001455,P0049,0.0,1954,1.2,65.3,3.84,8.43,4,4,False,,0,False
R001456,P0049,34.4,4741,3.4,112.3,4.92,8.15,5,4,False,,0,False
R001457,P0049,35.1,4521,4.2,26.9,5.71,7.07,4,4,False,,0,False
R001458,P0049,13.7,0,2.7,0.0,4.05,9.38,4,5,False,,0,False
R001459,P0049,7.7,0,0.0,30.7,3.22,7.23,2,4,False,,0,False
R001460,P0049,29.4,3198,3.8,109.5,4.01,3.43,7,5,True,15:06,12,True
R001461,P0049,0.0,0,4.2,106.1,2.71,3.66,6,7,True,15:44,10,True
R001462,P0049,5.9,1072,3.7,14.3,4.52,7.88,5,4,False,,0,False
R001463,P0049,0.0,913,2.7,95.5,3.91,9.5,3,3,False,,0,False
R001464,P0049,7.1,613,4.6,78.6,5.16,9.4,5,5,False,,0,False
R001465,P0049,12.6,404,0.0,112.8,3.53,9.13,5,5,False,,0,False
R001466,P0049,0.7,0,9.9,70.4,5.44,8.4,4,3,False,,0,False
R001467,P0049,20.5,3783,11.5,36.5,3.08,4.67,4,4,True,16:46,76,True
R001468,P0049,16.9,1088,0.0,134.2,7.0,3.54,3,4,False,,0,True
R001469,P0049,5.9,0,2.5,55.4,2.94,9.02,5,6,False,,0,False
R001470,P0049,11.6,1127,7.3,49.2,6.51,9.58,3,3,True,17:50,36,False
R001471,P0050,27.6,3257,15.2,102.2,4.32,8.4,5,4,False,,0,False
R001472,P0050,0.0,30,0.0,51.7,6.37,7.74,6,6,False,,0,False
R001473,P0050,45.9,6400,6.6,75.8,6.25,8.43,5,9,True,14:16,10,False
R001474,P0050,24.9,2736,2.0,94.9,4.96,10.38,6,5,False,,0,False
R001475,P0050,27.9,4207,10.6,122.2,5.56,8.62,4,7,True,17:26,20,False
R001476,P0050,5.1,335,4.9,0.0,5.17,3.78,4,6,False,,0,False
R001477,P0050,3.8,1570,0.0,35.2,6.66,4.05,4,5,False,,0,False
R001478,P0050,0.0,166,0.0,101.5,5.64,8.14,3,4,False,,0,False
R001479,P0050,26.0,2112,1.4,104.4,6.94,9.78,4,4,True,17:53,10,False
R001480,P0050,10.9,570,0.0,77.1,5.35,8.12,4,2,False,,0,False
R001481,P0050,19.2,2439,9.2,20.5,4.44,10.05,5,5,False,,0,False
R001482,P0050,24.9,3248,21.6,15.7,8.41,8.1,4,6,False,,0,False
R001483,P0050,0.0,0,3.4,23.3,6.36,5.15,4,2,True,15:59,68,False
R001484,P0050,19.2,1121,18.8,156.3,5.84,3.51,5,6,True,15:04,50,False
R001485,P0050,3.3,1212,3.6,15.2,4.85,8.86,3,6,False,,0,False
R001486,P0050,0.0,0,5.0,101.9,5.8,7.35,4,4,True,15:35,73,False
R001487,P0050,0.0,0,0.8,148.5,5.26,11.2,3,4,False,,0,False
R001488,P0050,47.1,6470,10.2,16.8,5.18,8.63,6,7,False,,0,False
R001489,P0050,0.0,0,0.0,76.7,6.67,8.23,5,4,False,,0,False
R001490,P0050,0.0,109,0.0,19.3,5.5,1.67,3,6,False,,0,False
R001491,P0050,2.4,0,0.0,9.2,4.18,4.08,5,3,False,,0,True
R001492,P0050,0.0,0,3.2,98.4,5.09,9.73,4,4,False,,0,False
R001493,P0050,20.6,1679,10.6,76.5,5.85,9.71,3,6,False,,0,False
R001494,P0050,52.5,5632,20.0,46.4,5.17,8.76,3,4,False,,0,False
R001495,P0050,25.6,3523,2.2,95.8,4.94,7.53,5,3,False,,0,False
R001496,P0050,23.1,2705,12.6,71.4,7.2,9.14,4,5,False,,0,True
R001497,P0050,25.5,2865,10.5,109.4,5.85,2.71,3,5,False,,0,False
R001498,P0050,0.3,0,3.1,114.4,3.98,3.02,4,1,True,16:13,89,False
R001499,P0050,0.0,204,0.0,99.6,4.27,8.46,4,5,False,,0,False
R001500,P0050,24.3,2706,5.8,104.0,6.3,8.8,2,3,False,,0,False
R001501,P0051,39.2,3699,17.3,114.1,5.34,8.33,6,3,False,,0,False
R001502,P0051,53.3,6328,4.6,183.9,4.1,7.02,4,5,False,,0,False
R001503,P0051,48.4,5248,18.5,112.1,5.64,8.91,6,7,False,,0,False
R001504,P0051,16.2,2743,0.9,88.1,4.35,8.2,5,4,False,,0,False
R001505,P0051,34.5,5233,5.8,34.9,5.76,8.89,6,4,True,13:23,58,False
R001506,P0051,63.9,8237,13.8,103.6,6.32,2.06,9,7,False,,0,True
R001507,P0051,75.1,7245,22.5,26.4,5.75,3.79,10,8,True,16:25,50,True
R001508,P0051,67.0,7700,5.7,144.2,5.62,8.91,5,6,True,13:44,82,False
R001509,P0051,72.8,7388,22.6,147.9,4.14,8.8,5,5,False,,0,False
R001510,P0051,54.5,5873,14.4,193.8,6.4,8.7,5,6,False,,0,False
R001511,P0051,32.5,3564,17.0,171.1,5.39,7.49,4,4,False,,0,False
R001512,P0051,69.9,8027,10.0,55.4,3.98,7.95,4,6,False,,0,False
R001513,P0051,42.3,3653,14.4,45.4,5.23,2.01,4,2,False,,0,False
R001514,P0051,44.0,4971,18.5,103.4,6.49,2.69,4,4,False,,0,False
R001515,P0051,74.1,8455,27.3,126.3,5.35,5.93,6,5,True,17:51,20,False
R001516,P0051,82.8,7142,39.1,128.6,5.02,8.14,5,3,False,,0,False
R001517,P0051,51.8,4000,9.4,113.6,3.9,8.22,6,6,False,,0,False
R001518,P0051,44.1,5598,10.0,196.1,4.1,7.2,5,5,False,,0,False
R001519,P0051,71.4,8382,28.7,142.7,4.54,5.38,5,5,False,,0,False
R001520,P0051,50.2,6037,7.5,149.1,4.38,0.76,4,3,False,,0,False
R001521,P0051,71.9,7803,12.2,180.4,4.81,1.1,6,7,False,,0,False
R001522,P0051,58.0,7290,20.5,158.8,5.72,7.83,5,3,False,,0,False
R001523,P0051,35.2,3497,4.3,228.6,5.22,8.42,8,8,False,,0,False
R001524,P0051,45.8,5211,12.2,125.6,4.77,7.24,5,6,True,14:00,38,False
R001525,P0051,63.2,7982,28.9,106.9,4.46,8.35,3,4,True,16:08,60,False
R001526,P0051,11.5,1004,3.5,61.6,6.1,8.57,5,4,False,,0,False
R001527,P0051,31.0,4066,12.4,169.3,5.99,2.51,3,3,True,14:11,55,False
R001528,P0051,65.1,6312,15.3,125.4,6.27,4.04,6,6,False,,0,False
R001529,P0051,55.5,6403,4.1,100.9,5.55,8.4,7,3,False,,0,False
R001530,P0051,48.7,5080,22.7,58.6,5.75,9.97,5,7,False,,0,False
R001531,P0052,23.5,2281,3.0,92.5,0.74,9.25,6,4,True,17:25,22,True
R001532,P0052,23.9,3402,2.8,233.2,0.55,9.79,7,8,False,,0,False
R001533,P0052,66.7,8175,15.2,271.8,0.0,9.64,5,6,False,,0,False
R001534,P0052,42.0,4379,13.3,169.6,0.7,8.75,5,5,False,,0,False
R001535,P0052,12.6,2028,10.2,68.9,0.0,7.56,4,4,False,,0,False
R001536,P0052,51.7,6970,10.1,156.6,0.52,1.13,5,4,False,,0,False
R001537,P0052,39.5,3237,11.2,155.1,2.33,3.93,5,4,True,17:08,93,False
R001538,P0052,10.8,2034,3.0,228.2,0.08,8.05,4,4,True,15:31,10,True
R001539,P0052,32.0,5710,5.4,134.9,0.56,6.22,5,6,False,,0,False
R001540,P0052,37.8,3627,8.0,268.5,0.0,10.46,6,5,False,,0,False
R001541,P0052,15.9,1386,0.0,221.7,0.0,5.92,5,3,False,,0,False
R001542,P0052,56.0,6317,26.1,187.0,5.22,10.23,4,3,True,13:08,62,True
R001543,P0052,20.5,2343,7.8,105.0,0.0,2.32,6,5,False,,0,False
R001544,P0052,52.2,4313,20.5,227.9,0.97,2.16,5,3,True,13:31,39,False
R001545,P0052,20.0,1637,5.5,115.3,0.75,8.07,6,4,False,,0,False
R001546,P0052,33.0,3863,15.1,230.5,1.29,7.96,6,4,False,,0,False
R001547,P0052,28.2,1576,2.1,169.0,0.91,8.71,5,6,False,,0,False
R001548,P0052,36.5,4336,3.8,126.2,0.57,8.8,6,4,False,,0,False
R001549,P0052,38.7,4101,10.2,130.2,0.0,6.84,8,2,False,,0,False
R001550,P0052,19.1,1663,13.3,212.5,0.01,2.14,5,7,True,14:15,87,False
R001551,P0052,39.8,4492,15.4,129.4,1.77,2.84,6,4,False,,0,False
R001552,P0052,35.7,4069,13.0,181.6,0.83,8.05,7,4,False,,0,False
R001553,P0052,8.9,1766,0.0,133.7,0.56,7.17,6,3,False,,0,False
R001554,P0052,31.7,3666,0.1,210.2,2.37,8.71,7,5,True,14:51,32,False
R001555,P0052,11.6,1592,1.8,190.8,0.0,11.11,7,8,False,,0,False
R001556,P0052,15.6,2766,9.9,168.0,1.58,7.92,5,6,False,,0,False
R001557,P0052,9.7,2348,1.6,176.5,0.75,3.93,5,7,True,13:55,39,False
R001558,P0052,20.6,2931,5.6,171.3,0.0,3.43,6,5,False,,0,False
R001559,P0052,42.6,7046,12.6,106.8,1.16,6.79,5,3,False,,0,False
R001560,P0052,39.8,3880,2.6,106.5,1.18,7.32,6,7,False,,0,False
R001561,P0053,29.7,4001,8.6,11.4,5.26,7.72,4,4,False,,0,False
R001562,P0053,54.1,5422,20.5,0.0,3.87,8.17,5,7,False,,0,False
R001563,P0053,49.5,5038,15.1,54.8,6.34,6.66,4,2,False,,0,False
R001564,P0053,14.4,1351,0.0,29.9,3.93,6.66,5,4,False,,0,False
R001565,P0053,66.7,8282,14.6,70.1,6.15,6.84,6,2,False,,0,False
R001566,P0053,44.9,5917,3.7,35.1,5.17,2.51,8,7,False,,0,True
R001567,P0053,30.6,2452,0.0,0.0,7.56,2.56,5,3,False,,0,True
R001568,P0053,37.0,2794,8.5,208.6,5.22,8.05,4,4,True,13:03,29,True
R001569,P0053,32.9,2816,17.8,35.6,4.04,7.34,4,2,False,,0,False
R001570,P0053,41.9,5258,19.1,0.0,3.93,7.12,5,6,False,,0,False
R001571,P0053,50.2,5743,25.2,0.0,3.92,6.84,2,4,True,15:05,59,False
R001572,P0053,36.5,4635,14.7,2.5,3.76,7.36,4,4,False,,0,False
R001573,P0053,59.8,6640,15.9,18.3,4.59,1.3,3,4,False,,0,True
R001574,P0053,52.3,6536,20.7,120.2,5.11,1.95,6,8,False,,0,False
R001575,P0053,17.2,639,0.5,70.8,5.19,10.22,3,4,False,,0,False
R001576,P0053,24.5,2921,5.8,0.0,6.7,7.3,5,5,True,16:40,81,False
R001577,P0053,23.6,3883,6.4,0.0,4.0,7.83,4,4,False,,0,False
R001578,P0053,49.2,5355,25.7,85.9,6.49,8.28,5,5,False,,0,False
R001579,P0053,56.2,5673,4.4,0.0,5.25,6.92,5,6,False,,0,False
R001580,P0053,52.3,5005,20.3,69.3,5.22,2.52,4,4,False,,0,False
R001581,P0053,53.5,6406,6.9,46.2,6.07,3.1,4,4,False,,0,False
R001582,P0053,43.1,6616,9.4,0.0,2.88,7.03,3,3,False,,0,False
R001583,P0053,69.1,8006,35.2,0.0,3.98,6.89,4,3,False,,0,False
R001584,P0053,37.6,4674,13.1,0.0,4.04,8.3,5,6,False,,0,False
R001585,P0053,16.2,1866,7.5,9.6,5.42,7.51,7,6,False,,0,False
R001586,P0053,60.5,6707,5.1,11.6,3.67,9.15,4,3,True,17:28,55,False
R001587,P0053,28.6,2811,2.1,18.7,5.68,3.53,4,4,False,,0,False
R001588,P0053,50.9,5684,7.3,0.0,4.37,1.75,4,3,False,,0,False
R001589,P0053,0.0,0,0.0,0.0,3.37,7.13,3,7,False,,0,False
R001590,P0053,22.4,2678,14.8,0.0,4.56,7.55,3,2,False,,0,False
R001591,P0054,45.3,4420,9.9,188.9,6.84,6.21,1,3,True,16:30,41,False
R001592,P0054,44.5,4071,18.3,162.5,7.12,6.09,3,5,False,,0,False
R001593,P0054,66.3,5879,16.9,125.8,4.93,7.51,2,5,False,,0,False
R001594,P0054,35.8,5380,21.3,269.0,5.72,7.49,4,5,False,,0,False
R001595,P0054,24.1,3305,12.3,422.5,4.96,5.84,2,2,False,,0,True
R001596,P0054,50.8,4323,16.8,241.7,7.26,2.24,2,5,False,,0,False
R001597,P0054,44.6,6114,4.6,138.5,5.84,2.01,3,3,True,13:12,52,False
R001598,P0054,63.1,6034,21.8,216.5,5.75,6.8,2,3,False,,0,False
R001599,P0054,50.2,3375,3.5,231.0,5.82,8.43,5,4,False,,0,False
R001600,P0054,61.6,5832,30.1,166.1,6.79,6.11,1,4,False,,0,False
R001601,P0054,13.2,1099,5.8,205.4,5.73,6.95,2,3,False,,0,True
R001602,P0054,39.6,5017,0.8,156.7,5.0,7.19,4,5,False,,0,False
R001603,P0054,102.4,9859,32.7,190.4,6.07,3.7,2,3,False,,0,False
R001604,P0054,44.7,4357,8.9,194.4,6.51,1.45,4,4,False,,0,False
R001605,P0054,48.7,5003,26.2,201.5,6.11,8.02,4,3,False,,0,True
R001606,P0054,48.0,6906,14.4,186.4,5.15,6.52,4,3,True,13:54,54,False
R001607,P0054,43.9,3936,15.9,261.9,5.91,7.08,3,4,False,,0,False
R001608,P0054,3.3,820,4.1,205.5,6.76,6.9,3,3,False,,0,False
R001609,P0054,71.9,8733,15.5,209.8,6.29,8.59,4,4,False,,0,False
R001610,P0054,54.9,6858,16.1,202.0,5.86,1.54,3,4,True,17:45,65,False
R001611,P0054,49.5,7074,11.0,271.0,5.08,2.41,3,4,True,16:15,55,False
R001612,P0054,37.7,4586,11.8,192.8,5.26,8.75,2,3,True,14:02,44,False
R001613,P0054,63.2,7676,22.3,317.6,6.22,5.53,2,5,False,,0,True
R001614,P0054,140.9,16874,62.7,246.9,4.6,6.96,2,5,True,15:16,29,False
R001615,P0054,52.5,5286,22.0,204.1,6.21,4.83,3,6,False,,0,False
R001616,P0054,65.2,7036,13.8,178.9,4.66,9.17,1,3,False,,0,False
R001617,P0054,75.2,8480,29.1,188.9,6.89,3.97,1,4,True,14:42,23,False
R001618,P0054,29.3,2642,10.5,207.5,5.2,0.0,3,5,False,,0,False
R001619,P0054,20.6,3181,4.5,269.3,5.55,6.8,4,6,False,,0,False
R001620,P0054,56.2,6515,20.8,200.8,5.49,9.49,5,3,False,,0,False
R001621,P0055,28.2,1793,1.4,78.8,6.26,9.89,7,6,False,,0,False
R001622,P0055,28.5,3343,14.7,91.0,7.11,9.94,9,7,False,,0,False
R001623,P0055,5.8,0,0.0,149.2,5.8,7.5,7,7,False,,0,False
R001624,P0055,31.4,3049,16.0,99.4,7.52,8.61,9,6,False,,0,False
R001625,P0055,64.4,7585,21.5,71.9,6.5,7.08,7,4,False,,0,False
R001626,P0055,14.3,1191,4.0,78.6,6.38,3.81,8,6,False,,0,False
R001627,P0055,21.4,1490,0.0,49.9,5.76,4.11,8,7,False,,0,False
R001628,P0055,17.3,1373,8.5,32.2,4.81,9.71,10,6,False,,0,True
R001629,P0055,27.2,4448,19.6,178.3,7.54,8.53,5,5,True,16:11,59,False
R001630,P0055,2.8,0,0.0,162.6,7.08,8.04,7,7,False,,0,False
R001631,P0055,12.5,1575,0.0,1.8,5.91,8.93,6,6,False,,0,True
R001632,P0055,16.3,944,0.0,140.5,6.02,7.56,6,7,False,,0,False
R001633,P0055,34.2,3135,2.2,98.7,5.6,2.86,10,4,False,,0,True
R001634,P0055,35.0,4239,4.7,60.4,5.88,2.87,6,5,False,,0,False
R001635,P0055,30.0,2998,16.4,45.5,5.42,7.1,7,4,False,,0,False
R001636,P0055,46.0,6200,8.5,70.5,5.94,8.47,4,5,False,,0,False
R001637,P0055,38.0,3893,21.2,51.3,6.43,8.71,5,4,False,,0,False
R001638,P0055,47.4,5458,1.7,126.7,6.51,8.46,7,2,False,,0,False
R001639,P0055,43.4,4310,5.7,186.9,6.92,7.93,6,4,False,,0,False
R001640,P0055,33.7,3893,14.5,56.9,6.59,1.91,6,4,False,,0,False
R001641,P0055,39.3,4295,15.8,96.9,4.74,2.75,6,4,False,,0,False
R001642,P0055,36.9,5914,21.3,76.4,5.78,8.51,7,6,False,,0,False
R001643,P0055,15.5,2177,3.3,75.4,4.77,8.76,7,6,False,,0,False
R001644,P0055,13.4,1980,0.0,151.7,6.44,7.61,9,6,False,,0,False
R001645,P0055,40.3,5179,15.8,187.1,6.79,10.12,9,5,False,,0,False
R001646,P0055,36.4,5137,9.0,123.5,5.84,9.14,7,7,False,,0,False
R001647,P0055,17.0,2493,0.0,52.0,7.42,3.39,6,5,True,16:00,36,False
R001648,P0055,22.9,2105,8.9,142.9,5.36,3.13,9,6,True,13:31,67,True
R001649,P0055,7.5,770,2.6,82.7,8.28,8.13,5,4,False,,0,False
R001650,P0055,33.7,3231,12.2,115.2,7.33,8.35,6,4,True,17:29,25,False
R001651,P0056,45.0,6129,6.0,198.9,8.21,6.46,7,4,True,15:52,20,False
R001652,P0056,70.9,7386,15.7,158.9,7.19,4.17,4,4,True,13:23,44,False
R001653,P0056,52.6,4150,18.4,168.4,7.38,5.83,4,6,False,,0,False
R001654,P0056,20.2,3484,19.7,100.8,7.05,5.18,5,6,False,,0,True
R001655,P0056,94.4,11840,45.4,198.9,7.02,2.66,4,3,False,,0,False
R001656,P0056,50.8,7315,8.6,170.6,6.07,1.31,7,5,False,,0,False
R001657,P0056,17.2,2934,6.7,177.1,6.82,2.99,7,4,True,14:46,60,True
R001658,P0056,40.6,6385,9.0,240.9,7.98,4.22,4,6,False,,0,False
R001659,P0056,9.7,44,0.0,159.7,6.89,6.42,6,5,True,16:08,77,True
R001660,P0056,35.0,3824,13.4,185.9,7.16,3.31,5,5,True,17:59,61,False
R001661,P0056,86.5,12093,21.0,133.7,6.69,6.73,3,2,False,,0,False
R001662,P0056,32.3,4745,11.1,136.8,5.92,5.93,5,4,False,,0,False
R001663,P0056,74.2,8685,6.7,193.6,5.69,3.66,5,4,True,14:21,38,False
R001664,P0056,83.4,8627,26.2,212.2,6.84,1.26,3,3,False,,0,False
R001665,P0056,34.8,3477,11.9,203.1,6.99,6.3,4,5,False,,0,False
R001666,P0056,83.9,10158,29.2,141.6,7.0,4.9,5,3,False,,0,False
R001667,P0056,63.2,6990,11.3,113.0,7.77,4.92,4,6,False,,0,False
R001668,P0056,73.7,7818,26.6,192.2,6.18,4.84,4,5,False,,0,False
R001669,P0056,79.8,8248,33.5,172.7,7.94,5.58,4,7,False,,0,False
R001670,P0056,108.1,10191,21.6,177.1,6.47,2.09,3,5,True,14:49,44,True
R001671,P0056,67.2,6664,11.7,175.9,5.89,1.5,3,3,True,16:57,44,False
R001672,P0056,35.0,3628,2.7,168.1,11.03,7.1,5,6,True,16:09,36,True
R001673,P0056,66.3,6614,19.3,239.2,6.99,6.16,7,5,False,,0,True
R001674,P0056,79.2,10379,25.3,131.7,8.43,7.48,5,6,False,,0,False
R001675,P0056,18.0,600,7.9,180.2,7.33,6.06,7,6,False,,0,True
R001676,P0056,52.2,4860,20.3,208.8,7.96,7.46,4,5,True,15:15,14,False
R001677,P0056,63.0,8006,17.5,187.2,7.15,2.51,3,6,False,,0,False
R001678,P0056,67.4,7879,27.2,206.9,7.16,2.16,8,6,False,,0,False
R001679,P0056,63.1,5084,25.1,148.6,5.93,4.65,4,3,False,,0,False
R001680,P0056,76.8,8384,16.6,242.0,8.77,6.75,3,5,False,,0,True
R001681,P0057,7.0,368,0.0,122.5,4.26,7.97,4,3,False,,0,True
R001682,P0057,38.0,2608,16.5,166.7,3.02,9.11,6,6,False,,0,False
R001683,P0057,8.2,2330,0.0,145.8,4.44,9.61,3,6,True,13:59,56,True
R001684,P0057,75.3,8826,24.9,201.6,3.02,10.4,3,3,False,,0,False
R001685,P0057,92.2,7563,15.0,283.9,4.11,7.92,7,5,False,,0,False
R001686,P0057,74.1,9184,10.7,235.4,6.52,3.05,5,5,False,,0,True
R001687,P0057,54.3,3873,21.4,216.1,4.18,4.1,5,6,True,14:09,101,False
R001688,P0057,64.8,5915,14.3,227.5,0.61,9.96,9,7,False,,0,False
R001689,P0057,49.6,6167,10.7,171.0,3.83,8.7,5,6,False,,0,False
R001690,P0057,24.6,2017,13.8,189.6,2.98,8.69,4,6,True,15:47,16,True
R001691,P0057,75.0,6040,15.8,192.7,3.55,9.15,4,3,False,,0,False
R001692,P0057,57.3,7198,27.2,270.4,3.59,8.49,6,7,True,14:18,70,False
R001693,P0057,95.7,11447,36.7,164.7,4.05,3.46,3,5,False,,0,False
R001694,P0057,71.6,9527,14.6,203.5,5.52,4.8,6,5,True,16:57,53,False
R001695,P0057,51.4,5797,12.2,168.5,4.42,8.94,4,3,False,,0,False
R001696,P0057,72.5,7340,18.1,267.0,3.56,7.48,5,5,True,15:56,58,False
R001697,P0057,63.0,7138,15.4,193.7,7.85,8.64,6,5,False,,0,True
R001698,P0057,78.0,7611,24.6,258.3,1.97,8.37,4,4,False,,0,False
R001699,P0057,35.0,3268,3.2,227.2,3.58,10.0,6,5,False,,0,False
R001700,P0057,82.3,9133,26.5,253.2,4.35,3.33,4,5,False,,0,False
R001701,P0057,74.3,5275,12.0,231.0,5.38,2.16,5,4,False,,0,False
R001702,P0057,62.4,6119,17.4,119.2,0.92,8.0,6,4,False,,0,False
R001703,P0057,91.8,11978,30.0,235.2,4.58,8.95,5,6,True,13:45,38,True
R001704,P0057,81.7,7624,23.8,173.1,2.75,7.23,5,5,False,,0,False
R001705,P0057,118.3,13433,34.0,128.5,0.41,9.27,2,2,False,,0,False
R001706,P0057,69.8,6445,26.5,200.7,4.1,9.68,2,3,False,,0,False
R001707,P0057,96.4,9717,26.3,200.5,4.02,3.37,4,6,False,,0,False
R001708,P0057,67.7,8941,21.5,265.6,2.28,1.9,3,2,False,,0,False
R001709,P0057,61.6,6971,11.6,343.6,3.43,8.12,5,3,False,,0,False
R001710,P0057,86.6,10834,28.7,229.0,4.26,8.42,5,4,False,,0,False
R001711,P0058,32.3,4428,0.0,130.0,7.03,7.34,8,4,False,,0,False
R001712,P0058,61.3,6959,9.7,188.6,4.7,7.6,7,5,True,14:06,79,False
R001713,P0058,55.0,7569,25.0,167.0,6.55,8.99,8,6,False,,0,False
R001714,P0058,50.8,4964,6.7,203.7,5.64,8.0,8,6,False,,0,False
R001715,P0058,60.9,5531,24.3,180.7,4.17,8.55,6,6,False,,0,False
R001716,P0058,35.9,3985,22.2,244.6,5.49,2.75,6,7,False,,0,False
R001717,P0058,53.0,6800,9.7,257.3,4.62,3.35,6,6,False,,0,False
R001718,P0058,39.0,3616,19.1,194.2,5.04,10.3,7,5,False,,0,False
R001719,P0058,36.1,3627,10.3,203.9,5.34,7.2,7,6,False,,0,False
R001720,P0058,21.3,3464,7.7,213.7,5.04,6.53,7,6,False,,0,False
R001721,P0058,60.1,6443,22.2,119.6,4.83,7.83,7,4,False,,0,False
R001722,P0058,30.0,1562,2.5,179.9,5.67,7.92,7,5,True,16:44,27,True
R001723,P0058,61.9,7037,15.6,251.8,7.1,3.04,8,7,False,,0,False
R001724,P0058,54.9,5002,22.8,96.9,6.24,3.13,7,4,False,,0,False
R001725,P0058,96.0,12162,30.5,198.1,5.57,8.72,8,5,False,,0,False
R001726,P0058,62.8,7110,21.2,162.1,5.15,6.22,6,4,False,,0,False
R001727,P0058,47.8,5402,12.3,215.8,3.8,8.28,7,4,False,,0,False
R001728,P0058,43.8,4386,13.2,192.4,5.04,8.29,6,4,False,,0,False
R001729,P0058,74.2,6289,23.0,177.6,6.53,9.08,10,6,False,,0,True
R001730,P0058,70.4,7480,14.3,210.6,6.66,3.48,8,5,False,,0,False
R001731,P0058,54.9,5183,6.7,166.5,4.11,3.43,7,7,False,,0,False
R001732,P0058,43.4,4733,21.5,141.9,5.61,8.72,7,5,False,,0,False
R001733,P0058,75.8,6925,36.8,202.6,6.39,6.35,8,6,False,,0,False
R001734,P0058,27.4,2456,14.0,192.2,5.21,7.0,6,6,False,,0,False
R001735,P0058,49.2,4896,19.0,178.6,4.44,8.19,8,8,False,,0,False
R001736,P0058,54.4,6472,12.6,198.5,4.4,9.11,5,5,False,,0,False
R001737,P0058,45.2,1970,14.4,182.4,4.58,3.33,7,6,False,,0,False
R001738,P0058,46.3,4879,13.8,159.7,4.55,3.39,5,5,False,,0,False
R001739,P0058,11.7,0,2.6,197.1,5.45,7.9,7,7,False,,0,False
R001740,P0058,24.0,1650,3.5,127.2,6.02,9.04,8,5,False,,0,True
R001741,P0059,37.9,4236,14.8,194.4,5.84,10.75,2,3,False,,0,False
R001742,P0059,14.1,953,3.4,107.3,6.93,11.18,2,4,False,,0,False
R001743,P0059,22.7,3565,14.8,177.8,7.34,12.08,4,7,False,,0,True
R001744,P0059,54.2,6196,22.3,135.8,7.85,10.81,2,3,False,,0,False
R001745,P0059,45.0,4487,6.8,121.6,6.18,10.97,1,3,False,,0,False
R001746,P0059,13.9,2010,8.5,174.5,7.71,2.93,2,3,False,,0,True
R001747,P0059,14.5,2390,0.1,245.0,6.4,1.45,4,6,False,,0,False
R001748,P0059,0.0,891,0.0,95.1,7.29,10.13,3,5,False,,0,False
R001749,P0059,30.8,3334,0.0,124.4,8.88,11.3,2,5,False,,0,False
R001750,P0059,36.6,4839,19.9,115.2,7.79,9.96,3,5,False,,0,False
R001751,P0059,27.1,3306,2.8,119.7,7.36,10.43,1,3,False,,0,False
R001752,P0059,2.8,387,0.0,341.6,6.0,11.46,2,3,True,17:19,61,True
R001753,P0059,25.7,3355,4.8,194.5,7.71,1.89,1,3,False,,0,False
R001754,P0059,0.0,0,0.0,180.6,7.56,5.35,1,2,False,,0,False
R001755,P0059,61.6,6001,20.3,145.8,8.28,9.87,3,5,False,,0,False
R001756,P0059,0.0,763,0.0,159.9,8.36,12.95,5,6,False,,0,False
R001757,P0059,34.6,3634,13.6,117.0,7.21,11.24,2,4,False,,0,False
R001758,P0059,28.6,3968,0.0,131.4,7.57,11.88,2,4,False,,0,False
R001759,P0059,23.6,2609,9.0,170.1,7.24,9.04,3,2,False,,0,False
R001760,P0059,24.5,1784,14.4,162.6,7.46,4.3,3,3,False,,0,False
R001761,P0059,4.2,422,1.0,163.8,8.26,3.2,3,2,False,,0,False
R001762,P0059,10.2,1764,12.4,74.0,8.69,13.0,3,4,True,16:41,51,False
R001763,P0059,40.9,4648,6.9,139.6,5.84,11.45,5,3,False,,0,False
R001764,P0059,3.1,1247,2.2,143.4,7.72,10.07,7,6,False,,0,False
R001765,P0059,18.7,1291,1.0,111.5,6.79,9.78,4,6,False,,0,False
R001766,P0059,55.5,4765,23.3,164.2,8.88,11.24,3,5,False,,0,False
R001767,P0059,32.7,2289,4.8,146.7,9.59,3.88,3,3,False,,0,False
R001768,P0059,38.1,3682,10.2,202.4,6.45,4.7,4,3,False,,0,False
R001769,P0059,11.8,2289,0.0,121.1,8.15,9.38,3,6,True,14:41,45,False
R001770,P0059,34.4,3686,9.2,145.8,6.3,9.28,3,6,False,,0,False
R001771,P0060,71.0,7353,29.2,269.7,8.31,9.37,4,4,False,,0,False
R001772,P0060,51.4,5332,20.4,209.0,7.01,7.58,5,4,False,,0,False
R001773,P0060,45.1,3880,12.7,255.2,7.88,9.0,6,5,False,,0,False
R001774,P0060,45.4,4050,14.6,184.0,12.07,7.66,7,6,False,,0,True
R001775,P0060,54.7,5169,12.0,268.2,7.85,7.85,7,6,False,,0,False
R001776,P0060,65.9,7121,25.9,200.5,6.8,2.92,6,5,True,13:17,49,False
R001777,P0060,74.0,8463,9.6,334.3,8.62,3.33,6,3,True,16:57,10,False
R001778,P0060,67.6,7765,21.2,277.9,7.79,9.19,7,4,False,,0,False
R001779,P0060,36.3,2929,16.7,194.4,7.61,7.04,8,5,False,,0,False
R001780,P0060,52.8,5435,11.2,242.9,6.76,9.4,5,6,False,,0,False
R001781,P0060,70.9,9265,12.4,521.4,9.35,7.72,7,1,True,15:16,59,True
R001782,P0060,26.4,4084,17.5,227.6,7.61,10.16,5,4,False,,0,False
R001783,P0060,56.3,6510,9.5,252.0,7.62,4.16,6,5,False,,0,False
R001784,P0060,65.7,7398,23.1,238.7,8.35,3.12,6,5,False,,0,False
R001785,P0060,64.2,6915,13.0,273.2,8.28,9.4,5,5,False,,0,False
R001786,P0060,66.1,9802,13.0,246.8,7.71,9.57,6,5,False,,0,False
R001787,P0060,53.0,5874,18.0,244.1,10.23,10.74,7,5,False,,0,True
R001788,P0060,50.3,6650,20.6,231.8,7.81,8.86,6,3,False,,0,False
R001789,P0060,50.2,3742,9.4,261.0,8.28,8.81,7,6,False,,0,False
R001790,P0060,57.6,7550,16.2,246.2,9.44,2.05,7,6,False,,0,False
R001791,P0060,68.1,6954,12.9,320.8,8.19,4.92,5,4,False,,0,False
R001792,P0060,90.0,10241,25.9,195.5,8.65,7.74,6,7,False,,0,False
R001793,P0060,49.7,5325,11.4,224.4,7.87,8.33,5,4,False,,0,False
R001794,P0060,42.3,4470,5.0,233.9,8.7,8.06,8,4,False,,0,False
R001795,P0060,62.8,7063,19.8,223.5,6.32,7.83,7,5,False,,0,False
R001796,P0060,47.8,3699,13.6,306.6,7.1,8.69,6,3,False,,0,False
R001797,P0060,32.1,3524,10.9,228.0,8.27,1.71,7,6,False,,0,False
R001798,P0060,41.3,4933,0.0,314.4,8.36,2.73,3,2,False,,0,False
R001799,P0060,46.8,6458,8.5,248.7,7.04,7.32,4,5,False,,0,False
R001800,P0060,69.0,8295,30.3,320.5,7.31,8.79,6,6,False,,0,True
R001801,P0061,19.9,866,8.1,87.7,4.73,6.86,5,3,True,13:44,96,False
R001802,P0061,34.4,1770,16.2,98.8,5.38,7.61,3,3,False,,0,False
R001803,P0061,6.9,0,0.0,70.5,6.57,7.94,2,6,True,13:06,54,False
R001804,P0061,22.8,4167,7.4,192.8,5.36,6.11,5,6,True,16:16,96,False
R001805,P0061,22.3,2746,0.0,120.1,5.18,6.42,6,4,False,,0,False
R001806,P0061,0.0,133,0.0,195.5,5.57,2.8,3,5,True,14:28,10,False
R001807,P0061,0.0,0,3.5,89.4,5.78,2.36,4,4,True,14:07,40,False
R001808,P0061,10.1,0,0.0,137.2,6.17,7.48,5,4,True,15:57,42,True
R001809,P0061,0.0,1513,0.4,169.8,7.87,6.46,6,6,False,,0,True
R001810,P0061,60.2,7084,14.9,154.1,5.29,7.42,3,6,True,16:50,93,False
R001811,P0061,47.3,3119,16.0,123.4,6.88,6.6,3,3,False,,0,False
R001812,P0061,28.4,1623,6.2,163.7,7.69,6.71,4,5,True,17:48,10,False
R001813,P0061,19.0,3018,7.1,99.9,8.39,3.56,2,5,False,,0,False
R001814,P0061,0.6,392,1.8,143.8,6.65,1.6,6,4,False,,0,False
R001815,P0061,11.1,512,4.7,167.9,5.82,5.66,4,4,False,,0,False
R001816,P0061,39.5,6779,1.2,206.4,5.19,8.16,6,4,False,,0,False
R001817,P0061,20.4,2094,6.6,217.3,5.27,6.6,5,2,False,,0,False
R001818,P0061,0.0,232,0.0,129.5,7.14,7.89,5,5,True,17:06,57,False
R001819,P0061,11.1,1923,0.0,109.2,5.65,5.17,4,3,False,,0,False
R001820,P0061,23.6,4366,10.1,53.2,11.26,1.86,4,4,False,,0,True
R001821,P0061,18.0,1674,8.5,57.7,5.12,2.87,6,6,False,,0,False
R001822,P0061,20.4,2777,2.7,128.9,6.58,6.31,5,4,True,13:18,18,False
R001823,P0061,18.8,1980,0.0,129.8,4.06,5.95,4,5,False,,0,False
R001824,P0061,0.0,1359,0.0,86.5,5.41,6.08,3,3,True,13:19,84,False
R001825,P0061,11.0,854,3.6,119.5,4.9,8.45,4,4,False,,0,False
R001826,P0061,0.0,818,0.0,144.5,5.1,5.05,6,6,False,,0,False
R001827,P0061,1.3,0,1.8,129.5,6.13,1.7,3,4,False,,0,True
R001828,P0061,27.3,3241,9.8,62.9,4.01,2.21,3,3,False,,0,False
R001829,P0061,16.3,1255,6.8,120.1,6.66,6.44,3,5,True,13:43,75,False
R001830,P0061,0.0,0,4.8,154.4,4.93,6.35,4,7,False,,0,False
R001831,P0062,20.9,2866,4.8,135.9,7.97,6.75,3,4,False,,0,False
R001832,P0062,31.8,4204,25.9,113.0,8.73,7.67,7,3,True,16:33,66,True
R001833,P0062,47.8,5884,21.7,70.0,9.13,7.36,5,4,False,,0,False
R001834,P0062,76.1,10216,34.0,273.5,6.68,7.88,5,5,True,14:59,67,True
R001835,P0062,13.7,736,1.3,91.1,6.81,6.54,2,3,False,,0,False
R001836,P0062,23.8,3258,0.0,0.0,8.71,3.56,2,4,False,,0,False
R001837,P0062,37.8,3956,8.8,123.7,6.36,3.25,5,6,False,,0,False
R001838,P0062,62.9,8147,22.6,96.4,11.28,6.01,4,3,True,15:26,90,True
R001839,P0062,44.6,3790,16.3,144.3,9.04,7.64,5,4,True,17:40,30,False
R001840,P0062,37.3,4642,11.9,62.3,8.87,5.52,3,4,False,,0,False
R001841,P0062,25.7,3929,6.0,39.7,9.75,7.83,4,4,True,13:05,47,False
R001842,P0062,21.3,2288,7.0,45.4,8.66,3.99,5,4,False,,0,True
R001843,P0062,38.0,4635,0.0,0.0,8.17,1.31,4,4,True,17:54,28,False
R001844,P0062,18.7,2453,0.1,108.5,9.71,1.93,4,3,False,,0,False
R001845,P0062,40.3,4447,6.0,128.2,6.71,6.77,4,4,True,13:53,35,False
R001846,P0062,29.1,2120,5.0,56.3,11.11,5.84,5,4,True,16:12,41,False
R001847,P0062,70.0,7645,32.9,35.3,8.39,4.98,3,4,False,,0,False
R001848,P0062,35.6,5568,23.8,63.2,8.41,8.49,3,3,False,,0,True
R001849,P0062,75.9,8142,25.9,5.9,9.63,5.31,3,2,True,16:50,27,False
R001850,P0062,48.8,5899,23.9,0.0,9.82,1.53,5,5,False,,0,False
R001851,P0062,9.8,869,4.6,77.6,9.5,2.92,2,2,False,,0,False
R001852,P0062,19.5,2332,4.5,42.1,7.22,7.78,2,3,True,13:50,76,False
R001853,P0062,32.5,4086,4.7,146.4,7.67,6.45,6,3,False,,0,True
R001854,P0062,56.9,6037,13.6,68.3,8.68,6.93,3,2,False,,0,True
R001855,P0062,39.3,5232,6.7,92.7,8.51,5.26,4,6,True,17:21,95,False
R001856,P0062,22.2,3199,11.3,59.1,10.56,7.03,3,6,False,,0,False
R001857,P0062,47.6,5973,20.6,117.9,8.58,2.5,6,7,False,,0,False
R001858,P0062,51.1,4945,10.6,40.8,8.01,0.43,4,4,False,,0,False
R001859,P0062,49.5,4274,11.6,81.7,8.45,6.61,3,5,False,,0,True
R001860,P0062,42.6,5110,15.1,108.2,7.81,6.7,5,7,True,17:37,55,False
R001861,P0063,54.2,7603,11.9,331.9,5.88,5.65,4,3,False,,0,False
R001862,P0063,71.7,7558,34.1,240.8,4.54,4.83,7,5,False,,0,False
R001863,P0063,69.8,8298,18.1,244.1,7.84,5.1,7,5,False,,0,False
R001864,P0063,6.3,1186,0.0,258.7,4.59,5.66,6,5,True,17:06,98,True
R001865,P0063,50.0,5256,1.2,294.0,5.88,6.83,6,6,False,,0,False
R001866,P0063,52.5,7376,19.2,214.2,2.37,3.87,6,5,False,,0,False
R001867,P0063,19.1,940,0.0,267.8,5.23,3.03,6,8,False,,0,False
R001868,P0063,58.2,7346,23.3,238.0,6.44,5.67,8,6,False,,0,False
R001869,P0063,50.5,6160,9.2,230.2,6.28,6.38,7,7,False,,0,False
R001870,P0063,26.1,1610,13.5,225.4,6.25,6.21,5,4,True,13:18,28,False
R001871,P0063,31.2,4461,14.2,300.2,2.64,7.33,4,6,False,,0,True
R001872,P0063,55.6,5970,22.6,303.7,4.87,5.36,7,5,False,,0,False
R001873,P0063,40.0,4649,19.8,285.2,6.59,2.46,7,5,False,,0,False
R001874,P0063,36.6,4474,9.2,213.5,4.9,0.9,5,6,False,,0,False
R001875,P0063,24.5,1882,5.6,220.3,6.12,7.67,7,7,False,,0,False
R001876,P0063,28.3,1953,2.7,207.2,6.07,6.94,7,3,False,,0,False
R001877,P0063,41.2,4215,0.5,267.2,5.66,6.49,7,6,True,15:17,77,False
R001878,P0063,61.9,7523,10.1,180.9,6.45,8.14,7,4,False,,0,False
R001879,P0063,39.8,5302,16.2,284.7,4.96,6.78,6,4,False,,0,False
R001880,P0063,68.2,4564,14.6,211.3,4.83,3.34,5,4,False,,0,False
R001881,P0063,8.6,728,1.1,247.3,4.34,3.3,5,5,True,13:04,44,True
R001882,P0063,50.4,4784,20.0,171.4,5.2,4.02,8,5,False,,0,False
R001883,P0063,34.2,4057,13.3,145.1,4.95,6.06,6,4,False,,0,False
R001884,P0063,52.8,7202,5.0,216.1,8.0,8.0,6,3,False,,0,False
R001885,P0063,62.3,6073,20.8,247.1,5.23,8.7,7,8,False,,0,False
R001886,P0063,53.0,4430,9.8,200.2,5.13,6.71,7,5,True,16:33,38,False
R001887,P0063,64.3,5600,15.9,308.9,6.46,4.06,4,5,False,,0,False
R001888,P0063,38.3,4438,16.1,274.1,5.86,1.53,7,4,False,,0,False
R001889,P0063,55.8,7256,20.5,220.0,5.83,6.56,6,7,False,,0,False
R001890,P0063,55.0,6012,8.9,231.4,6.31,7.21,7,7,False,,0,False
R001891,P0064,35.6,4112,8.9,130.5,2.42,4.73,8,6,False,,0,False
R001892,P0064,41.2,5871,3.7,50.3,2.43,4.48,8,5,False,,0,False
R001893,P0064,26.6,2406,6.5,132.2,2.09,4.44,9,7,False,,0,False
R001894,P0064,43.3,4121,11.7,127.8,3.23,5.24,7,7,True,21:20,54,False
R001895,P0064,6.7,1453,0.0,135.6,3.14,5.69,7,6,True,19:41,21,False
R001896,P0064,49.7,5474,8.8,110.2,2.48,0.96,8,3,False,,0,False
R001897,P0064,19.2,1714,0.0,11.2,2.32,2.53,8,4,True,21:35,25,False
R001898,P0064,11.2,1383,7.6,44.0,3.24,5.31,6,7,False,,0,False
R001899,P0064,25.0,1009,12.4,48.6,3.53,6.54,8,9,False,,0,False
R001900,P0064,23.0,2411,10.0,175.9,4.37,7.18,9,5,False,,0,False
R001901,P0064,18.1,2462,0.0,109.7,3.82,4.3,9,6,True,19:34,13,True
R001902,P0064,44.6,4848,4.0,95.4,1.4,6.44,7,6,True,19:49,10,False
R001903,P0064,10.6,2772,7.6,334.5,1.94,1.97,8,5,True,20:05,68,True
R001904,P0064,79.1,9853,37.0,59.9,3.13,2.38,6,3,False,,0,False
R001905,P0064,44.3,3703,0.0,136.0,3.57,6.46,7,7,False,,0,False
R001906,P0064,25.9,3377,0.0,137.8,2.18,6.07,7,7,True,19:47,25,False
R001907,P0064,33.0,2391,3.2,137.3,3.88,6.9,7,6,False,,0,False
R001908,P0064,46.3,2629,16.2,68.9,2.49,5.06,7,6,True,21:30,62,False
R001909,P0064,26.0,3609,10.9,85.5,2.38,8.06,9,5,True,19:18,34,False
R001910,P0064,47.0,6944,8.5,169.5,1.91,3.74,7,5,False,,0,False
R001911,P0064,20.4,3220,20.0,91.8,3.61,2.47,7,5,True,21:57,10,False
R001912,P0064,32.9,3197,11.0,93.0,3.11,5.82,8,6,False,,0,False
R001913,P0064,8.1,1220,0.0,34.6,2.0,6.49,7,6,False,,0,False
R001914,P0064,48.5,5743,16.0,85.3,3.51,5.19,8,6,False,,0,False
R001915,P0064,0.0,317,0.0,63.4,4.19,4.81,7,5,False,,0,False
R001916,P0064,73.5,8306,31.2,94.9,2.76,5.08,9,5,True,19:39,29,False
R001917,P0064,16.1,1750,1.1,93.0,4.35,1.43,6,4,True,21:51,21,False
R001918,P0064,19.6,1473,15.9,123.6,4.55,2.11,9,6,False,,0,False
R001919,P0064,25.3,1738,11.2,109.7,3.7,5.87,7,5,True,21:32,23,False
R001920,P0064,32.3,4536,10.7,15.9,4.14,6.84,7,6,False,,0,False
R001921,P0065,45.5,5461,16.5,119.2,5.5,6.55,3,3,False,,0,False
R001922,P0065,31.8,3578,7.5,179.8,5.33,7.04,2,3,False,,0,False
R001923,P0065,44.5,5103,2.7,223.1,6.91,7.75,4,4,False,,0,True
R001924,P0065,37.6,3916,0.9,261.1,5.19,6.22,4,5,True,13:33,46,False
R001925,P0065,43.6,5031,9.4,223.5,6.51,8.67,2,4,False,,0,False
R001926,P0065,50.6,6378,15.8,146.2,3.8,1.9,3,5,True,15:02,72,False
R001927,P0065,22.8,2773,8.1,143.9,6.6,4.84,5,6,False,,0,False
R001928,P0065,44.3,4716,9.1,203.8,6.55,7.12,5,4,False,,0,True
R001929,P0065,43.9,3787,14.4,76.4,11.44,8.43,3,5,False,,0,True
R001930,P0065,14.2,1156,5.2,254.9,6.5,9.22,4,6,False,,0,False
R001931,P0065,40.2,5225,10.3,196.1,5.91,8.88,3,1,False,,0,False
R001932,P0065,26.8,3386,10.5,186.0,4.92,6.54,4,6,False,,0,True
R001933,P0065,47.8,4315,21.8,208.5,6.16,0.46,2,5,False,,0,False
R001934,P0065,28.4,2946,7.9,105.1,6.27,2.39,3,3,False,,0,False
R001935,P0065,39.1,4335,6.4,169.9,6.06,8.04,1,3,False,,0,False
R001936,P0065,66.9,8757,9.3,182.9,6.62,6.93,3,4,False,,0,False
R001937,P0065,27.6,2245,9.3,177.5,6.85,6.82,5,6,True,13:18,10,False
R001938,P0065,48.0,6221,18.2,90.2,5.77,9.54,2,2,False,,0,False
R001939,P0065,36.1,4111,6.9,227.3,6.57,7.68,2,4,False,,0,False
R001940,P0065,67.5,7828,22.9,137.1,5.7,2.29,4,6,False,,0,False
R001941,P0065,51.9,5312,21.8,254.0,6.18,2.49,3,4,False,,0,False
R001942,P0065,67.1,7133,10.4,197.1,6.78,8.42,4,4,False,,0,False
R001943,P0065,14.6,1949,7.5,221.4,6.5,7.36,4,6,False,,0,False
R001944,P0065,43.2,5377,1.1,226.8,6.35,7.29,3,3,False,,0,False
R001945,P0065,12.3,1935,5.3,199.3,6.27,7.84,3,5,True,15:16,43,True
R001946,P0065,6.3,1187,2.5,143.8,4.35,8.71,2,4,False,,0,False
R001947,P0065,42.9,4289,15.3,196.8,8.4,3.11,4,3,False,,0,False
R001948,P0065,67.1,8065,31.0,214.9,6.01,1.88,1,2,True,14:58,40,False
R001949,P0065,71.5,9141,11.7,159.0,5.98,10.44,4,4,True,14:04,26,False
R001950,P0065,26.2,3685,1.2,204.7,5.74,9.56,2,5,False,,0,False
R001951,P0066,34.5,3294,7.7,82.0,4.09,8.63,7,4,False,,0,False
R001952,P0066,37.2,3769,12.8,34.1,4.33,6.08,5,3,False,,0,False
R001953,P0066,0.0,353,0.7,44.3,4.64,6.4,4,3,False,,0,True
R001954,P0066,39.4,4119,9.3,197.0,6.24,5.45,5,8,False,,0,True
R001955,P0066,37.9,4359,16.0,91.7,2.56,6.4,5,4,False,,0,False
R001956,P0066,27.4,2274,0.0,30.2,3.62,4.9,4,4,False,,0,False
R001957,P0066,56.9,5863,14.8,87.7,4.88,1.4,4,3,True,15:46,32,False
R001958,P0066,29.7,2182,9.6,82.3,4.88,6.78,5,5,False,,0,False
R001959,P0066,27.4,2974,20.8,53.2,3.07,7.01,4,5,False,,0,False
R001960,P0066,3.5,2996,4.8,88.1,4.05,6.36,3,3,False,,0,False
R001961,P0066,23.0,4277,7.3,63.3,3.82,5.98,8,7,False,,0,False
R001962,P0066,14.7,1795,7.7,105.1,5.05,7.07,4,5,False,,0,False
R001963,P0066,17.1,717,2.2,54.1,2.11,2.01,5,5,False,,0,False
R001964,P0066,0.0,0,0.0,109.6,3.37,1.91,5,4,False,,0,True
R001965,P0066,26.6,2492,6.6,188.1,4.95,8.55,7,9,False,,0,False
R001966,P0066,0.0,0,0.0,45.3,3.41,8.45,5,3,False,,0,False
R001967,P0066,19.4,3076,4.5,107.7,2.54,8.42,5,3,False,,0,False
R001968,P0066,59.1,7502,22.3,99.7,4.25,6.75,5,3,False,,0,False
R001969,P0066,38.9,4502,2.4,30.0,4.33,7.71,5,3,False,,0,False
R001970,P0066,20.2,2350,17.0,74.0,4.45,1.15,4,3,False,,0,False
R001971,P0066,0.0,723,0.0,105.6,2.58,2.11,5,5,False,,0,False
R001972,P0066,5.6,817,2.0,92.6,4.16,7.87,6,9,False,,0,False
R001973,P0066,20.8,2604,7.2,124.9,3.47,6.95,5,4,True,13:44,48,False
R001974,P0066,29.0,3443,10.1,71.4,4.11,7.28,6,9,True,13:31,38,False
R001975,P0066,51.2,6338,19.3,140.5,6.0,5.89,5,5,False,,0,False
R001976,P0066,53.7,5895,10.8,73.7,3.51,7.17,4,4,False,,0,False
R001977,P0066,57.6,5549,22.0,0.0,3.49,0.71,5,5,False,,0,False
R001978,P0066,26.9,2085,3.9,46.3,2.32,2.53,7,4,False,,0,False
R001979,P0066,32.5,5212,7.2,152.6,4.02,7.24,4,5,False,,0,False
R001980,P0066,24.8,3801,7.5,85.4,3.85,6.91,5,6,False,,0,False
R001981,P0067,63.5,6117,7.9,223.0,2.86,8.25,7,4,True,19:04,41,False
R001982,P0067,10.5,671,4.9,181.1,4.84,7.2,4,3,False,,0,True
R001983,P0067,48.1,6189,12.1,127.2,2.74,8.81,9,5,False,,0,False
R001984,P0067,51.5,6102,25.6,230.1,4.27,5.77,7,5,True,19:53,82,False
R001985,P0067,65.9,7524,18.2,235.2,4.33,7.48,6,5,False,,0,False
R001986,P0067,77.5,7524,35.3,229.0,1.36,2.45,7,5,True,20:23,38,False
R001987,P0067,83.7,11395,20.9,221.1,2.82,2.24,7,6,False,,0,False
R001988,P0067,75.6,8920,22.0,231.5,3.13,8.91,8,6,False,,0,False
R001989,P0067,78.5,8502,6.2,289.0,2.6,8.17,7,4,True,21:48,15,False
R001990,P0067,70.8,7037,25.3,243.8,2.85,8.93,7,7,False,,0,False
R001991,P0067,63.4,8362,24.8,193.9,3.76,7.2,7,6,False,,0,False
R001992,P0067,58.1,9129,16.9,163.8,5.58,7.11,10,6,False,,0,False
R001993,P0067,26.6,3082,9.3,172.3,3.27,4.32,8,6,False,,0,False
R001994,P0067,59.1,5114,22.9,243.9,2.08,3.75,7,7,True,21:33,51,False
R001995,P0067,71.6,7968,44.1,280.6,2.18,10.69,5,2,False,,0,False
R001996,P0067,89.0,10563,34.1,254.0,2.61,7.58,7,4,False,,0,False
R001997,P0067,57.4,6514,19.4,212.9,3.49,7.05,8,4,False,,0,False
R001998,P0067,58.4,6404,11.2,248.3,3.5,8.63,7,5,False,,0,False
R001999,P0067,71.6,8254,7.2,115.5,2.75,9.89,7,6,False,,0,False
R002000,P0067,60.4,7029,24.1,306.1,3.48,3.8,8,4,False,,0,False
R002001,P0067,70.2,6325,11.7,204.5,3.47,2.57,7,6,False,,0,False
R002002,P0067,53.8,6529,12.2,159.4,4.61,9.45,9,6,False,,0,False
R002003,P0067,41.0,3393,0.4,162.9,4.55,8.11,6,5,True,20:07,51,False
R002004,P0067,79.5,9881,27.7,220.1,2.51,10.29,6,5,False,,0,False
R002005,P0067,51.8,6420,9.7,216.4,2.6,9.32,7,5,False,,0,False
R002006,P0067,64.5,7287,24.6,226.8,3.1,8.4,8,3,False,,0,False
R002007,P0067,54.4,7306,14.7,209.6,3.67,3.49,8,5,True,19:58,10,False
R002008,P0067,80.7,9464,21.0,178.5,3.69,2.73,8,6,False,,0,False
R002009,P0067,50.0,5540,18.4,124.3,2.45,10.2,7,5,False,,0,False
R002010,P0067,50.3,4386,9.3,238.6,2.05,8.52,8,5,True,20:59,63,True
R002011,P0068,83.4,8219,27.9,66.6,7.93,7.59,8,7,False,,0,False
R002012,P0068,97.1,9349,30.3,0.0,8.46,5.97,7,5,False,,0,False
R002013,P0068,45.1,6825,7.4,48.7,8.8,8.11,8,4,False,,0,False
R002014,P0068,83.2,8089,26.6,42.3,5.7,8.33,5,5,False,,0,False
R002015,P0068,67.5,6833,34.5,148.3,13.42,7.33,8,5,False,,0,True
R002016,P0068,42.0,5356,5.7,57.3,5.82,3.03,7,6,False,,0,True
R002017,P0068,65.7,7343,19.2,2.5,7.3,3.15,9,4,False,,0,False
R002018,P0068,74.3,9569,30.9,17.8,7.35,9.84,8,3,True,15:31,29,False
R002019,P0068,72.1,9172,32.2,13.6,8.8,7.72,8,4,True,16:07,50,False
R002020,P0068,88.4,7384,32.9,10.6,9.18,7.49,7,4,False,,0,False
R002021,P0068,77.8,9290,17.8,0.0,8.8,6.9,10,5,True,15:53,37,True
R002022,P0068,102.2,11252,42.1,88.7,6.23,8.07,8,8,False,,0,False
R002023,P0068,82.6,11063,22.8,39.6,8.46,2.02,9,7,False,,0,False
R002024,P0068,73.7,8449,18.3,56.6,7.43,2.29,7,5,True,14:02,10,False
R002025,P0068,89.8,10277,27.4,22.9,7.71,6.83,8,7,False,,0,False
R002026,P0068,73.4,6962,23.1,29.2,7.76,7.5,8,5,False,,0,False
R002027,P0068,88.2,9460,31.0,96.3,7.81,7.78,6,5,False,,0,False
R002028,P0068,53.1,6540,15.1,106.0,8.14,6.56,10,8,True,16:00,50,True
R002029,P0068,55.2,8035,16.0,52.2,8.49,7.95,9,8,False,,0,False
R002030,P0068,118.1,11465,45.9,66.5,12.18,3.75,7,6,False,,0,True
R002031,P0068,87.4,7303,20.5,62.9,7.86,1.71,6,4,False,,0,False
R002032,P0068,56.7,7547,10.5,82.3,6.18,8.33,6,4,False,,0,False
R002033,P0068,95.1,12017,38.4,42.0,9.13,7.11,9,6,False,,0,False
R002034,P0068,72.1,6622,17.6,255.3,7.04,8.88,8,6,False,,0,True
R002035,P0068,79.5,7422,10.3,39.2,9.47,5.99,8,5,True,16:12,45,True
R002036,P0068,73.2,8938,35.1,102.8,6.81,9.11,6,6,False,,0,False
R002037,P0068,77.0,8512,11.9,165.7,7.04,1.18,9,7,False,,0,False
R002038,P0068,74.3,9879,34.8,49.0,9.06,1.35,8,7,False,,0,False
R002039,P0068,82.8,9943,14.2,82.0,7.93,6.75,9,5,False,,0,False
R002040,P0068,59.3,8261,19.6,28.0,6.88,8.52,6,4,False,,0,False
R002041,P0069,38.1,3948,19.8,116.4,6.59,8.12,4,5,False,,0,False
R002042,P0069,105.8,11151,53.3,94.9,7.03,7.53,5,4,False,,0,False
R002043,P0069,83.8,9665,18.9,87.4,6.83,6.64,4,4,False,,0,False
R002044,P0069,20.2,2465,9.6,173.8,5.64,6.48,5,5,True,17:46,40,True
R002045,P0069,91.3,8874,33.1,95.4,5.21,7.79,5,6,False,,0,False
R002046,P0069,85.6,8580,31.7,138.5,5.9,1.24,6,6,False,,0,False
R002047,P0069,80.6,8730,20.1,82.9,7.11,2.1,5,5,False,,0,False
R002048,P0069,86.3,8055,19.6,76.6,5.79,6.89,4,3,False,,0,False
R002049,P0069,92.8,12609,37.2,107.6,4.88,7.65,6,6,False,,0,False
R002050,P0069,51.6,6221,19.3,78.5,6.86,7.64,5,5,True,15:56,49,False
R002051,P0069,20.5,1952,8.1,31.3,6.9,5.5,5,2,False,,0,True
R002052,P0069,56.2,6456,22.7,116.8,8.59,5.02,4,5,True,16:08,64,False
R002053,P0069,99.3,9643,22.9,114.0,7.13,4.04,7,6,True,13:29,58,False
R002054,P0069,62.9,6947,19.3,132.8,6.03,2.64,5,6,False,,0,False
R002055,P0069,95.8,12048,26.3,189.5,5.9,7.59,6,7,False,,0,False
R002056,P0069,100.7,9887,13.7,4.7,5.11,9.89,6,6,False,,0,False
R002057,P0069,95.6,11041,24.0,98.8,7.32,7.59,5,5,True,14:53,34,False
R002058,P0069,92.0,9259,30.1,106.9,4.73,6.17,4,7,True,13:49,55,False
R002059,P0069,95.1,10686,40.2,117.4,6.93,9.07,3,5,False,,0,False
R002060,P0069,104.8,12228,31.9,123.4,4.97,4.13,6,6,False,,0,False
R002061,P0069,82.9,8365,21.2,83.6,5.27,2.83,4,5,False,,0,False
R002062,P0069,70.0,8383,26.0,162.8,5.96,5.39,4,5,False,,0,False
R002063,P0069,108.5,13421,28.6,43.9,6.45,6.85,5,6,False,,0,False
R002064,P0069,101.6,12744,34.0,101.3,6.58,7.1,5,5,False,,0,False
R002065,P0069,87.9,10492,23.6,126.7,7.51,7.31,5,4,False,,0,False
R002066,P0069,67.2,7935,23.5,155.1,5.27,6.82,6,4,False,,0,False
R002067,P0069,53.7,6176,8.7,115.9,7.02,2.38,5,5,False,,0,False
R002068,P0069,91.9,7769,25.3,42.5,9.39,3.03,3,5,False,,0,False
R002069,P0069,79.1,8799,10.5,88.8,6.26,9.37,7,4,False,,0,False
R002070,P0069,86.5,9522,44.0,63.7,6.14,8.77,5,5,False,,0,False
R002071,P0070,72.4,6264,13.5,159.9,6.45,4.53,6,3,True,14:11,95,True
R002072,P0070,111.4,11836,27.5,116.1,6.37,6.71,5,6,True,13:38,63,False
R002073,P0070,103.6,11329,43.4,63.0,8.29,7.18,5,4,False,,0,False
R002074,P0070,106.6,10882,38.8,135.4,8.98,6.19,6,5,True,17:31,10,False
R002075,P0070,91.2,8365,31.7,191.3,7.51,5.55,8,5,True,16:58,15,False
R002076,P0070,114.9,9846,20.4,198.6,7.71,0.38,6,4,False,,0,False
R002077,P0070,98.0,9174,15.3,173.2,7.81,2.66,5,4,False,,0,False
R002078,P0070,97.9,11283,28.4,50.5,8.25,6.72,6,6,False,,0,False
R002079,P0070,25.8,2268,12.3,191.4,6.99,4.99,6,3,False,,0,True
R002080,P0070,113.7,9852,28.1,151.3,6.74,6.98,6,7,False,,0,False
R002081,P0070,92.6,12546,5.7,251.0,7.16,7.53,7,5,False,,0,False
R002082,P0070,129.4,16341,51.8,84.9,8.32,6.1,4,3,False,,0,False
R002083,P0070,84.6,8853,19.5,75.6,6.9,2.0,5,2,False,,0,False
R002084,P0070,128.9,12530,32.8,146.4,8.1,0.64,6,5,True,15:57,92,False
R002085,P0070,83.3,9330,23.5,95.3,7.43,5.82,6,6,False,,0,False
R002086,P0070,148.8,15923,33.0,106.2,7.57,6.98,7,5,False,,0,False
R002087,P0070,121.7,14383,20.1,100.7,9.13,5.31,5,4,False,,0,False
R002088,P0070,109.5,14998,26.5,327.4,6.48,5.42,6,5,False,,0,True
R002089,P0070,106.5,9859,34.0,113.9,8.37,4.12,7,5,False,,0,False
R002090,P0070,95.1,9705,23.6,77.5,10.35,1.99,6,4,False,,0,True
R002091,P0070,60.1,5263,1.9,125.7,7.62,1.39,6,5,False,,0,False
R002092,P0070,106.8,10862,33.5,112.8,8.46,7.32,6,7,False,,0,False
R002093,P0070,103.5,12273,50.4,127.7,6.41,5.67,5,7,False,,0,False
R002094,P0070,107.7,13643,27.5,160.9,7.2,6.65,6,6,True,17:26,11,False
R002095,P0070,95.0,11187,28.2,178.3,5.79,5.93,7,5,False,,0,False
R002096,P0070,74.0,9622,29.8,104.4,8.25,6.34,5,7,False,,0,False
R002097,P0070,90.0,11989,40.2,138.4,6.24,1.48,6,3,False,,0,False
R002098,P0070,100.8,11971,26.1,21.0,7.96,1.85,4,4,False,,0,False
R002099,P0070,125.9,11814,51.9,102.2,5.56,7.64,6,7,False,,0,False
R002100,P0070,20.5,1323,3.2,75.1,8.08,4.96,6,3,False,,0,True
R002101,P0071,15.6,1880,4.3,218.3,2.98,6.14,5,4,True,17:43,74,True
R002102,P0071,35.3,3146,7.8,0.0,3.42,9.12,6,4,False,,0,False
R002103,P0071,15.9,660,8.9,59.7,1.93,8.87,6,6,False,,0,False
R002104,P0071,4.3,0,0.0,54.7,2.9,9.94,9,6,True,16:29,33,True
R002105,P0071,39.3,4324,8.8,0.0,4.53,8.46,7,5,True,14:09,69,False
R002106,P0071,34.6,3122,5.2,15.3,1.22,1.65,8,6,False,,0,False
R002107,P0071,31.5,3544,9.3,0.0,3.71,3.81,5,4,False,,0,False
R002108,P0071,8.6,1220,11.2,67.5,3.01,8.94,5,7,False,,0,False
R002109,P0071,36.6,4451,14.0,46.3,4.8,8.21,3,5,False,,0,False
R002110,P0071,1.0,662,1.0,0.0,4.31,7.67,6,6,False,,0,False
R002111,P0071,17.8,1136,5.9,172.4,3.16,7.83,6,5,False,,0,False
R002112,P0071,40.7,4955,5.0,40.4,2.79,8.23,7,7,False,,0,False
R002113,P0071,55.9,6937,17.6,35.1,2.75,3.08,5,3,True,16:23,46,True
R002114,P0071,11.3,1988,4.8,134.6,3.01,2.51,7,4,False,,0,False
R002115,P0071,1.1,0,0.0,103.6,2.3,8.47,5,5,True,13:05,101,False
R002116,P0071,21.1,2223,6.7,0.0,2.66,8.5,6,2,False,,0,False
R002117,P0071,37.5,3772,13.4,38.7,1.82,8.42,8,5,False,,0,False
R002118,P0071,62.9,6099,20.2,0.0,1.52,7.83,6,6,False,,0,False
R002119,P0071,16.7,2613,0.6,30.8,1.17,6.09,5,5,False,,0,False
R002120,P0071,48.3,5644,16.7,0.0,4.57,2.46,6,7,False,,0,False
R002121,P0071,49.2,5187,22.3,47.4,4.9,4.52,7,6,False,,0,False
R002122,P0071,35.2,3238,6.1,0.0,3.46,7.74,6,6,False,,0,False
R002123,P0071,43.8,5125,13.1,116.7,3.72,8.68,6,3,False,,0,False
R002124,P0071,30.9,2379,4.1,61.3,1.8,8.69,6,6,False,,0,False
R002125,P0071,41.6,3368,9.4,0.0,2.42,8.05,5,5,True,16:32,104,False
R002126,P0071,40.1,3787,8.3,0.0,3.68,7.77,6,4,False,,0,False
R002127,P0071,24.9,2045,20.8,90.5,2.44,2.68,7,6,False,,0,True
R002128,P0071,63.0,8609,20.9,46.1,3.22,1.96,7,6,True,17:31,46,False
R002129,P0071,24.0,2120,14.6,0.0,2.75,7.8,6,6,False,,0,False
R002130,P0071,38.3,3909,7.1,85.7,2.85,8.58,3,4,False,,0,False
R002131,P0072,79.8,7629,31.7,79.1,6.23,5.74,4,7,False,,0,True
R002132,P0072,60.1,8242,24.8,192.8,5.92,5.57,4,4,False,,0,False
R002133,P0072,63.0,6082,14.9,163.0,4.85,4.4,7,3,False,,0,False
R002134,P0072,85.1,7112,8.9,126.9,6.1,4.48,4,5,True,16:49,37,False
R002135,P0072,61.4,4770,10.0,112.7,4.58,4.07,5,6,False,,0,False
R002136,P0072,93.3,8445,16.3,164.9,6.63,2.04,5,6,False,,0,False
R002137,P0072,101.0,11348,26.1,104.9,5.85,1.78,8,6,False,,0,False
R002138,P0072,94.7,11325,18.0,84.0,5.3,3.4,5,6,True,14:18,74,False
R002139,P0072,130.1,16544,33.8,231.7,4.89,4.32,6,7,False,,0,False
R002140,P0072,7.8,2238,8.9,227.7,5.26,4.35,7,2,True,14:58,64,True
R002141,P0072,84.4,7050,26.4,6.5,6.1,5.23,5,3,False,,0,False
R002142,P0072,106.6,11128,16.5,64.1,7.01,2.95,4,4,False,,0,False
R002143,P0072,86.0,8346,31.7,168.3,9.15,2.14,7,4,False,,0,True
R002144,P0072,105.7,10292,38.2,52.5,5.04,2.07,5,3,False,,0,False
R002145,P0072,79.6,6703,28.8,89.7,6.75,4.03,6,5,False,,0,False
R002146,P0072,107.4,12155,14.3,161.9,5.19,5.57,6,5,False,,0,False
R002147,P0072,85.1,9670,15.4,149.1,6.4,5.28,5,6,False,,0,False
R002148,P0072,97.3,11611,19.4,157.4,6.82,4.43,5,5,False,,0,True
R002149,P0072,143.3,14889,37.1,100.1,4.26,3.45,6,4,False,,0,False
R002150,P0072,78.8,9075,17.2,124.5,5.61,1.33,6,7,False,,0,False
R002151,P0072,82.2,9090,29.1,61.6,4.77,3.22,6,6,True,14:00,54,True
R002152,P0072,62.3,8066,22.7,194.2,7.72,4.62,7,9,False,,0,False
R002153,P0072,103.1,10407,20.9,229.4,4.72,6.14,5,6,False,,0,False
R002154,P0072,54.7,4200,22.0,133.0,9.36,5.72,7,7,True,16:29,23,True
R002155,P0072,113.0,10987,39.1,82.1,5.54,4.67,8,8,False,,0,False
R002156,P0072,98.5,8994,26.0,153.6,6.13,1.74,7,7,True,17:41,49,False
R002157,P0072,106.2,11559,20.3,234.3,5.49,0.0,6,5,False,,0,True
R002158,P0072,74.5,6762,10.2,81.6,5.67,1.86,6,6,False,,0,False
R002159,P0072,24.8,2031,9.5,163.8,5.45,4.04,6,6,True,13:52,46,True
R002160,P0072,94.6,8667,42.8,159.2,6.44,5.52,5,3,False,,0,False
R002161,P0073,38.9,4212,11.1,195.2,8.6,8.67,5,3,False,,0,False
R002162,P0073,84.9,10464,30.6,212.0,7.23,9.24,7,5,True,14:24,54,False
R002163,P0073,66.6,6476,19.4,195.0,8.18,8.68,8,3,True,16:50,71,False
R002164,P0073,35.4,3217,0.0,168.2,9.97,10.44,6,5,False,,0,False
R002165,P0073,65.1,6201,21.8,217.4,8.96,9.41,6,5,True,14:17,34,False
R002166,P0073,61.4,7638,10.2,213.8,10.03,4.02,5,4,False,,0,False
R002167,P0073,33.8,3236,4.0,185.7,8.07,3.38,5,4,True,15:33,84,False
R002168,P0073,59.4,4670,20.1,173.2,8.4,9.38,5,4,False,,0,False
R002169,P0073,77.6,10766,35.3,195.2,6.97,7.87,5,5,False,,0,False
R002170,P0073,51.6,6824,20.6,228.8,9.46,7.38,7,6,True,17:32,24,False
R002171,P0073,74.2,8240,35.1,155.9,8.94,9.21,8,6,True,13:16,10,False
R002172,P0073,60.8,8152,10.5,146.8,8.49,7.3,4,5,False,,0,False
R002173,P0073,60.8,4198,19.2,266.2,7.59,3.78,6,4,True,16:02,15,False
R002174,P0073,16.5,2202,13.2,175.4,8.66,2.94,4,3,False,,0,False
R002175,P0073,56.3,4855,22.5,169.7,7.3,8.51,4,6,False,,0,False
R002176,P0073,66.7,7746,16.8,277.7,7.55,7.12,6,4,False,,0,False
R002177,P0073,32.4,4012,12.9,203.8,7.68,8.49,7,7,False,,0,False
R002178,P0073,54.2,4054,24.2,165.8,8.7,8.13,7,3,False,,0,False
R002179,P0073,47.3,4482,4.1,204.8,7.96,8.56,7,5,False,,0,False
R002180,P0073,87.3,9383,35.2,185.0,8.3,3.81,6,6,False,,0,False
R002181,P0073,59.0,8338,22.0,152.6,9.17,2.95,7,5,False,,0,False
R002182,P0073,40.3,4825,20.9,144.7,7.72,8.39,8,4,True,17:22,61,False
R002183,P0073,89.5,9487,35.9,194.4,6.52,8.46,7,4,False,,0,False
R002184,P0073,50.9,4178,25.1,137.5,7.82,8.28,7,5,True,13:41,62,False
R002185,P0073,63.4,7501,13.9,133.5,7.45,8.33,9,7,True,14:20,98,False
R002186,P0073,48.2,5060,29.4,169.1,9.42,7.75,8,5,False,,0,False
R002187,P0073,23.6,2995,0.0,254.7,7.35,3.34,6,6,False,,0,False
R002188,P0073,40.3,3584,16.4,161.0,7.4,1.29,7,5,False,,0,False
R002189,P0073,53.0,4799,8.4,382.6,10.09,9.16,6,5,False,,0,True
R002190,P0073,71.1,6716,17.1,200.5,7.08,7.31,5,6,False,,0,False
R002191,P0074,68.3,9763,21.4,33.8,4.1,9.83,5,5,False,,0,False
R002192,P0074,68.1,6914,14.5,0.0,3.19,8.59,7,3,False,,0,True
R002193,P0074,76.7,8921,20.4,0.0,5.96,9.65,6,5,False,,0,False
R002194,P0074,76.1,8869,12.7,90.6,5.35,9.68,6,5,False,,0,False
R002195,P0074,62.8,8427,10.1,15.4,7.53,10.01,4,2,False,,0,True
R002196,P0074,55.9,6742,15.2,131.2,5.86,1.28,5,7,False,,0,False
R002197,P0074,53.4,6086,18.3,0.0,4.6,2.14,6,4,False,,0,False
R002198,P0074,47.4,6411,12.1,20.5,5.51,7.63,3,4,False,,0,False
R002199,P0074,42.3,5674,3.4,40.5,5.14,9.36,6,3,False,,0,True
R002200,P0074,56.2,6292,11.2,65.5,4.42,6.56,3,4,False,,0,False
R002201,P0074,73.2,10683,28.0,0.0,7.44,7.87,4,3,False,,0,False
R002202,P0074,63.8,6592,21.6,0.0,4.74,8.08,4,5,False,,0,False
R002203,P0074,33.8,2230,12.6,19.8,5.02,1.71,5,5,True,14:48,10,False
R002204,P0074,50.3,6812,5.1,35.2,4.4,5.2,5,3,False,,0,False
R002205,P0074,61.1,7191,18.1,0.0,6.99,9.58,5,5,False,,0,False
R002206,P0074,59.6,6074,15.5,73.4,5.55,7.37,4,4,False,,0,False
R002207,P0074,23.9,1270,0.5,30.7,6.23,9.34,4,4,False,,0,False
R002208,P0074,55.4,5627,13.4,14.8,4.83,8.95,5,5,False,,0,False
R002209,P0074,66.9,5225,14.8,0.0,4.98,7.67,7,5,False,,0,False
R002210,P0074,59.9,6394,32.6,0.0,6.86,2.08,5,5,True,13:24,10,True
R002211,P0074,82.0,8937,27.0,16.5,5.2,5.25,8,8,False,,0,False
R002212,P0074,24.4,3371,17.4,0.0,7.05,7.57,4,5,False,,0,False
R002213,P0074,71.9,9087,10.6,37.8,4.73,7.3,6,4,False,,0,False
R002214,P0074,60.8,6949,7.8,13.3,4.9,9.09,4,5,False,,0,False
R002215,P0074,67.0,7679,22.5,19.7,5.46,8.83,3,3,False,,0,True
R002216,P0074,48.2,4913,27.2,30.1,5.87,9.28,6,8,False,,0,False
R002217,P0074,80.1,8692,19.4,59.1,5.8,3.32,6,4,True,15:22,44,True
R002218,P0074,65.5,8041,18.5,14.9,5.68,2.6,3,6,False,,0,False
R002219,P0074,37.7,4510,18.1,0.0,6.72,8.55,7,4,False,,0,True
R002220,P0074,42.1,3815,10.4,211.8,6.87,8.5,8,5,False,,0,True
R002221,P0075,81.2,6651,7.1,0.0,7.53,7.98,4,3,False,,0,False
R002222,P0075,75.3,9823,6.7,71.2,6.48,7.98,7,5,False,,0,False
R002223,P0075,55.2,6843,28.5,3.2,6.42,8.05,8,4,False,,0,True
R002224,P0075,57.8,5530,25.0,0.0,5.29,7.23,6,3,False,,0,False
R002225,P0075,83.3,9054,27.0,0.0,7.29,6.82,8,4,False,,0,False
R002226,P0075,91.9,8903,35.4,0.0,7.09,2.63,7,5,False,,0,False
R002227,P0075,85.2,9834,26.3,7.5,7.18,2.2,6,4,True,15:08,67,False
R002228,P0075,25.0,2359,5.6,14.4,6.52,6.3,6,3,False,,0,False
R002229,P0075,42.1,4708,13.1,0.0,8.43,5.93,6,2,False,,0,False
R002230,P0075,60.0,6719,12.3,0.0,7.27,8.9,7,5,False,,0,False
R002231,P0075,62.1,6011,17.0,38.2,6.02,7.23,9,4,False,,0,True
R002232,P0075,71.7,6988,31.2,23.3,8.07,7.62,6,5,False,,0,False
R002233,P0075,104.8,13362,34.3,0.0,4.87,4.16,6,5,False,,0,False
R002234,P0075,45.7,5066,12.1,47.0,4.41,2.74,7,4,False,,0,False
R002235,P0075,67.3,6611,24.3,0.0,11.51,7.06,7,5,False,,0,True
R002236,P0075,72.5,8331,22.1,13.1,7.04,8.02,7,6,False,,0,False
R002237,P0075,68.7,8202,24.2,0.0,6.58,7.4,6,4,False,,0,False
R002238,P0075,48.3,5041,15.8,15.5,6.87,7.26,6,3,False,,0,False
R002239,P0075,65.6,6283,16.0,0.0,7.58,7.75,6,6,False,,0,False
R002240,P0075,84.1,8543,17.0,0.0,6.65,2.83,7,7,False,,0,False
R002241,P0075,82.6,7992,19.5,42.0,5.98,2.47,8,4,False,,0,False
R002242,P0075,75.6,8429,15.2,0.0,7.34,8.22,7,4,False,,0,False
R002243,P0075,80.5,10278,18.7,8.4,6.9,8.83,7,7,False,,0,False
R002244,P0075,88.7,12084,27.1,0.0,5.16,6.65,6,4,False,,0,False
R002245,P0075,65.1,8221,19.6,12.7,7.45,7.07,7,6,False,,0,False
R002246,P0075,56.1,6596,8.2,0.0,7.93,9.44,6,7,False,,0,False
R002247,P0075,89.9,9993,26.7,52.4,7.49,4.67,7,6,False,,0,False
R002248,P0075,68.9,7109,15.9,0.0,6.87,2.06,6,3,True,13:22,60,False
R002249,P0075,66.1,6667,23.8,0.0,5.93,6.59,7,6,True,16:22,51,False
R002250,P0075,60.1,7147,30.8,0.0,3.51,7.49,6,6,False,,0,False
R002251,P0076,24.0,3168,16.7,214.3,4.01,7.15,7,6,False,,0,False
R002252,P0076,51.6,5079,12.6,120.1,3.64,8.51,7,5,False,,0,False
R002253,P0076,25.6,2200,14.8,131.9,3.07,9.81,6,6,False,,0,False
R002254,P0076,45.6,6507,22.4,132.1,4.33,7.8,7,5,False,,0,False
R002255,P0076,17.7,1190,10.9,183.0,3.81,8.07,7,4,False,,0,False
R002256,P0076,23.9,2243,13.2,70.9,3.02,3.86,6,4,False,,0,False
R002257,P0076,0.0,0,0.0,177.0,1.32,2.16,6,1,False,,0,False
R002258,P0076,16.8,2271,0.5,132.6,3.46,7.8,7,5,False,,0,False
R002259,P0076,11.8,1899,7.3,93.8,3.77,7.35,7,5,False,,0,False
R002260,P0076,18.3,269,3.0,167.1,5.34,7.23,6,7,False,,0,False
R002261,P0076,0.0,1430,0.0,138.5,3.42,7.69,10,8,False,,0,True
R002262,P0076,13.0,960,1.6,207.6,2.0,6.84,7,7,False,,0,False
R002263,P0076,17.4,1402,13.7,235.7,3.48,3.05,6,5,False,,0,False
R002264,P0076,32.0,3349,11.7,197.2,4.29,2.12,7,4,False,,0,False
R002265,P0076,28.5,2981,20.5,175.5,3.6,6.28,5,3,False,,0,False
R002266,P0076,0.0,1062,0.0,195.8,5.72,6.93,6,4,False,,0,False
R002267,P0076,31.3,3494,4.8,141.5,4.44,6.77,7,5,True,17:39,51,False
R002268,P0076,38.3,2006,9.6,183.4,4.15,6.93,9,7,False,,0,False
R002269,P0076,22.7,3110,17.2,169.5,3.14,6.96,7,5,False,,0,False
R002270,P0076,31.6,3312,4.1,258.3,1.94,2.21,7,6,False,,0,False
R002271,P0076,1.8,592,11.9,182.3,4.59,2.07,8,6,False,,0,False
R002272,P0076,37.7,4832,17.5,210.6,4.69,7.12,8,7,False,,0,False
R002273,P0076,3.0,0,12.2,142.7,2.88,6.5,8,5,False,,0,False
R002274,P0076,0.0,0,0.0,116.5,2.9,6.67,8,5,True,13:19,80,False
R002275,P0076,8.1,2662,0.0,89.4,2.94,6.69,6,3,False,,0,False
R002276,P0076,11.7,2112,16.3,164.0,3.15,7.7,8,6,False,,0,False
R002277,P0076,30.9,3411,4.5,167.1,2.17,3.68,6,7,True,17:02,45,False
R002278,P0076,28.2,4864,10.2,113.9,4.67,0.24,6,6,False,,0,False
R002279,P0076,35.3,3920,0.0,403.1,5.08,8.22,8,5,False,,0,True
R002280,P0076,0.0,0,1.2,264.0,1.33,8.31,7,6,True,15:02,73,False
R002281,P0077,66.1,7293,17.3,156.1,6.23,4.86,4,2,False,,0,True
R002282,P0077,71.3,8801,30.1,158.7,6.52,5.3,2,5,True,13:31,10,False
R002283,P0077,6.7,1359,3.6,142.2,5.98,6.09,4,5,False,,0,False
R002284,P0077,94.6,9539,24.7,174.1,5.87,7.39,6,5,False,,0,False
R002285,P0077,53.2,5913,21.4,154.3,6.3,8.26,4,6,False,,0,False
R002286,P0077,55.8,6109,12.1,152.0,6.81,2.42,4,4,False,,0,False
R002287,P0077,28.9,3910,12.5,202.7,6.49,1.69,5,6,False,,0,False
R002288,P0077,78.5,8516,26.4,163.2,7.06,6.43,5,3,True,16:01,36,False
R002289,P0077,51.9,6546,19.5,89.7,4.26,8.05,6,2,False,,0,False
R002290,P0077,90.6,12019,25.2,118.0,5.59,10.08,4,4,False,,0,False
R002291,P0077,45.2,5062,22.5,219.6,5.23,5.14,5,2,False,,0,False
R002292,P0077,61.5,6407,22.9,259.9,7.3,3.93,6,4,False,,0,False
R002293,P0077,61.2,7020,17.4,197.6,9.81,2.17,4,4,False,,0,True
R002294,P0077,79.6,8200,35.6,221.0,7.44,2.74,5,7,False,,0,False
R002295,P0077,48.0,4625,14.8,181.0,6.99,5.98,6,3,False,,0,False
R002296,P0077,66.2,6854,11.4,159.2,6.6,6.65,4,3,False,,0,False
R002297,P0077,61.7,8182,24.5,229.7,6.56,7.59,7,4,False,,0,True
R002298,P0077,65.5,7538,32.5,40.9,6.25,6.06,4,6,False,,0,False
R002299,P0077,67.2,8086,17.0,177.7,4.39,5.34,3,5,False,,0,False
R002300,P0077,54.9,5751,19.6,143.8,5.17,3.76,4,5,False,,0,False
R002301,P0077,43.7,5405,15.4,285.7,4.94,1.9,4,4,False,,0,False
R002302,P0077,86.8,6706,16.8,184.4,4.81,7.44,3,4,False,,0,False
R002303,P0077,47.7,3552,19.5,172.1,5.9,5.52,5,6,False,,0,False
R002304,P0077,55.5,8151,11.2,133.9,8.33,6.03,4,5,False,,0,False
R002305,P0077,60.1,6125,7.3,238.8,5.97,5.68,6,6,False,,0,False
R002306,P0077,84.8,9597,26.7,130.6,6.06,7.5,3,4,False,,0,False
R002307,P0077,13.3,2244,4.0,126.6,3.97,3.37,6,3,False,,0,True
R002308,P0077,42.3,5787,10.3,152.7,9.66,2.03,7,4,False,,0,False
R002309,P0077,53.9,3455,15.5,159.8,5.29,7.66,5,4,False,,0,False
R002310,P0077,53.4,6412,13.1,156.7,7.7,6.29,4,3,True,13:37,17,True
R002311,P0078,92.1,11538,18.5,232.2,3.5,7.9,7,5,False,,0,False
R002312,P0078,84.5,8663,15.3,154.9,1.67,6.55,4,4,False,,0,False
R002313,P0078,97.9,9837,43.1,144.7,3.85,6.52,7,4,False,,0,True
R002314,P0078,100.9,13533,41.0,183.4,2.67,7.91,5,5,False,,0,False
R002315,P0078,71.7,8747,20.7,208.5,3.28,10.82,10,6,False,,0,True
R002316,P0078,64.8,5683,21.3,172.8,2.87,1.64,10,7,False,,0,True
R002317,P0078,66.2,7450,27.1,134.3,2.37,1.55,5,7,False,,0,False
R002318,P0078,101.3,11484,26.7,162.8,2.77,7.38,6,6,False,,0,False
R002319,P0078,53.3,6016,18.2,396.4,1.22,6.92,7,5,False,,0,True
R002320,P0078,85.3,10059,26.1,165.6,5.29,8.39,4,6,False,,0,False
R002321,P0078,59.0,6495,19.5,100.1,4.65,6.13,8,2,False,,0,False
R002322,P0078,72.2,8295,20.4,104.2,3.77,8.63,4,4,False,,0,False
R002323,P0078,58.0,7912,14.2,193.3,3.27,2.84,4,4,False,,0,False
R002324,P0078,90.8,9488,25.8,170.3,4.51,3.25,6,5,True,16:07,90,True
R002325,P0078,98.9,9145,43.2,200.1,3.19,7.71,8,6,False,,0,True
R002326,P0078,74.0,8421,26.4,105.7,5.5,7.4,4,4,False,,0,False
R002327,P0078,71.1,5796,38.1,111.6,5.83,7.56,5,4,True,13:51,47,False
R002328,P0078,49.9,4590,17.3,159.6,4.38,8.11,6,7,False,,0,False
R002329,P0078,101.3,12807,22.5,181.0,3.25,5.45,6,4,True,17:10,16,False
R002330,P0078,92.0,10054,16.1,205.0,4.32,3.55,7,5,False,,0,False
R002331,P0078,59.4,7251,10.0,180.6,3.63,3.3,5,4,False,,0,False
R002332,P0078,89.0,8494,40.9,165.8,1.94,7.67,7,6,False,,0,False
R002333,P0078,66.6,8037,28.5,175.9,2.72,5.27,7,6,False,,0,False
R002334,P0078,76.3,7805,27.1,102.4,2.12,8.36,6,4,False,,0,False
R002335,P0078,101.6,10869,22.6,132.2,3.23,7.13,10,5,False,,0,True
R002336,P0078,61.4,7246,19.8,103.1,3.95,9.49,9,6,False,,0,True
R002337,P0078,122.6,15008,30.3,172.4,2.72,2.0,5,3,True,14:57,55,True
R002338,P0078,80.4,8475,20.8,184.7,4.37,2.76,6,5,False,,0,False
R002339,P0078,103.1,12147,18.3,69.0,2.12,7.42,4,6,False,,0,False
R002340,P0078,46.0,6695,14.9,139.2,2.47,6.57,6,4,False,,0,False
R002341,P0079,30.2,3191,5.0,12.1,6.63,7.16,5,6,False,,0,False
R002342,P0079,33.8,3314,20.4,29.3,6.93,8.1,5,6,False,,0,False
R002343,P0079,79.6,8877,29.0,0.0,8.23,6.38,5,4,False,,0,True
R002344,P0079,75.8,8226,24.8,42.1,7.23,8.38,5,5,True,15:31,31,False
R002345,P0079,48.0,6054,6.8,0.0,6.95,7.35,8,5,False,,0,True
R002346,P0079,46.2,4776,16.9,0.0,8.6,2.71,4,6,False,,0,False
R002347,P0079,47.5,4809,12.8,84.1,7.14,3.18,4,3,False,,0,False
R002348,P0079,52.6,6233,15.9,0.0,7.0,7.76,3,4,False,,0,False
R002349,P0079,54.7,6150,14.9,68.3,8.98,6.12,3,3,False,,0,False
R002350,P0079,55.3,3628,2.7,0.0,6.93,8.78,6,4,False,,0,False
R002351,P0079,77.9,8986,14.1,45.0,6.98,7.94,5,6,False,,0,False
R002352,P0079,32.9,5782,14.0,39.3,8.3,7.57,5,3,True,14:15,68,False
R002353,P0079,37.5,5408,9.2,44.4,6.77,2.51,6,4,False,,0,False
R002354,P0079,59.5,6155,23.6,65.3,8.58,2.39,4,4,False,,0,False
R002355,P0079,69.0,9170,24.8,27.5,8.26,9.34,6,5,False,,0,False
R002356,P0079,35.8,4755,7.6,46.2,8.15,8.43,6,6,False,,0,False
R002357,P0079,49.6,6559,19.5,0.0,7.15,7.0,3,3,False,,0,False
R002358,P0079,77.0,10047,36.4,27.3,9.29,8.16,4,3,False,,0,False
R002359,P0079,62.7,5509,27.2,0.0,8.14,7.59,4,6,False,,0,False
R002360,P0079,59.5,7236,10.6,142.9,8.78,3.32,4,5,False,,0,False
R002361,P0079,34.5,4047,14.2,9.6,7.16,2.9,5,4,False,,0,False
R002362,P0079,80.7,8757,27.8,0.0,7.21,8.83,3,4,False,,0,False
R002363,P0079,65.9,7379,23.7,0.0,7.15,8.49,5,4,False,,0,False
R002364,P0079,64.9,7625,2.9,90.2,7.65,8.17,3,3,False,,0,False
R002365,P0079,48.8,5302,16.6,0.0,7.51,9.44,6,6,False,,0,False
R002366,P0079,37.4,3120,17.3,83.7,8.34,7.69,4,5,False,,0,False
R002367,P0079,94.1,11691,20.8,0.0,7.76,4.12,4,5,False,,0,False
R002368,P0079,97.7,11122,25.9,10.4,7.41,2.75,5,6,False,,0,False
R002369,P0079,37.6,2256,0.0,7.3,7.81,7.57,6,4,False,,0,False
R002370,P0079,39.4,4596,9.7,7.1,8.38,8.19,2,4,False,,0,False
R002371,P0080,70.3,8457,20.2,224.1,4.97,5.69,7,5,False,,0,False
R002372,P0080,58.8,4790,23.0,207.4,4.06,7.36,8,8,False,,0,False
R002373,P0080,74.1,8546,13.5,290.7,2.49,7.72,9,8,False,,0,False
R002374,P0080,75.3,8074,23.8,220.0,2.83,5.39,8,7,False,,0,False
R002375,P0080,35.9,4038,12.5,201.2,2.85,6.22,9,5,False,,0,False
R002376,P0080,72.7,9225,6.2,215.3,3.14,2.22,8,5,False,,0,False
R002377,P0080,46.9,5366,3.2,120.2,4.94,1.67,8,5,False,,0,False
R002378,P0080,68.6,6768,9.9,270.8,2.44,6.28,7,5,False,,0,False
R002379,P0080,51.5,5306,9.2,233.9,3.67,5.69,8,5,False,,0,False
R002380,P0080,48.4,5008,16.1,145.2,4.4,8.87,6,2,False,,0,False
R002381,P0080,33.3,3644,10.5,238.0,5.66,5.79,6,4,False,,0,True
R002382,P0080,43.5,3898,15.8,267.7,4.13,6.25,6,3,False,,0,False
R002383,P0080,50.8,4917,23.5,334.0,3.76,2.92,8,4,False,,0,False
R002384,P0080,48.3,6308,9.8,324.1,4.0,3.25,8,6,False,,0,False
R002385,P0080,59.4,5534,10.9,157.2,3.61,6.43,6,7,False,,0,False
R002386,P0080,48.3,6669,1.6,233.1,3.78,4.44,8,8,False,,0,False
R002387,P0080,62.7,7858,11.9,269.7,4.51,8.1,8,6,False,,0,False
R002388,P0080,41.7,3525,13.5,250.9,3.5,6.66,8,5,False,,0,False
R002389,P0080,87.4,10602,15.6,281.7,1.49,7.41,6,5,True,14:43,33,False
R002390,P0080,75.0,5595,17.6,178.0,2.8,1.61,7,7,False,,0,False
R002391,P0080,45.7,4995,12.7,296.2,4.34,3.19,9,5,False,,0,False
R002392,P0080,49.2,4841,3.5,178.7,2.48,7.67,8,6,False,,0,False
R002393,P0080,42.2,4788,13.7,240.9,2.43,5.99,6,8,False,,0,False
R002394,P0080,36.8,3597,9.0,199.4,2.78,6.65,7,6,False,,0,False
R002395,P0080,62.4,7328,12.5,200.5,5.69,7.81,8,5,False,,0,False
R002396,P0080,45.4,5172,13.8,217.5,4.03,5.0,7,5,False,,0,False
R002397,P0080,27.8,2031,11.2,246.5,4.87,2.61,10,6,False,,0,False
R002398,P0080,53.4,5655,16.7,192.4,4.04,1.49,8,6,False,,0,True
R002399,P0080,65.4,7839,14.2,188.4,4.14,7.2,8,6,False,,0,False
R002400,P0080,33.1,3439,2.8,271.9,3.43,6.22,7,5,False,,0,False
R002401,P0081,0.0,0,0.1,51.3,8.07,7.0,8,6,False,,0,False
R002402,P0081,7.0,254,9.4,107.7,7.18,7.82,7,7,False,,0,False
R002403,P0081,8.2,1677,8.2,206.3,8.2,7.33,8,6,False,,0,False
R002404,P0081,13.4,1257,8.1,104.1,7.03,8.26,7,6,False,,0,False
R002405,P0081,0.0,0,0.0,114.0,8.18,7.74,9,5,True,15:34,21,False
R002406,P0081,27.3,3214,10.2,194.0,8.72,3.75,9,6,False,,0,False
R002407,P0081,36.8,4396,20.9,162.2,8.49,2.76,9,5,False,,0,False
R002408,P0081,0.8,837,0.0,203.9,6.54,7.35,8,5,False,,0,False
R002409,P0081,13.6,1971,0.0,87.3,8.69,7.86,6,3,True,13:21,50,False
R002410,P0081,18.5,2526,13.8,130.7,7.15,9.31,8,4,False,,0,False
R002411,P0081,4.0,303,3.7,17.7,7.68,9.32,7,7,False,,0,False
R002412,P0081,26.9,1960,5.1,130.2,10.33,7.65,5,3,False,,0,True
R002413,P0081,23.8,3253,7.4,116.1,7.84,0.11,7,5,False,,0,False
R002414,P0081,0.0,67,0.0,112.8,6.97,1.34,6,3,False,,0,False
R002415,P0081,1.7,394,1.4,85.5,8.08,7.13,8,3,True,16:07,52,False
R002416,P0081,15.8,1104,0.0,62.2,7.84,9.28,8,7,False,,0,False
R002417,P0081,0.0,699,8.4,104.1,7.86,8.28,7,5,False,,0,False
R002418,P0081,0.0,890,0.0,79.6,10.0,9.99,10,6,False,,0,False
R002419,P0081,29.2,2784,17.7,86.4,6.94,7.55,6,3,False,,0,False
R002420,P0081,0.0,543,0.0,135.8,5.91,2.85,7,6,True,15:23,14,False
R002421,P0081,0.0,0,0.0,104.5,8.65,3.53,8,5,False,,0,False
R002422,P0081,0.0,0,0.0,64.7,7.29,7.16,10,5,False,,0,False
R002423,P0081,0.0,0,0.2,94.1,8.6,6.86,10,5,False,,0,False
R002424,P0081,40.6,5579,19.7,51.4,9.34,8.08,10,5,False,,0,True
R002425,P0081,2.8,889,0.0,217.3,8.13,7.38,7,7,True,14:25,31,False
R002426,P0081,12.5,1293,4.2,45.5,7.48,7.95,7,4,False,,0,False
R002427,P0081,13.4,1543,9.4,123.3,8.81,2.85,9,5,False,,0,False
R002428,P0081,0.0,402,0.0,46.9,8.9,2.14,10,6,False,,0,False
R002429,P0081,0.0,451,1.3,64.9,9.04,7.19,9,6,False,,0,False
R002430,P0081,6.7,0,5.0,127.9,6.5,8.47,8,6,False,,0,True
R002431,P0082,4.9,2051,2.5,156.8,2.88,9.38,5,2,False,,0,False
R002432,P0082,23.0,1781,11.7,178.0,4.82,9.28,4,4,True,14:03,38,False
R002433,P0082,49.8,6957,16.2,131.3,3.18,7.84,4,4,False,,0,False
R002434,P0082,39.2,3721,2.0,143.2,3.42,9.32,5,5,False,,0,False
R002435,P0082,9.3,1517,11.1,166.2,3.26,7.17,4,3,False,,0,False
R002436,P0082,7.4,262,2.6,185.4,3.99,2.47,7,4,False,,0,False
R002437,P0082,0.0,0,0.7,265.6,6.45,5.11,3,3,True,15:12,38,True
R002438,P0082,67.3,8203,19.9,205.3,3.03,11.46,4,4,False,,0,False
R002439,P0082,7.7,1091,12.0,176.9,4.79,9.34,4,3,False,,0,False
R002440,P0082,7.6,386,0.0,138.1,4.17,10.02,5,5,False,,0,False
R002441,P0082,0.0,522,7.2,154.5,2.51,8.05,6,6,False,,0,False
R002442,P0082,31.7,3478,11.5,203.0,2.98,8.98,3,4,False,,0,False
R002443,P0082,14.1,1335,13.1,182.2,4.11,3.66,4,5,True,17:36,91,True
R002444,P0082,34.4,3742,11.1,148.7,3.76,1.81,5,4,False,,0,False
R002445,P0082,24.0,5356,6.1,214.6,4.24,9.4,4,6,False,,0,False
R002446,P0082,40.8,1647,17.2,75.7,3.6,8.85,4,3,False,,0,False
R002447,P0082,15.1,2390,2.5,201.9,2.78,9.59,4,4,False,,0,False
R002448,P0082,13.4,681,2.5,184.2,2.57,8.08,4,6,False,,0,False
R002449,P0082,31.2,3386,12.0,139.8,4.46,8.14,4,3,False,,0,False
R002450,P0082,0.0,158,0.0,148.4,1.36,3.14,4,5,False,,0,False
R002451,P0082,11.5,1549,8.5,203.5,3.27,4.46,5,4,False,,0,False
R002452,P0082,0.0,1581,0.0,172.2,3.63,9.49,4,5,True,17:35,76,True
R002453,P0082,31.2,3394,21.9,200.5,3.68,8.0,5,5,False,,0,False
R002454,P0082,31.3,1710,21.4,161.6,3.33,8.63,4,5,False,,0,False
R002455,P0082,0.0,1520,0.0,119.7,2.55,9.98,3,4,True,14:24,80,False
R002456,P0082,27.3,2347,1.4,233.7,0.0,8.32,4,4,False,,0,False
R002457,P0082,7.2,721,0.0,151.3,3.29,2.1,4,5,False,,0,False
R002458,P0082,25.0,2526,10.9,135.2,2.75,2.27,4,5,False,,0,False
R002459,P0082,0.0,0,5.4,119.6,2.12,9.54,4,4,False,,0,False
R002460,P0082,38.0,3130,8.0,213.3,0.37,7.07,5,2,False,,0,False
R002461,P0083,0.0,1063,0.0,17.1,5.21,8.59,5,5,False,,0,False
R002462,P0083,0.0,755,3.1,60.6,3.14,6.11,7,6,True,14:38,66,False
R002463,P0083,7.3,0,2.7,0.0,5.73,6.51,8,5,False,,0,False
R002464,P0083,17.2,1020,0.4,104.8,4.51,6.29,6,2,False,,0,False
R002465,P0083,35.8,2167,13.3,3.6,7.55,5.91,6,5,False,,0,False
R002466,P0083,0.0,631,1.0,0.0,6.35,1.52,8,3,True,16:16,39,False
R002467,P0083,0.0,0,4.6,5.1,6.2,2.44,6,6,True,15:16,56,True
R002468,P0083,0.0,80,7.0,110.0,5.4,9.76,7,7,False,,0,False
R002469,P0083,11.4,1549,7.3,60.9,5.62,7.16,8,4,False,,0,False
R002470,P0083,25.9,4023,18.3,34.8,6.6,6.44,7,5,False,,0,False
R002471,P0083,13.1,2187,3.3,0.8,5.08,7.91,6,5,False,,0,False
R002472,P0083,0.7,0,0.0,11.2,5.97,6.08,7,5,False,,0,False
R002473,P0083,0.0,53,0.0,17.2,5.77,2.96,5,6,False,,0,False
R002474,P0083,26.4,2944,11.5,57.3,4.73,2.0,6,4,False,,0,False
R002475,P0083,0.0,0,4.8,24.1,3.58,7.94,7,6,False,,0,False
R002476,P0083,12.1,1219,5.6,0.0,6.43,6.78,6,6,True,13:48,13,False
R002477,P0083,10.4,0,7.1,21.9,5.78,8.24,6,7,False,,0,False
R002478,P0083,0.0,945,0.0,62.8,2.52,8.86,7,6,False,,0,False
R002479,P0083,0.0,0,0.0,0.0,6.17,6.73,5,6,False,,0,False
R002480,P0083,0.0,1060,4.6,0.0,5.33,2.62,5,4,False,,0,False
R002481,P0083,0.0,0,2.9,0.0,5.3,2.42,6,5,False,,0,False
R002482,P0083,0.0,352,5.6,0.0,6.9,7.47,7,6,False,,0,False
R002483,P0083,30.3,2864,12.4,38.6,5.23,7.88,6,6,False,,0,False
R002484,P0083,22.2,2863,8.9,68.3,5.16,7.79,5,7,False,,0,False
R002485,P0083,23.4,242,0.0,30.2,5.45,9.0,7,5,False,,0,False
R002486,P0083,13.7,2563,16.1,0.0,6.08,8.74,6,6,False,,0,False
R002487,P0083,9.2,384,5.5,43.8,6.34,1.21,4,6,True,17:07,85,False
R002488,P0083,0.0,64,2.0,58.7,5.57,3.11,6,6,False,,0,False
R002489,P0083,0.0,0,3.6,6.2,6.14,8.61,9,6,False,,0,False
R002490,P0083,12.9,1968,4.7,0.0,3.83,6.78,5,6,False,,0,False
R002491,P0084,82.2,8916,27.9,221.3,2.06,12.11,5,5,False,,0,False
R002492,P0084,54.0,5255,25.2,313.5,3.13,10.26,6,5,False,,0,False
R002493,P0084,108.4,14354,27.8,340.1,0.99,10.12,7,7,False,,0,False
R002494,P0084,64.7,8144,21.8,236.2,2.8,10.82,7,4,True,14:26,28,False
R002495,P0084,77.0,9753,25.0,157.3,4.12,9.92,6,3,False,,0,False
R002496,P0084,63.2,6108,29.4,225.4,2.4,2.57,6,4,False,,0,False
R002497,P0084,45.2,5602,1.8,255.5,3.47,3.58,10,6,False,,0,False
R002498,P0084,50.0,6157,5.2,123.9,3.96,9.39,6,7,False,,0,False
R002499,P0084,59.8,5615,7.6,201.9,2.78,9.8,10,7,False,,0,True
R002500,P0084,55.2,5540,19.4,175.5,3.9,11.12,4,4,False,,0,False
R002501,P0084,52.0,5556,11.7,205.1,2.51,10.6,5,2,False,,0,False
R002502,P0084,45.3,5574,15.4,225.3,3.89,9.49,6,5,False,,0,False
R002503,P0084,31.5,2863,23.7,233.3,3.55,4.6,7,4,False,,0,False
R002504,P0084,34.1,2947,0.8,182.0,3.9,3.47,5,5,False,,0,False
R002505,P0084,36.1,3964,10.6,219.5,3.22,9.73,7,7,False,,0,False
R002506,P0084,18.0,941,8.2,320.4,3.35,10.29,7,8,False,,0,False
R002507,P0084,70.6,8784,22.3,188.9,1.44,11.5,6,4,False,,0,False
R002508,P0084,55.6,5466,27.8,188.1,2.38,9.3,9,4,False,,0,False
R002509,P0084,22.9,3833,4.7,226.6,1.9,11.43,6,4,False,,0,False
R002510,P0084,65.6,9179,7.5,191.9,3.38,3.73,5,5,False,,0,False
R002511,P0084,42.8,5387,12.9,173.1,3.58,2.69,8,6,False,,0,False
R002512,P0084,32.5,4125,9.1,242.9,5.07,7.46,7,3,False,,0,False
R002513,P0084,59.6,6967,18.7,343.2,3.33,11.03,6,4,False,,0,False
R002514,P0084,16.2,1552,6.2,192.7,1.39,10.2,5,4,False,,0,False
R002515,P0084,60.5,6167,29.8,210.2,3.49,11.1,7,4,True,13:54,10,False
R002516,P0084,59.7,7677,13.7,194.8,3.23,10.88,7,6,True,16:46,58,False
R002517,P0084,68.7,8240,23.1,198.8,3.26,2.53,7,6,False,,0,False
R002518,P0084,65.9,7640,7.8,202.4,2.4,4.5,7,7,False,,0,False
R002519,P0084,58.0,6964,28.1,183.1,2.56,9.4,6,3,False,,0,False
R002520,P0084,66.1,8877,19.6,227.5,4.67,10.63,4,6,False,,0,False
R002521,P0085,26.1,2009,9.0,216.5,2.8,9.28,5,7,False,,0,True
R002522,P0085,13.6,3023,2.4,40.4,3.61,7.96,8,5,False,,0,False
R002523,P0085,3.3,32,0.0,4.2,3.67,8.34,5,5,True,19:20,55,True
R002524,P0085,41.2,4067,0.0,0.0,3.09,7.16,7,8,True,20:05,81,False
R002525,P0085,30.1,3349,10.6,0.0,3.36,6.75,6,5,False,,0,False
R002526,P0085,65.6,8413,18.6,49.5,3.85,3.11,7,4,False,,0,False
R002527,P0085,37.1,5015,13.5,0.0,4.12,5.02,5,4,False,,0,False
R002528,P0085,40.0,4770,8.5,29.1,3.38,7.23,5,6,False,,0,False
R002529,P0085,34.3,2009,7.0,33.2,2.72,7.9,5,5,False,,0,False
R002530,P0085,60.9,7922,3.4,0.0,2.92,8.71,5,3,False,,0,False
R002531,P0085,63.0,5875,23.8,21.7,3.24,6.31,5,4,True,21:22,42,False
R002532,P0085,36.1,4872,18.9,39.9,4.04,7.75,6,2,True,19:00,71,False
R002533,P0085,54.1,7770,27.0,45.9,2.11,1.77,7,7,True,19:22,24,False
R002534,P0085,0.0,0,2.0,0.0,5.03,4.55,5,5,True,20:44,49,False
R002535,P0085,22.4,3300,2.6,0.0,3.25,8.59,6,6,True,21:43,76,False
R002536,P0085,82.9,8851,31.7,0.0,4.6,8.1,6,4,True,20:49,62,False
R002537,P0085,67.1,6901,10.3,94.5,3.17,7.37,4,2,True,20:51,96,False
R002538,P0085,26.4,3877,5.1,0.0,3.44,7.36,5,5,False,,0,False
R002539,P0085,18.4,409,0.0,34.7,2.61,8.42,6,4,True,20:12,11,False
R002540,P0085,53.6,4609,17.0,0.0,3.2,4.22,6,6,False,,0,False
R002541,P0085,32.0,3105,4.2,80.2,4.59,3.82,7,6,True,20:56,55,False
R002542,P0085,61.5,7419,25.8,0.0,3.1,9.13,5,5,False,,0,False
R002543,P0085,60.2,7579,14.0,0.0,4.31,5.08,6,6,False,,0,False
R002544,P0085,33.4,3646,8.0,0.0,4.49,8.06,5,6,False,,0,False
R002545,P0085,43.9,4941,7.2,0.0,3.85,8.24,7,5,False,,0,False
R002546,P0085,62.4,6715,16.3,21.8,2.54,8.25,6,5,True,21:30,13,False
R002547,P0085,63.8,7972,15.0,0.0,3.45,2.18,7,3,False,,0,False
R002548,P0085,52.4,6217,7.2,11.8,4.73,2.19,7,5,False,,0,True
R002549,P0085,44.0,3537,3.5,0.0,2.77,8.03,7,6,True,20:04,54,False
R002550,P0085,46.0,4999,0.9,0.0,4.73,5.56,4,6,True,21:57,53,False
R002551,P0086,41.4,3490,19.0,310.7,2.02,7.49,2,4,False,,0,False
R002552,P0086,53.9,5479,22.4,210.7,1.47,7.89,3,5,False,,0,False
R002553,P0086,54.8,6483,15.6,222.1,2.64,7.99,3,5,False,,0,False
R002554,P0086,48.8,5821,18.8,247.8,2.95,9.0,5,4,False,,0,False
R002555,P0086,68.9,8080,9.4,220.5,2.21,8.43,4,4,False,,0,False
R002556,P0086,41.7,3934,13.9,175.0,2.28,4.21,5,4,False,,0,False
R002557,P0086,49.4,5705,15.2,270.3,3.76,2.5,3,4,True,16:33,102,False
R002558,P0086,30.6,4753,7.8,160.4,1.95,6.65,3,5,False,,0,False
R002559,P0086,30.1,3863,13.9,243.1,1.14,6.93,3,5,False,,0,False
R002560,P0086,38.4,3450,16.7,253.9,1.64,8.13,2,2,False,,0,False
R002561,P0086,34.7,2502,13.3,154.5,2.15,10.63,3,4,False,,0,False
R002562,P0086,39.5,4493,5.1,179.4,1.14,9.35,3,2,True,14:38,10,False
R002563,P0086,4.6,461,2.1,251.8,1.27,4.21,4,6,False,,0,False
R002564,P0086,47.9,4743,17.2,211.1,1.66,3.58,2,4,False,,0,False
R002565,P0086,65.8,6533,21.3,150.8,3.01,6.67,4,3,False,,0,False
R002566,P0086,49.4,5912,12.4,269.3,0.58,7.9,4,5,False,,0,False
R002567,P0086,74.7,6175,35.6,220.1,2.64,6.15,4,3,False,,0,False
R002568,P0086,49.5,4425,18.6,250.3,2.47,5.88,3,3,False,,0,False
R002569,P0086,46.5,5494,17.5,295.4,3.63,7.65,4,3,True,14:47,70,False
R002570,P0086,62.9,8777,8.0,152.0,0.0,3.57,3,2,True,17:26,18,False
R002571,P0086,23.5,2655,1.1,196.5,2.44,3.24,5,5,True,13:11,57,False
R002572,P0086,57.5,5072,21.9,197.1,2.51,9.56,5,4,False,,0,False
R002573,P0086,54.0,5815,6.6,320.1,2.76,7.75,2,5,False,,0,False
R002574,P0086,70.7,4549,1.0,202.8,0.76,7.48,3,4,False,,0,True
R002575,P0086,57.4,5252,24.2,250.7,3.08,8.28,4,8,True,17:57,35,False
R002576,P0086,53.2,4838,20.5,216.2,2.2,7.73,3,3,False,,0,False
R002577,P0086,14.0,1926,0.0,129.8,1.64,3.22,2,3,False,,0,False
R002578,P0086,70.2,9001,21.6,274.5,3.44,2.79,7,6,True,15:43,35,True
R002579,P0086,64.9,9851,11.5,245.4,2.11,9.4,4,2,True,15:51,42,False
R002580,P0086,63.3,7283,6.4,243.9,2.91,7.93,4,5,True,17:56,51,False
R002581,P0087,0.0,513,4.0,76.3,8.91,5.93,5,5,True,16:26,54,False
R002582,P0087,0.0,0,2.2,0.0,5.84,6.74,5,3,False,,0,True
R002583,P0087,0.0,504,0.0,36.1,8.24,6.72,6,5,False,,0,False
R002584,P0087,0.0,744,0.0,13.1,7.2,5.52,3,5,False,,0,False
R002585,P0087,20.9,2509,15.2,0.0,8.65,7.04,3,4,False,,0,False
R002586,P0087,9.7,1834,0.0,0.0,7.24,2.29,6,6,False,,0,False
R002587,P0087,0.0,0,0.9,0.0,3.5,0.93,5,3,False,,0,False
R002588,P0087,0.0,0,2.7,32.7,7.02,6.56,7,5,True,16:23,52,False
R002589,P0087,3.8,0,0.7,0.0,5.28,7.02,4,4,True,13:01,32,False
R002590,P0087,19.8,161,0.0,0.0,6.38,5.77,6,4,False,,0,False
R002591,P0087,1.5,475,0.0,39.3,5.18,7.17,4,2,False,,0,False
R002592,P0087,0.0,826,2.5,0.0,7.73,8.36,6,6,False,,0,True
R002593,P0087,42.1,4903,11.6,10.1,6.65,2.98,5,5,True,14:50,56,False
R002594,P0087,2.7,0,0.0,0.0,7.13,2.91,6,4,False,,0,False
R002595,P0087,10.6,471,0.0,41.2,6.81,6.96,6,6,False,,0,False
R002596,P0087,0.0,0,4.8,0.0,7.15,6.16,4,4,False,,0,False
R002597,P0087,0.0,705,2.8,12.2,5.32,5.83,5,4,False,,0,False
R002598,P0087,29.6,4163,6.3,100.3,5.99,6.59,5,6,False,,0,False
R002599,P0087,3.1,156,5.1,0.0,7.75,6.67,5,5,False,,0,False
R002600,P0087,18.4,1490,0.2,32.6,6.95,2.88,3,4,False,,0,False
R002601,P0087,0.0,0,0.0,0.0,10.36,3.19,7,6,False,,0,True
R002602,P0087,0.0,0,0.0,0.0,9.36,4.61,4,4,False,,0,True
R002603,P0087,38.9,5025,14.2,0.0,6.52,8.28,6,5,False,,0,False
R002604,P0087,8.2,396,0.0,38.3,6.42,6.97,4,4,False,,0,False
R002605,P0087,0.0,523,7.5,0.0,7.09,7.76,3,7,False,,0,False
R002606,P0087,7.7,0,6.4,0.0,6.43,6.41,8,6,False,,0,False
R002607,P0087,31.6,4684,4.2,284.6,6.0,0.73,2,6,True,14:05,67,True
R002608,P0087,2.4,104,3.8,63.2,7.32,1.4,3,5,False,,0,False
R002609,P0087,13.1,9,7.2,60.6,8.54,6.71,5,4,False,,0,False
R002610,P0087,3.4,508,0.0,0.0,9.18,8.02,5,6,False,,0,False
R002611,P0088,22.8,1313,5.1,150.6,7.37,4.9,5,5,False,,0,False
R002612,P0088,0.0,0,0.0,130.1,7.67,6.95,8,5,False,,0,False
R002613,P0088,14.2,921,2.7,139.7,7.13,6.3,6,5,False,,0,False
R002614,P0088,0.0,931,1.5,140.1,5.58,6.51,4,5,False,,0,False
R002615,P0088,2.4,0,0.0,165.9,8.16,6.46,7,5,False,,0,False
R002616,P0088,1.1,0,0.0,122.0,7.8,2.69,7,5,True,16:54,57,True
R002617,P0088,0.0,0,4.2,144.9,6.82,1.87,7,4,True,15:53,10,False
R002618,P0088,15.8,1650,3.5,89.1,7.77,6.3,8,6,True,15:48,82,False
R002619,P0088,22.5,2213,1.3,64.7,8.94,5.78,8,5,False,,0,True
R002620,P0088,0.0,2217,6.7,155.4,6.91,8.6,9,4,False,,0,False
R002621,P0088,36.9,2866,12.7,184.0,7.37,6.01,7,7,False,,0,True
R002622,P0088,0.0,505,4.7,121.8,6.91,7.29,8,5,True,13:48,39,False
R002623,P0088,0.0,35,0.0,138.3,6.26,0.0,7,6,False,,0,False
R002624,P0088,11.2,2019,0.0,100.3,6.3,3.71,7,5,False,,0,False
R002625,P0088,7.4,268,0.0,107.6,8.92,7.35,7,8,False,,0,True
R002626,P0088,17.0,1994,11.1,94.5,7.93,6.82,8,5,False,,0,False
R002627,P0088,0.0,0,3.6,118.7,8.3,6.75,7,3,False,,0,True
R002628,P0088,0.0,224,0.0,155.1,7.69,8.06,6,5,False,,0,False
R002629,P0088,13.1,2633,4.3,95.9,7.98,6.95,7,5,True,14:23,59,False
R002630,P0088,26.4,1609,1.8,82.3,7.15,2.3,7,5,False,,0,False
R002631,P0088,45.3,4716,19.8,107.5,7.58,4.59,6,4,True,13:38,10,False
R002632,P0088,16.8,1821,0.0,158.8,8.47,7.49,7,7,True,15:10,67,False
R002633,P0088,0.0,0,3.2,124.2,7.91,6.73,6,5,True,13:32,82,False
R002634,P0088,23.2,2603,9.3,144.2,7.6,6.59,6,5,False,,0,False
R002635,P0088,21.5,2125,3.2,86.3,9.49,6.13,8,7,False,,0,False
R002636,P0088,0.0,107,0.0,137.6,8.39,7.75,9,5,True,14:32,20,True
R002637,P0088,25.9,3036,13.1,139.0,7.52,2.82,8,6,False,,0,False
R002638,P0088,0.0,0,0.0,275.9,7.99,1.63,8,7,False,,0,True
R002639,P0088,28.5,2448,8.4,91.7,6.28,5.06,10,6,True,16:12,10,False
R002640,P0088,13.3,1591,0.0,28.6,9.42,7.0,8,8,False,,0,False
R002641,P0089,57.2,4899,12.7,187.9,6.07,8.02,6,4,False,,0,False
R002642,P0089,53.2,4673,6.0,257.7,6.98,7.5,8,5,False,,0,False
R002643,P0089,67.4,4582,17.1,159.1,9.8,8.09,8,7,True,13:13,62,False
R002644,P0089,30.0,3029,5.0,416.6,5.58,7.24,5,5,False,,0,True
R002645,P0089,15.8,1649,8.6,297.2,5.87,10.51,6,7,False,,0,False
R002646,P0089,54.5,5174,15.4,308.0,5.63,3.49,6,5,True,16:23,29,False
R002647,P0089,65.3,8268,23.3,239.5,6.98,1.63,4,5,False,,0,False
R002648,P0089,34.1,3058,12.8,334.9,7.46,8.23,6,7,False,,0,True
R002649,P0089,37.1,6154,25.1,256.5,7.73,7.44,10,5,False,,0,True
R002650,P0089,30.2,2151,17.8,243.8,7.3,7.64,6,5,False,,0,False
R002651,P0089,69.3,8130,17.5,253.9,7.81,7.54,5,4,False,,0,False
R002652,P0089,56.6,7402,24.9,233.3,11.71,7.57,5,5,True,13:27,65,True
R002653,P0089,12.9,2339,6.2,167.3,7.79,2.9,7,6,False,,0,False
R002654,P0089,71.9,6522,21.1,205.9,7.2,2.73,6,5,False,,0,True
R002655,P0089,40.9,4626,12.8,254.5,7.55,8.33,8,8,False,,0,False
R002656,P0089,15.2,1160,7.5,191.7,7.59,8.68,6,4,False,,0,False
R002657,P0089,62.6,7105,35.9,201.1,7.12,8.85,7,7,False,,0,False
R002658,P0089,62.2,7154,23.2,168.4,7.1,8.22,7,5,False,,0,False
R002659,P0089,27.7,3481,3.1,257.6,5.92,8.06,5,4,False,,0,False
R002660,P0089,33.2,3219,16.7,115.1,7.04,2.79,7,6,False,,0,False
R002661,P0089,85.6,10914,16.4,225.3,8.47,2.63,7,5,False,,0,False
R002662,P0089,64.2,6698,10.8,256.7,7.52,7.68,6,5,False,,0,False
R002663,P0089,57.2,7354,4.8,174.0,5.69,9.73,7,6,True,13:47,74,False
R002664,P0089,67.2,6266,14.2,236.8,7.51,7.21,6,3,True,15:59,89,False
R002665,P0089,54.5,6787,26.8,242.7,8.3,7.32,5,6,False,,0,False
R002666,P0089,48.7,6384,32.2,151.4,11.74,7.61,7,5,False,,0,True
R002667,P0089,62.7,9026,12.2,223.0,6.33,4.35,6,5,True,17:18,56,False
R002668,P0089,43.1,6084,10.8,260.7,7.91,4.96,6,8,False,,0,False
R002669,P0089,35.4,3497,12.2,173.0,8.38,8.8,8,4,False,,0,True
R002670,P0089,26.5,2949,8.6,196.9,7.6,7.65,5,7,False,,0,False
R002671,P0090,37.3,4724,11.4,45.4,7.53,6.19,4,1,True,20:06,26,False
R002672,P0090,25.2,1522,3.7,70.3,5.29,5.57,5,5,False,,0,False
R002673,P0090,8.1,1160,4.6,48.9,5.75,5.46,4,7,True,20:57,36,False
R002674,P0090,39.3,2627,18.8,0.0,6.2,6.09,3,3,False,,0,False
R002675,P0090,28.6,3870,10.6,0.0,4.64,6.48,6,6,True,21:51,29,True
R002676,P0090,32.9,4877,21.6,0.7,5.51,0.0,5,8,True,21:53,72,False
R002677,P0090,54.7,7180,23.3,0.0,5.59,2.06,5,5,False,,0,False
R002678,P0090,55.4,6567,31.3,25.1,5.15,7.96,4,6,True,20:16,77,False
R002679,P0090,27.4,2322,0.3,0.0,5.17,4.07,5,5,False,,0,False
R002680,P0090,53.3,5833,13.4,7.5,8.17,5.3,6,8,False,,0,False
R002681,P0090,41.5,4769,5.7,0.0,6.02,5.37,6,6,False,,0,False
R002682,P0090,73.7,6326,13.9,11.6,5.89,7.21,5,5,True,19:57,40,False
R002683,P0090,46.0,5188,10.2,69.1,4.49,0.62,4,6,False,,0,False
R002684,P0090,35.0,3310,5.3,61.8,4.42,2.92,5,7,False,,0,False
R002685,P0090,54.5,5242,3.4,6.1,7.49,7.26,5,4,True,20:50,71,False
R002686,P0090,56.8,5277,17.8,4.1,6.44,4.32,4,4,False,,0,False
R002687,P0090,54.5,6146,2.0,31.1,6.32,6.03,3,4,True,20:31,46,False
R002688,P0090,0.0,0,0.4,0.0,5.83,4.84,6,7,True,19:11,49,False
R002689,P0090,52.2,8425,18.2,54.9,5.98,5.95,4,4,False,,0,False
R002690,P0090,53.4,5212,13.7,55.3,5.37,0.78,3,4,False,,0,False
R002691,P0090,30.1,5047,9.2,28.0,6.67,2.13,6,7,True,20:32,53,False
R002692,P0090,57.4,4114,34.7,0.0,7.74,3.9,7,5,False,,0,False
R002693,P0090,55.4,4852,11.4,38.0,5.75,5.87,5,5,False,,0,False
R002694,P0090,48.2,6182,17.3,0.0,6.27,6.95,5,5,True,19:54,47,False
R002695,P0090,9.6,1608,6.8,0.0,6.04,3.34,4,6,True,20:27,22,False
R002696,P0090,35.1,2946,10.3,13.9,5.74,7.32,5,6,False,,0,False
R002697,P0090,45.3,4245,17.8,0.0,5.75,2.29,7,6,False,,0,False
R002698,P0090,38.6,3931,21.5,46.7,7.0,5.07,6,4,False,,0,True
R002699,P0090,45.0,6128,9.9,19.0,5.81,5.12,4,5,False,,0,False
R002700,P0090,45.9,4647,20.9,13.9,5.93,5.62,6,7,False,,0,False
R002701,P0091,0.0,304,0.0,174.4,4.65,12.09,4,5,False,,0,False
R002702,P0091,1.1,727,0.0,137.4,7.28,9.95,6,5,False,,0,False
R002703,P0091,15.5,878,3.4,197.7,5.37,9.04,7,5,False,,0,False
R002704,P0091,0.0,0,4.3,244.1,6.43,10.41,7,6,False,,0,False
R002705,P0091,17.8,3087,8.0,243.3,4.6,8.87,6,5,False,,0,False
R002706,P0091,0.0,2513,0.0,180.8,4.28,5.76,6,5,False,,0,False
R002707,P0091,19.0,3129,9.4,150.3,5.2,2.61,4,6,False,,0,False
R002708,P0091,3.3,6,4.0,228.2,6.82,9.79,5,3,False,,0,True
R002709,P0091,12.8,1241,2.8,208.5,6.09,11.09,7,8,False,,0,False
R002710,P0091,3.1,1243,0.0,212.0,3.18,10.71,6,8,False,,0,False
R002711,P0091,0.8,895,0.0,204.2,5.87,12.6,7,7,False,,0,False
R002712,P0091,0.0,148,0.0,228.8,3.93,9.39,6,3,False,,0,False
R002713,P0091,0.0,461,0.9,206.2,5.29,4.56,4,5,False,,0,False
R002714,P0091,10.3,601,0.0,226.4,4.45,3.75,6,5,False,,0,False
R002715,P0091,0.0,1653,1.9,224.0,6.69,10.26,6,6,True,15:35,37,False
R002716,P0091,0.0,0,0.0,148.8,4.19,11.05,7,6,False,,0,False
R002717,P0091,0.0,382,0.0,236.1,6.52,10.86,3,3,True,15:04,75,False
R002718,P0091,0.0,0,0.0,150.3,2.89,10.8,6,3,False,,0,False
R002719,P0091,0.0,0,1.9,234.7,6.45,9.42,3,3,False,,0,False
R002720,P0091,0.0,1541,2.1,167.3,4.05,3.39,6,4,False,,0,False
R002721,P0091,22.8,3653,9.0,174.0,5.89,2.52,4,5,False,,0,False
R002722,P0091,22.5,3894,3.3,195.2,4.51,9.05,7,5,True,14:39,43,True
R002723,P0091,11.0,1991,1.5,174.5,5.7,10.0,4,4,False,,0,False
R002724,P0091,0.0,686,6.0,196.8,5.88,8.84,7,4,False,,0,False
R002725,P0091,12.2,1120,9.7,147.0,5.61,10.83,8,6,False,,0,False
R002726,P0091,0.0,703,0.0,96.4,6.11,11.85,5,2,False,,0,False
R002727,P0091,8.5,1081,3.9,267.5,5.44,2.0,4,4,False,,0,False
R002728,P0091,13.4,2072,12.6,200.2,5.57,4.27,5,2,True,16:46,13,False
R002729,P0091,0.0,0,12.0,176.2,5.44,9.14,6,1,False,,0,False
R002730,P0091,0.0,598,0.0,197.9,4.37,11.9,4,6,False,,0,False
R002731,P0092,0.0,0,0.0,169.8,6.49,6.65,5,4,False,,0,False
R002732,P0092,0.0,0,3.6,242.3,5.56,3.51,5,8,True,14:07,10,False
R002733,P0092,31.6,3490,7.6,316.4,5.99,6.05,5,6,False,,0,False
R002734,P0092,23.1,2129,3.8,256.6,7.52,5.85,8,7,False,,0,True
R002735,P0092,0.0,0,7.6,243.5,6.73,3.81,5,6,False,,0,False
R002736,P0092,14.1,873,3.5,211.9,6.9,0.74,7,4,False,,0,False
R002737,P0092,21.8,2402,12.1,160.1,5.83,1.19,6,5,True,13:22,34,False
R002738,P0092,8.1,1069,0.0,267.5,6.69,5.2,4,4,False,,0,False
R002739,P0092,0.0,431,4.7,240.7,6.29,5.82,3,4,False,,0,False
R002740,P0092,0.0,0,0.0,254.2,9.07,6.32,6,5,True,16:41,86,False
R002741,P0092,0.0,758,0.2,270.9,6.95,3.66,6,6,True,16:38,14,False
R002742,P0092,16.7,1700,8.6,323.0,6.59,5.12,4,5,False,,0,False
R002743,P0092,0.0,797,6.0,234.7,6.55,1.08,3,3,False,,0,False
R002744,P0092,3.4,530,0.0,337.6,5.89,1.4,4,2,False,,0,True
R002745,P0092,7.0,739,0.6,190.1,6.57,6.11,4,3,False,,0,False
R002746,P0092,24.8,5269,13.8,186.5,6.14,6.03,3,4,True,17:31,26,True
R002747,P0092,28.4,3447,4.8,319.1,6.35,4.97,5,7,False,,0,False
R002748,P0092,15.8,1660,3.5,231.4,5.68,7.55,4,3,False,,0,False
R002749,P0092,10.6,2155,11.1,263.5,4.34,5.52,3,4,True,15:45,20,False
R002750,P0092,30.9,4032,10.6,271.7,8.23,2.02,3,2,False,,0,False
R002751,P0092,0.0,0,0.0,313.7,6.06,0.47,6,8,True,17:45,25,False
R002752,P0092,3.6,446,7.6,243.4,6.31,7.18,4,3,False,,0,False
R002753,P0092,14.5,1433,3.4,279.8,8.61,4.35,5,4,True,15:21,34,True
R002754,P0092,8.7,285,0.0,286.6,10.91,4.87,4,4,False,,0,True
R002755,P0092,28.9,4207,15.1,275.4,5.1,4.64,5,6,True,16:53,54,False
R002756,P0092,0.0,0,0.0,283.6,11.91,4.73,5,3,False,,0,True
R002757,P0092,0.0,0,0.5,225.7,6.04,1.95,5,3,True,14:15,27,True
R002758,P0092,30.4,2739,22.9,210.6,6.46,2.05,5,5,False,,0,False
R002759,P0092,0.0,0,8.7,202.0,5.82,5.2,2,3,True,16:50,29,False
R002760,P0092,0.0,75,2.3,328.8,9.05,5.54,1,4,True,13:12,22,False
R002761,P0093,0.0,0,1.2,190.4,6.31,2.95,5,5,False,,0,False
R002762,P0093,0.0,0,2.0,241.7,5.4,3.9,3,4,False,,0,True
R002763,P0093,15.3,1182,11.5,161.7,8.37,4.77,4,5,False,,0,False
R002764,P0093,10.3,68,0.0,420.5,6.18,4.26,5,3,True,15:20,44,True
R002765,P0093,0.1,0,0.0,200.4,7.72,3.68,3,4,True,14:56,48,False
R002766,P0093,34.4,4045,0.5,126.3,6.79,2.15,5,6,False,,0,False
R002767,P0093,4.8,454,0.0,167.1,5.34,0.39,6,5,True,14:40,108,False
R002768,P0093,18.6,1856,2.8,220.0,6.51,4.53,4,4,False,,0,False
R002769,P0093,1.2,92,0.0,128.5,6.54,5.13,5,5,False,,0,True
R002770,P0093,11.6,467,0.0,231.2,5.15,3.94,6,9,False,,0,False
R002771,P0093,9.6,1223,4.8,232.2,8.46,3.78,3,3,False,,0,False
R002772,P0093,14.5,2325,0.3,241.1,6.51,3.9,4,2,False,,0,False
R002773,P0093,32.5,3248,15.0,179.9,6.73,3.01,5,6,True,14:34,61,False
R002774,P0093,0.0,113,10.3,132.5,7.38,2.96,6,6,False,,0,False
R002775,P0093,0.0,0,1.1,248.7,5.72,2.81,10,6,True,16:48,74,True
R002776,P0093,4.5,528,2.2,147.2,6.74,2.3,5,5,True,14:03,37,False
R002777,P0093,5.5,385,0.6,285.5,6.03,3.11,4,3,True,14:33,11,False
R002778,P0093,10.4,2087,0.0,163.7,5.21,2.93,3,4,True,16:42,63,True
R002779,P0093,2.1,489,4.0,159.2,6.28,1.02,6,6,False,,0,True
R002780,P0093,10.2,1835,4.7,170.6,5.94,2.64,5,5,True,14:54,37,False
R002781,P0093,0.0,0,3.3,191.8,5.3,1.78,4,5,False,,0,False
R002782,P0093,0.0,1136,3.3,188.4,7.27,5.28,4,6,False,,0,False
R002783,P0093,0.0,456,2.4,133.9,7.7,4.93,5,6,False,,0,False
R002784,P0093,11.9,259,2.4,191.3,7.25,2.54,5,4,False,,0,False
R002785,P0093,3.0,87,4.0,181.5,6.0,4.48,4,4,True,17:39,41,False
R002786,P0093,28.2,2536,5.1,194.6,8.41,3.55,5,5,True,15:34,28,False
R002787,P0093,0.0,256,0.1,228.4,6.69,1.46,5,5,False,,0,False
R002788,P0093,32.4,3352,11.3,187.0,7.63,1.66,4,6,False,,0,False
R002789,P0093,31.4,1516,9.6,229.8,7.55,2.78,3,6,False,,0,False
R002790,P0093,0.0,0,0.0,201.5,7.63,3.03,3,5,True,14:58,74,False
R002791,P0094,58.3,6424,10.8,82.7,3.83,7.9,9,7,True,16:06,50,False
R002792,P0094,40.9,5111,11.3,113.8,5.73,8.56,8,6,False,,0,False
R002793,P0094,30.3,3656,13.1,20.4,2.32,8.87,7,6,False,,0,False
R002794,P0094,59.6,6077,22.1,176.8,4.85,9.26,7,5,False,,0,False
R002795,P0094,49.0,5714,15.1,89.9,2.46,9.94,7,7,False,,0,False
R002796,P0094,33.5,3399,19.1,19.5,4.78,1.96,6,3,False,,0,False
R002797,P0094,38.7,3525,6.5,2.8,4.25,4.07,9,7,False,,0,False
R002798,P0094,5.7,913,0.0,55.1,3.57,9.07,7,6,False,,0,False
R002799,P0094,30.2,5531,14.7,52.7,3.65,9.41,6,5,False,,0,False
R002800,P0094,31.2,5041,11.6,99.2,5.17,8.33,4,4,False,,0,False
R002801,P0094,32.5,3290,15.2,121.3,6.06,7.43,6,5,True,17:30,39,False
R002802,P0094,27.0,2616,0.0,134.8,3.52,9.05,8,5,False,,0,False
R002803,P0094,37.5,5323,8.2,75.3,3.76,3.63,7,4,False,,0,False
R002804,P0094,17.6,909,3.1,229.8,4.52,2.46,7,4,True,15:45,22,True
R002805,P0094,65.3,5397,25.6,62.1,5.09,9.14,6,5,False,,0,False
R002806,P0094,0.0,411,0.0,58.2,4.1,7.75,10,4,True,17:36,45,False
R002807,P0094,31.1,4607,14.4,188.5,3.16,9.36,6,7,False,,0,True
R002808,P0094,43.8,5514,22.5,124.8,4.92,9.08,8,4,False,,0,False
R002809,P0094,20.4,2639,0.0,121.1,4.01,9.86,7,5,False,,0,False
R002810,P0094,44.2,5823,14.3,0.0,3.56,2.9,6,5,False,,0,False
R002811,P0094,54.9,7100,17.7,31.5,3.75,2.89,6,4,False,,0,False
R002812,P0094,52.1,6710,20.0,26.3,3.77,9.35,5,3,True,17:24,56,False
R002813,P0094,37.5,5110,0.0,93.0,5.0,10.28,8,5,False,,0,False
R002814,P0094,22.6,3360,10.3,97.1,5.25,9.86,6,4,False,,0,False
R002815,P0094,0.4,562,3.2,181.4,3.32,8.38,7,6,False,,0,False
R002816,P0094,40.6,4002,11.2,61.5,2.27,8.31,6,5,False,,0,False
R002817,P0094,30.2,2902,5.9,50.6,3.98,2.12,6,3,False,,0,False
R002818,P0094,19.7,1503,7.7,71.4,5.07,2.57,7,5,False,,0,False
R002819,P0094,33.1,3550,8.0,159.1,3.8,8.69,7,5,True,16:32,10,False
R002820,P0094,25.1,3878,9.5,22.1,3.82,8.59,5,6,False,,0,False
R002821,P0095,5.2,0,0.0,236.4,7.23,5.81,4,3,True,14:36,27,True
R002822,P0095,1.8,0,0.0,60.1,7.11,4.91,5,5,False,,0,False
R002823,P0095,0.0,495,11.3,135.7,6.62,6.11,4,5,False,,0,False
R002824,P0095,19.4,760,7.8,111.0,8.58,6.09,4,4,False,,0,False
R002825,P0095,7.6,1713,0.0,99.2,6.66,4.88,9,5,False,,0,True
R002826,P0095,14.3,1471,5.2,22.7,4.65,1.36,4,5,False,,0,False
R002827,P0095,24.5,3343,7.5,143.0,8.03,0.77,4,6,False,,0,False
R002828,P0095,20.6,3013,5.5,117.3,8.99,3.43,4,5,False,,0,True
R002829,P0095,4.8,310,2.7,80.3,6.85,5.51,5,6,False,,0,False
R002830,P0095,15.9,631,7.7,78.2,5.23,4.25,3,3,True,16:28,15,False
R002831,P0095,19.8,2556,9.7,24.7,7.77,4.29,2,4,False,,0,False
R002832,P0095,0.0,0,0.0,58.3,8.09,5.05,6,5,False,,0,False
R002833,P0095,0.0,0,3.2,47.5,6.75,2.24,5,6,False,,0,False
R002834,P0095,0.0,705,3.2,33.1,5.0,2.35,4,5,False,,0,False
R002835,P0095,0.0,0,0.0,119.3,8.67,5.69,5,4,False,,0,False
R002836,P0095,29.7,2473,4.9,20.8,6.93,3.86,4,3,False,,0,False
R002837,P0095,0.0,0,6.2,135.2,9.55,6.51,3,4,True,14:56,45,True
R002838,P0095,4.8,824,0.9,133.1,5.73,3.84,4,5,True,13:28,21,False
R002839,P0095,0.0,4,4.4,88.2,6.37,6.36,7,4,False,,0,True
R002840,P0095,0.0,0,0.0,160.1,5.1,4.13,5,4,False,,0,False
R002841,P0095,0.0,0,0.0,139.6,5.46,2.68,4,5,False,,0,True
R002842,P0095,31.8,2421,7.2,142.3,11.28,5.27,5,9,False,,0,True
R002843,P0095,5.9,522,0.0,147.9,6.27,5.91,5,4,True,16:03,20,False
R002844,P0095,0.0,182,1.9,174.0,5.54,6.21,5,5,False,,0,True
R002845,P0095,30.4,3239,1.8,87.9,5.03,6.02,5,6,False,,0,False
R002846,P0095,24.8,2225,4.0,115.8,7.07,4.74,4,6,False,,0,False
R002847,P0095,27.5,3027,2.9,128.2,5.01,2.14,9,9,False,,0,True
R002848,P0095,0.0,686,6.0,40.9,7.94,1.65,4,4,False,,0,False
R002849,P0095,11.1,2720,15.3,133.9,5.99,6.38,5,5,False,,0,False
R002850,P0095,0.0,359,0.0,64.9,5.32,5.99,3,4,False,,0,False
R002851,P0096,58.5,6371,28.2,58.7,3.78,10.18,3,5,False,,0,False
R002852,P0096,11.7,659,3.8,106.0,4.28,6.56,3,3,False,,0,False
R002853,P0096,9.8,1030,9.6,110.8,4.82,9.26,3,5,True,17:49,28,False
R002854,P0096,27.7,3243,4.1,118.2,2.13,9.86,6,4,False,,0,True
R002855,P0096,0.0,0,3.0,84.9,4.26,10.81,2,3,False,,0,False
R002856,P0096,63.1,7022,21.4,75.3,3.39,2.69,3,4,False,,0,False
R002857,P0096,0.0,0,0.0,54.9,4.66,4.89,3,3,False,,0,False
R002858,P0096,25.2,3768,12.0,79.6,3.71,7.24,3,3,False,,0,False
R002859,P0096,0.0,0,4.3,44.9,4.02,9.05,2,3,False,,0,False
R002860,P0096,21.6,2065,8.4,89.0,3.22,10.2,3,5,False,,0,False
R002861,P0096,21.4,1590,7.9,97.0,4.38,8.28,2,5,True,17:04,52,False
R002862,P0096,29.3,3625,8.4,155.5,4.51,9.56,4,5,False,,0,False
R002863,P0096,43.4,5005,23.8,66.5,2.36,3.23,5,6,False,,0,False
R002864,P0096,0.0,243,0.0,55.5,3.25,1.45,2,6,False,,0,False
R002865,P0096,61.1,8234,17.9,128.0,4.53,10.51,5,3,False,,0,False
R002866,P0096,9.4,0,11.6,52.8,3.09,7.47,2,3,False,,0,False
R002867,P0096,38.8,4978,17.5,14.4,3.39,8.59,4,5,False,,0,False
R002868,P0096,33.5,4143,6.0,106.9,4.05,9.25,5,6,False,,0,False
R002869,P0096,23.7,2634,14.4,144.9,3.85,8.03,9,6,False,,0,True
R002870,P0096,30.5,3485,12.6,36.9,4.33,1.38,5,4,True,16:54,59,False
R002871,P0096,71.1,9627,8.3,66.3,4.81,3.39,4,2,False,,0,False
R002872,P0096,18.2,1113,3.1,45.9,4.19,8.88,4,5,False,,0,False
R002873,P0096,52.5,5371,13.5,28.2,5.85,10.85,5,5,False,,0,False
R002874,P0096,35.1,2461,12.4,69.9,2.43,9.49,4,4,False,,0,False
R002875,P0096,38.5,4385,11.4,52.9,9.93,8.98,4,6,True,13:50,53,True
R002876,P0096,28.0,2905,0.0,105.1,2.07,9.06,3,3,True,15:28,46,False
R002877,P0096,17.3,2825,0.9,67.4,5.26,3.81,5,4,True,17:51,47,True
R002878,P0096,16.9,1822,10.4,126.6,3.34,3.86,5,4,False,,0,False
R002879,P0096,24.4,3073,2.0,42.4,3.66,7.97,2,5,False,,0,False
R002880,P0096,35.0,4874,8.4,0.0,4.69,9.27,4,6,False,,0,False
R002881,P0097,141.3,16737,39.3,106.7,5.73,6.79,4,6,True,14:01,68,False
R002882,P0097,130.3,13430,39.3,152.3,3.68,7.96,3,4,True,13:46,63,False
R002883,P0097,124.5,15039,52.6,87.7,5.43,7.09,3,4,False,,0,False
R002884,P0097,129.6,14334,44.9,0.0,4.36,6.34,5,4,False,,0,False
R002885,P0097,91.5,10232,37.6,44.1,4.92,6.4,5,6,True,13:23,83,False
R002886,P0097,102.3,12105,32.1,74.2,5.46,2.72,4,3,False,,0,False
R002887,P0097,109.6,12074,23.2,100.7,5.46,0.74,3,4,True,14:55,82,False
R002888,P0097,110.6,11306,26.4,41.9,7.0,6.89,4,5,False,,0,False
R002889,P0097,142.7,14634,57.8,87.1,4.4,8.47,4,6,False,,0,False
R002890,P0097,124.5,12360,47.9,120.7,5.39,6.14,4,5,False,,0,False
R002891,P0097,120.0,12906,28.6,121.4,4.74,6.97,4,3,False,,0,False
R002892,P0097,100.3,10833,31.8,19.4,4.24,7.22,3,4,False,,0,False
R002893,P0097,127.6,16390,34.1,149.5,6.44,2.35,5,5,False,,0,False
R002894,P0097,116.3,13230,32.8,20.7,5.81,3.19,3,5,True,13:27,17,False
R002895,P0097,28.2,2663,20.2,87.8,5.28,8.25,5,8,True,17:14,66,True
R002896,P0097,111.9,10726,18.8,139.8,6.08,7.95,6,4,True,15:07,51,True
R002897,P0097,128.6,13829,36.5,187.5,3.61,6.92,5,5,True,17:34,24,False
R002898,P0097,123.8,12018,53.6,97.9,9.01,6.63,3,4,True,17:34,67,True
R002899,P0097,90.7,11500,11.9,76.1,5.62,8.12,4,5,False,,0,False
R002900,P0097,123.5,14327,15.7,125.1,4.2,2.58,4,4,False,,0,False
R002901,P0097,121.6,13976,27.3,107.3,6.42,0.03,2,7,False,,0,False
R002902,P0097,117.1,13944,49.7,68.4,4.46,7.23,2,2,False,,0,False
R002903,P0097,120.7,13771,19.1,116.0,6.02,7.86,4,1,False,,0,False
R002904,P0097,93.3,10631,29.8,158.2,6.24,7.96,4,3,True,14:10,18,False
R002905,P0097,117.9,12557,29.1,188.1,6.57,6.11,4,4,True,17:56,93,False
R002906,P0097,85.8,9166,32.2,128.9,6.08,5.08,4,5,False,,0,False
R002907,P0097,69.5,8423,26.1,41.3,4.04,3.65,5,6,True,14:36,30,False
R002908,P0097,134.7,14512,55.8,62.8,6.03,2.44,4,5,False,,0,False
R002909,P0097,104.0,13759,41.5,0.0,6.18,7.11,4,5,False,,0,True
R002910,P0097,100.8,9329,16.8,135.0,5.13,6.07,3,5,True,17:01,72,True
R002911,P0098,77.2,8029,35.7,315.3,2.63,7.71,3,6,False,,0,False
R002912,P0098,71.3,6563,35.9,169.4,2.02,7.33,5,4,False,,0,False
R002913,P0098,69.3,7107,12.0,230.3,1.47,8.89,3,6,False,,0,False
R002914,P0098,59.6,8157,10.1,226.4,3.22,6.73,2,2,False,,0,False
R002915,P0098,59.7,6855,9.8,298.3,3.87,7.57,5,7,False,,0,False
R002916,P0098,37.4,4776,15.6,304.6,5.47,2.93,2,1,False,,0,True
R002917,P0098,70.0,5790,29.1,243.7,1.69,0.61,1,3,True,16:35,44,False
R002918,P0098,32.3,3872,4.9,262.8,2.4,8.65,1,2,False,,0,False
R002919,P0098,58.6,6285,14.6,297.9,2.87,9.05,3,4,False,,0,False
R002920,P0098,24.3,4191,8.2,284.0,3.28,9.37,3,5,False,,0,False
R002921,P0098,66.2,7282,15.4,190.8,3.27,9.13,2,4,False,,0,False
R002922,P0098,74.2,7678,29.4,266.0,1.43,6.81,2,3,False,,0,False
R002923,P0098,67.6,8591,21.3,236.6,0.0,1.16,1,3,False,,0,False
R002924,P0098,79.6,9371,25.8,280.0,2.18,1.95,3,6,False,,0,False
R002925,P0098,51.4,5486,6.8,241.4,2.1,7.74,3,4,False,,0,False
R002926,P0098,43.9,4832,27.2,212.3,0.68,7.29,2,6,False,,0,False
R002927,P0098,13.9,1482,6.3,221.8,2.46,8.33,4,2,True,13:59,24,True
R002928,P0098,41.2,5056,20.1,182.5,2.92,6.77,3,5,False,,0,False
R002929,P0098,30.6,3544,10.4,259.3,2.1,8.65,3,3,False,,0,False
R002930,P0098,13.3,1976,8.1,269.4,0.0,1.74,2,7,False,,0,False
R002931,P0098,46.5,3954,4.8,228.3,2.38,3.77,3,2,False,,0,False
R002932,P0098,65.4,5747,31.7,136.6,2.59,7.15,3,4,False,,0,False
R002933,P0098,36.8,3179,17.8,216.3,1.71,8.57,4,4,True,16:12,90,False
R002934,P0098,36.1,4704,9.8,142.0,0.0,6.17,2,5,False,,0,False
R002935,P0098,27.9,4047,9.6,187.4,1.83,9.93,1,2,False,,0,False
R002936,P0098,57.0,5025,26.7,246.8,0.9,9.52,3,3,False,,0,False
R002937,P0098,69.8,6504,17.6,207.4,2.54,3.09,4,5,False,,0,False
R002938,P0098,60.8,6251,22.1,257.3,2.75,2.31,2,4,False,,0,False
R002939,P0098,55.4,5136,8.3,239.6,1.13,7.36,4,6,False,,0,False
R002940,P0098,55.9,7486,16.1,169.5,2.74,7.34,4,4,True,14:57,28,False
R002941,P0099,41.4,3305,16.1,114.2,5.96,10.17,1,4,False,,0,False
R002942,P0099,47.9,3885,3.0,225.2,5.55,8.59,4,4,False,,0,False
R002943,P0099,41.3,4783,9.6,178.1,5.27,7.92,1,4,False,,0,False
R002944,P0099,89.3,11246,42.8,62.8,4.38,7.66,2,3,False,,0,False
R002945,P0099,44.5,2846,7.6,171.7,5.29,10.13,6,7,False,,0,True
R002946,P0099,65.1,7407,12.0,112.1,4.71,4.58,3,4,False,,0,False
R002947,P0099,76.7,7480,13.6,209.8,5.01,4.1,2,4,False,,0,False
R002948,P0099,60.1,6728,18.1,184.9,5.72,9.2,7,7,False,,0,True
R002949,P0099,14.7,2885,4.6,108.9,5.38,9.67,3,3,False,,0,True
R002950,P0099,50.7,3617,20.0,122.8,4.81,9.61,1,4,False,,0,False
R002951,P0099,55.6,6108,15.4,128.5,4.97,9.86,1,5,False,,0,False
R002952,P0099,0.0,0,0.0,166.9,4.06,8.97,2,2,False,,0,False
R002953,P0099,32.5,1471,16.2,166.1,4.76,3.13,4,6,True,15:24,38,False
R002954,P0099,40.3,4865,17.8,194.7,8.14,3.89,4,5,False,,0,True
R002955,P0099,7.7,778,0.0,124.0,4.9,9.73,2,4,False,,0,False
R002956,P0099,53.9,5195,18.0,113.7,5.47,8.83,1,4,False,,0,False
R002957,P0099,56.8,6248,11.2,228.5,5.96,7.54,2,5,False,,0,False
R002958,P0099,55.9,7034,22.5,145.5,4.94,7.83,2,2,False,,0,False
R002959,P0099,52.9,5133,10.6,143.4,4.81,9.03,2,4,True,17:35,29,False
R002960,P0099,45.4,5134,16.1,125.9,5.29,2.41,2,1,False,,0,False
R002961,P0099,66.5,6697,31.9,90.5,3.69,2.73,4,5,False,,0,False
R002962,P0099,71.3,7637,17.4,158.7,8.79,6.66,4,3,True,17:15,10,True
R002963,P0099,55.0,6760,21.9,47.1,5.61,8.78,2,4,False,,0,False
R002964,P0099,60.2,6321,24.3,155.9,4.98,8.91,2,4,False,,0,True
R002965,P0099,52.2,5050,31.6,125.1,5.06,8.76,2,5,False,,0,False
R002966,P0099,40.5,6083,5.0,92.6,4.94,9.09,2,5,False,,0,False
R002967,P0099,53.0,5801,11.2,169.1,5.68,3.91,5,4,False,,0,False
R002968,P0099,37.0,3907,3.6,107.7,4.6,2.36,3,4,True,14:52,57,False
R002969,P0099,95.7,8468,21.2,178.0,3.83,8.71,3,4,False,,0,False
R002970,P0099,65.1,6957,30.9,245.9,5.57,7.81,3,5,False,,0,False
R002971,P0100,27.7,3841,4.5,232.2,6.82,12.56,6,6,True,17:15,28,True
R002972,P0100,0.0,0,0.1,266.7,7.59,9.43,7,8,False,,0,False
R002973,P0100,52.8,4958,23.6,216.1,6.04,10.07,7,5,True,16:38,70,False
R002974,P0100,32.8,3375,9.8,199.0,7.1,8.88,8,5,False,,0,False
R002975,P0100,34.7,3279,9.2,197.0,7.38,9.51,5,4,False,,0,False
R002976,P0100,20.2,3148,0.9,190.7,5.73,2.86,7,5,False,,0,False
R002977,P0100,33.8,2183,13.6,190.5,8.0,3.42,6,4,False,,0,False
R002978,P0100,36.2,2343,18.5,238.2,6.79,8.55,7,6,True,15:49,22,False
R002979,P0100,22.2,2598,0.0,171.5,6.51,7.86,5,5,False,,0,False
R002980,P0100,17.3,1851,0.0,187.0,8.02,8.48,6,4,False,,0,False
R002981,P0100,27.9,5134,8.5,254.5,5.77,10.87,6,5,False,,0,False
R002982,P0100,22.6,3412,11.1,207.4,7.95,10.38,7,5,False,,0,False
R002983,P0100,9.1,127,0.0,205.7,8.09,3.96,7,6,False,,0,False
R002984,P0100,6.4,0,0.8,193.7,10.72,0.85,8,3,False,,0,True
R002985,P0100,38.9,3053,8.1,204.4,6.02,10.19,6,3,False,,0,False
R002986,P0100,47.9,4912,18.9,182.0,4.76,9.1,7,6,False,,0,False
R002987,P0100,9.9,170,6.9,129.5,6.71,8.98,8,5,False,,0,False
R002988,P0100,0.0,0,0.0,173.6,5.43,10.29,5,6,False,,0,False
R002989,P0100,2.9,346,1.3,197.5,6.64,9.87,6,2,False,,0,False
R002990,P0100,26.7,2119,5.9,169.7,6.23,2.22,7,6,False,,0,False
R002991,P0100,2.9,0,1.6,183.1,5.26,3.25,7,7,True,16:15,46,False
R002992,P0100,32.2,4332,2.7,266.5,7.84,10.51,5,6,False,,0,False
R002993,P0100,56.9,5658,23.0,141.1,6.65,8.97,5,4,False,,0,False
R002994,P0100,25.4,3155,4.8,433.7,6.73,10.41,7,5,False,,0,True
R002995,P0100,32.1,3340,13.4,226.7,6.7,10.43,7,5,True,15:33,63,False
R002996,P0100,10.1,402,2.5,305.4,8.61,11.6,6,6,False,,0,False
R002997,P0100,11.5,352,8.5,168.0,6.35,4.56,5,5,False,,0,False
R002998,P0100,17.8,986,0.0,173.8,7.4,2.63,6,5,False,,0,False
R002999,P0100,16.4,1165,4.7,259.3,7.72,9.68,6,5,True,13:59,10,False
R003000,P0100,0.0,0,0.0,235.9,5.51,10.04,6,4,False,,0,False
R003001,P0101,39.4,3667,14.2,20.7,1.77,9.04,7,4,False,,0,False
R003002,P0101,13.3,3749,6.8,42.5,1.02,8.95,6,6,False,,0,False
R003003,P0101,9.5,0,1.5,0.0,1.62,9.76,5,5,False,,0,False
R003004,P0101,0.0,0,0.0,51.1,0.88,9.32,7,5,False,,0,False
R003005,P0101,27.9,3929,8.9,0.0,1.87,9.01,8,5,False,,0,False
R003006,P0101,8.5,855,3.0,6.6,2.41,3.28,5,6,False,,0,False
R003007,P0101,27.3,2246,21.9,0.0,0.13,2.88,7,6,False,,0,False
R003008,P0101,0.0,1233,0.0,76.9,2.9,8.38,6,6,False,,0,False
R003009,P0101,7.8,980,0.0,17.4,1.35,10.3,7,6,False,,0,False
R003010,P0101,11.1,0,4.8,42.1,2.47,7.85,5,4,False,,0,False
R003011,P0101,0.0,544,2.8,11.8,2.46,7.68,7,6,True,17:55,10,False
R003012,P0101,10.7,1997,2.2,35.5,2.44,9.44,5,4,False,,0,False
R003013,P0101,0.0,312,2.1,36.9,1.31,2.55,8,5,True,17:09,80,False
R003014,P0101,0.0,0,0.0,35.0,2.45,5.45,5,4,False,,0,False
R003015,P0101,16.9,2350,11.4,0.0,0.53,8.61,6,6,True,13:51,14,False
R003016,P0101,0.0,86,1.6,29.2,2.59,9.86,6,5,True,14:23,65,False
R003017,P0101,8.1,0,0.4,27.6,1.81,8.85,6,6,False,,0,False
R003018,P0101,2.8,849,0.3,53.2,1.37,6.97,8,5,False,,0,False
R003019,P0101,29.7,2623,12.0,0.0,2.04,9.26,5,3,False,,0,False
R003020,P0101,5.9,313,10.4,0.0,0.77,2.87,5,4,False,,0,False
R003021,P0101,12.9,2040,2.6,53.3,1.27,3.0,6,5,False,,0,False
R003022,P0101,39.1,6587,11.6,70.0,0.78,8.74,6,3,False,,0,True
R003023,P0101,0.0,0,0.0,0.0,0.91,9.39,5,5,False,,0,False
R003024,P0101,0.0,0,6.1,50.8,2.5,6.15,7,6,False,,0,False
R003025,P0101,10.4,0,3.9,51.8,2.06,7.35,6,5,False,,0,False
R003026,P0101,0.0,350,0.0,97.8,0.05,9.91,6,6,False,,0,False
R003027,P0101,47.6,4014,14.6,75.5,2.22,2.6,7,5,False,,0,False
R003028,P0101,17.4,3510,6.7,10.6,1.77,3.71,6,6,False,,0,False
R003029,P0101,14.1,789,3.6,91.0,1.61,7.69,7,7,False,,0,False
R003030,P0101,0.0,37,0.2,60.1,0.1,8.57,8,5,False,,0,False
R003031,P0102,27.7,2839,7.9,247.7,5.77,4.53,6,5,False,,0,False
R003032,P0102,27.7,4427,1.9,227.7,10.82,7.78,7,4,True,14:14,61,True
R003033,P0102,27.4,4201,4.0,291.2,6.38,6.76,7,5,True,14:41,25,True
R003034,P0102,13.0,1025,14.5,303.1,5.81,6.49,4,5,True,14:19,45,False
R003035,P0102,20.3,2889,13.7,309.7,10.96,7.93,7,7,False,,0,True
R003036,P0102,0.0,729,0.0,247.5,7.74,2.77,5,8,False,,0,False
R003037,P0102,14.9,1563,12.5,284.1,7.92,3.4,7,5,False,,0,False
R003038,P0102,5.6,1281,3.1,224.9,6.61,6.22,6,4,True,13:08,71,False
R003039,P0102,15.9,3472,4.1,328.5,5.88,5.38,7,3,True,15:44,37,False
R003040,P0102,18.4,1503,1.4,236.5,7.95,8.92,3,4,False,,0,True
R003041,P0102,0.8,0,0.0,256.1,7.23,7.82,5,6,False,,0,False
R003042,P0102,18.8,1862,6.8,321.1,6.14,6.68,7,2,False,,0,False
R003043,P0102,5.4,732,0.0,312.1,6.91,2.36,5,5,False,,0,True
R003044,P0102,0.0,0,0.0,205.6,5.69,2.56,8,6,False,,0,True
R003045,P0102,32.7,2979,9.1,276.1,7.58,5.17,4,4,True,15:02,10,False
R003046,P0102,4.8,398,0.0,261.3,5.69,6.88,7,4,True,16:34,38,False
R003047,P0102,14.1,821,0.0,339.2,11.28,7.24,5,3,True,15:11,31,True
R003048,P0102,42.6,4336,19.6,174.3,7.02,7.46,6,5,False,,0,False
R003049,P0102,20.5,2306,2.2,292.4,9.05,6.61,5,5,True,16:59,55,True
R003050,P0102,19.1,1791,0.0,261.7,7.06,1.2,5,6,False,,0,False
R003051,P0102,30.6,2622,14.4,276.9,6.02,2.09,6,4,True,15:39,10,False
R003052,P0102,30.8,3790,5.3,295.7,6.21,9.28,8,5,False,,0,False
R003053,P0102,24.9,3037,0.0,221.1,7.89,7.97,6,5,False,,0,True
R003054,P0102,24.3,4388,0.0,217.7,7.92,7.25,6,5,True,16:28,51,False
R003055,P0102,6.7,0,9.6,247.1,5.79,8.25,7,6,False,,0,False
R003056,P0102,18.6,1908,2.2,271.4,6.45,5.95,4,3,True,13:48,51,False
R003057,P0102,15.0,2119,1.8,180.7,6.07,2.34,8,5,False,,0,False
R003058,P0102,62.2,4715,23.2,331.6,6.5,1.4,3,4,True,17:20,71,False
R003059,P0102,14.8,3448,14.8,242.0,6.39,4.28,8,6,False,,0,False
R003060,P0102,34.5,4821,18.1,307.5,5.66,6.77,5,4,True,14:16,10,False
R003061,P0103,11.8,3061,5.8,258.1,7.53,7.64,6,6,False,,0,False
R003062,P0103,0.0,0,0.6,194.9,6.56,8.08,8,7,False,,0,False
R003063,P0103,15.1,2594,7.3,287.5,6.63,7.67,6,3,True,16:01,67,False
R003064,P0103,0.0,0,0.0,113.2,8.58,4.67,8,6,False,,0,True
R003065,P0103,0.0,767,3.2,375.0,6.94,7.38,8,7,False,,0,True
R003066,P0103,0.0,1474,0.0,178.4,9.41,3.16,8,6,False,,0,False
R003067,P0103,10.0,444,12.2,193.2,7.98,2.06,7,6,False,,0,False
R003068,P0103,26.0,2228,0.0,222.3,6.27,6.86,9,7,True,17:44,47,False
R003069,P0103,0.0,0,0.0,236.0,7.54,7.99,5,5,False,,0,False
R003070,P0103,0.0,976,0.0,206.9,12.09,8.18,7,5,False,,0,True
R003071,P0103,0.0,0,0.0,346.3,8.2,7.66,5,6,True,13:26,46,False
R003072,P0103,22.5,1821,5.2,170.6,9.29,8.42,8,6,True,15:02,27,False
R003073,P0103,16.7,2350,6.3,228.4,5.89,2.84,8,7,False,,0,False
R003074,P0103,18.8,2242,1.8,234.7,6.72,1.8,8,6,False,,0,False
R003075,P0103,22.8,1862,9.9,276.7,7.14,8.86,6,5,False,,0,False
R003076,P0103,8.8,1876,0.0,289.4,8.2,5.96,9,8,False,,0,False
R003077,P0103,6.9,50,7.3,233.5,8.47,7.47,7,6,False,,0,False
R003078,P0103,0.0,0,1.1,244.1,11.24,6.81,8,4,True,16:34,42,True
R003079,P0103,0.0,0,0.0,227.2,9.21,7.45,9,7,False,,0,False
R003080,P0103,0.0,0,0.0,214.0,6.31,0.97,8,5,False,,0,False
R003081,P0103,0.0,698,2.4,216.5,8.51,3.55,5,5,False,,0,False
R003082,P0103,36.8,3724,14.7,203.5,7.29,9.61,7,5,False,,0,False
R003083,P0103,3.3,747,0.0,161.0,7.36,6.48,8,7,True,17:35,69,False
R003084,P0103,0.0,0,0.0,199.5,6.59,6.38,6,4,False,,0,False
R003085,P0103,17.6,1507,7.0,215.7,7.31,8.35,6,5,False,,0,False
R003086,P0103,0.0,344,2.9,166.3,6.76,6.48,9,6,False,,0,False
R003087,P0103,21.2,1520,0.0,199.9,6.3,3.72,7,5,False,,0,False
R003088,P0103,8.0,579,8.9,292.2,7.69,2.87,7,6,False,,0,True
R003089,P0103,7.0,64,0.0,179.5,6.39,7.16,9,6,False,,0,False
R003090,P0103,25.0,2437,10.0,283.6,8.05,9.51,7,6,False,,0,False
R003091,P0104,34.0,3972,13.2,124.4,5.86,7.79,4,3,False,,0,False
R003092,P0104,31.5,3233,10.6,260.0,7.24,7.13,2,2,False,,0,True
R003093,P0104,5.9,446,4.2,72.4,8.74,8.66,4,5,False,,0,False
R003094,P0104,11.6,1648,2.0,52.1,6.95,10.44,3,3,True,13:42,24,True
R003095,P0104,0.0,0,0.0,190.9,7.19,8.94,4,6,False,,0,False
R003096,P0104,66.5,6361,24.5,31.2,7.91,3.0,5,3,False,,0,False
R003097,P0104,6.4,55,0.0,41.5,6.52,4.88,3,2,False,,0,False
R003098,P0104,36.8,4396,2.0,99.0,5.94,8.12,4,4,False,,0,False
R003099,P0104,4.7,0,1.3,147.3,10.04,7.93,4,6,False,,0,True
R003100,P0104,17.8,2195,8.4,75.7,5.35,7.36,3,5,False,,0,False
R003101,P0104,13.5,1347,4.4,67.0,6.19,9.04,3,4,False,,0,False
R003102,P0104,18.6,2951,6.4,144.1,7.0,7.89,2,4,True,17:50,54,True
R003103,P0104,38.9,3709,14.9,93.4,7.75,3.26,5,9,False,,0,False
R003104,P0104,43.0,3496,14.0,3.9,7.32,1.8,3,5,False,,0,False
R003105,P0104,61.5,7878,13.4,99.0,7.2,7.0,5,7,False,,0,False
R003106,P0104,29.5,3882,9.2,133.2,7.28,9.31,4,4,True,13:36,89,False
R003107,P0104,45.1,6188,12.2,119.9,8.01,8.61,4,5,False,,0,False
R003108,P0104,59.9,5783,15.2,71.7,6.63,9.8,3,4,True,16:00,39,False
R003109,P0104,36.8,2482,10.4,67.1,7.51,8.02,5,5,False,,0,False
R003110,P0104,12.4,930,3.0,59.0,7.51,2.02,4,3,True,16:13,50,False
R003111,P0104,30.8,3257,11.1,96.5,7.63,4.89,5,7,False,,0,False
R003112,P0104,25.0,1491,19.0,0.0,6.0,8.59,3,3,False,,0,False
R003113,P0104,24.7,3220,3.8,31.1,7.74,8.1,3,5,False,,0,False
R003114,P0104,2.0,1124,0.0,16.9,5.97,9.62,4,4,True,15:19,42,False
R003115,P0104,43.7,4414,3.9,135.7,11.58,8.73,5,5,False,,0,True
R003116,P0104,36.5,4086,14.0,80.0,8.39,7.0,3,3,False,,0,False
R003117,P0104,23.5,2375,3.1,172.6,5.28,4.63,5,5,False,,0,False
R003118,P0104,32.5,2379,17.6,168.6,7.68,4.31,4,5,False,,0,False
R003119,P0104,56.6,8016,19.8,73.9,8.28,9.54,4,6,False,,0,False
R003120,P0104,14.2,1758,5.0,55.6,8.15,10.62,2,5,False,,0,False
R003121,P0105,53.4,6036,14.3,61.0,7.07,6.26,6,3,False,,0,False
R003122,P0105,46.4,4152,21.0,44.7,7.35,3.96,5,4,False,,0,False
R003123,P0105,29.4,4236,12.2,54.6,10.36,6.92,5,7,False,,0,False
R003124,P0105,33.0,2226,23.4,122.2,7.13,4.68,6,6,False,,0,False
R003125,P0105,10.0,2519,5.4,68.8,8.02,7.94,7,3,False,,0,False
R003126,P0105,32.7,2928,0.0,34.1,7.54,3.51,7,5,False,,0,False
R003127,P0105,23.8,1293,5.9,29.8,6.72,2.54,5,4,False,,0,False
R003128,P0105,25.2,3760,6.3,87.0,6.97,9.2,4,4,True,15:30,35,False
R003129,P0105,56.2,5552,12.2,56.6,5.8,5.47,6,3,False,,0,False
R003130,P0105,56.3,6304,21.4,0.0,6.65,4.9,4,5,False,,0,False
R003131,P0105,19.0,2724,5.5,0.0,8.55,6.4,4,4,False,,0,False
R003132,P0105,51.5,5913,1.6,50.9,6.43,7.09,3,5,False,,0,False
R003133,P0105,85.6,7084,19.2,78.8,6.88,0.89,4,1,False,,0,False
R003134,P0105,52.7,5387,1.7,99.7,7.31,0.97,4,4,False,,0,True
R003135,P0105,57.5,6774,28.2,0.0,7.37,8.15,5,4,False,,0,False
R003136,P0105,29.8,4801,10.1,61.7,8.67,6.58,2,2,False,,0,False
R003137,P0105,6.3,0,3.8,20.4,6.57,3.82,6,3,False,,0,False
R003138,P0105,5.0,273,0.0,0.0,6.28,5.48,4,4,False,,0,False
R003139,P0105,27.1,4244,14.1,70.1,7.11,6.45,5,2,False,,0,False
R003140,P0105,15.8,833,3.0,0.0,6.11,1.83,5,4,False,,0,False
R003141,P0105,16.6,0,4.6,8.9,6.72,1.04,5,5,False,,0,False
R003142,P0105,40.7,4617,15.8,55.8,8.05,6.62,4,4,False,,0,False
R003143,P0105,10.2,1392,0.2,42.7,7.7,6.24,4,2,False,,0,False
R003144,P0105,8.4,1149,0.0,95.3,7.78,5.84,4,4,False,,0,False
R003145,P0105,34.5,4098,12.4,29.8,7.81,7.96,6,7,True,13:30,74,False
R003146,P0105,35.1,3586,9.3,41.7,6.36,6.3,7,3,False,,0,False
R003147,P0105,32.2,4117,6.6,84.7,7.14,2.5,5,4,False,,0,False
R003148,P0105,25.2,3591,9.0,35.0,7.39,3.77,5,5,True,16:58,50,False
R003149,P0105,45.7,4549,17.7,29.8,6.13,7.84,3,6,False,,0,False
R003150,P0105,43.3,3274,1.8,23.5,6.26,5.77,7,5,False,,0,False
R003151,P0106,37.0,3914,18.4,3.4,5.54,6.16,6,6,False,,0,False
R003152,P0106,43.3,4916,8.2,49.5,4.49,6.41,4,3,True,14:44,37,False
R003153,P0106,34.2,3436,12.1,66.3,5.03,7.47,6,7,False,,0,False
R003154,P0106,15.7,1631,10.5,0.0,5.81,5.42,6,3,False,,0,False
R003155,P0106,42.4,4068,19.0,4.2,7.55,6.84,6,6,True,15:47,49,True
R003156,P0106,26.0,3360,5.9,0.0,4.94,3.45,4,2,True,14:41,23,False
R003157,P0106,32.9,6070,7.8,3.8,6.41,2.35,5,6,False,,0,False
R003158,P0106,38.8,5523,8.7,0.0,6.43,6.82,6,5,False,,0,False
R003159,P0106,14.7,1013,14.0,52.8,5.7,7.38,5,5,False,,0,False
R003160,P0106,32.4,2943,18.2,50.8,4.83,7.18,6,7,False,,0,False
R003161,P0106,9.5,1420,6.9,0.0,5.38,7.49,4,4,False,,0,False
R003162,P0106,64.2,5424,26.1,88.8,3.97,7.85,5,5,False,,0,False
R003163,P0106,6.7,2238,1.9,0.0,5.38,1.89,4,4,False,,0,False
R003164,P0106,0.0,0,6.0,66.0,5.5,3.87,6,6,False,,0,False
R003165,P0106,46.6,5395,4.8,76.4,7.44,7.28,4,3,False,,0,False
R003166,P0106,45.5,3957,17.3,16.0,5.56,7.46,6,4,False,,0,False
R003167,P0106,50.5,5376,22.2,45.9,5.89,5.92,4,3,False,,0,False
R003168,P0106,56.7,7240,21.8,0.0,6.07,7.02,4,4,False,,0,False
R003169,P0106,10.0,568,2.7,29.3,5.58,6.84,3,5,False,,0,False
R003170,P0106,8.6,0,0.0,51.2,5.15,2.88,5,5,False,,0,False
R003171,P0106,50.7,5497,10.6,20.7,3.56,1.98,7,4,False,,0,False
R003172,P0106,35.2,3058,4.9,170.3,8.27,5.8,5,6,False,,0,True
R003173,P0106,53.4,6679,4.2,15.3,4.51,5.98,6,4,False,,0,False
R003174,P0106,68.7,9028,27.2,0.0,6.26,6.98,6,6,False,,0,False
R003175,P0106,28.8,2478,13.0,12.3,5.06,6.49,7,4,False,,0,False
R003176,P0106,39.9,4770,12.9,30.5,5.12,7.16,4,3,False,,0,False
R003177,P0106,44.3,6413,12.4,65.8,4.5,2.13,4,5,False,,0,False
R003178,P0106,22.2,649,6.4,12.1,4.91,2.05,4,4,False,,0,False
R003179,P0106,20.9,3410,12.4,39.6,5.75,6.87,5,4,False,,0,False
R003180,P0106,27.5,4865,16.9,22.9,6.15,6.43,5,3,False,,0,False
R003181,P0107,39.4,3918,5.9,112.1,5.06,6.19,7,6,False,,0,False
R003182,P0107,49.5,6547,14.4,0.0,6.9,9.08,5,5,False,,0,True
R003183,P0107,34.4,2772,14.9,148.6,5.52,6.38,8,6,False,,0,False
R003184,P0107,76.5,8773,18.2,22.1,6.29,7.53,5,5,False,,0,False
R003185,P0107,45.6,4661,20.1,74.6,6.29,9.36,6,4,False,,0,False
R003186,P0107,29.6,2516,3.9,83.6,4.14,2.34,7,5,False,,0,False
R003187,P0107,24.2,4276,6.4,173.7,5.25,1.79,5,5,False,,0,False
R003188,P0107,15.3,1773,6.5,104.5,5.95,5.82,8,7,False,,0,False
R003189,P0107,54.1,4894,9.3,94.7,5.87,8.35,6,3,True,13:15,36,False
R003190,P0107,44.0,4546,22.2,6.5,5.61,9.03,6,2,False,,0,False
R003191,P0107,15.3,1520,7.8,116.7,4.41,7.21,7,5,False,,0,False
R003192,P0107,51.1,6376,15.1,58.2,5.83,6.59,5,5,False,,0,False
R003193,P0107,25.4,2856,14.4,85.5,8.33,0.99,7,6,False,,0,False
R003194,P0107,33.9,4548,2.8,143.0,4.68,4.09,7,5,False,,0,False
R003195,P0107,40.8,3686,2.4,57.0,6.02,6.67,6,5,False,,0,False
R003196,P0107,31.4,4668,8.3,70.8,4.7,8.07,8,4,False,,0,False
R003197,P0107,60.6,5831,20.9,116.1,4.78,9.04,6,5,False,,0,False
R003198,P0107,61.9,6618,22.0,41.7,4.66,6.78,8,4,False,,0,False
R003199,P0107,32.9,3929,17.9,25.5,6.0,8.44,6,7,False,,0,False
R003200,P0107,35.1,3322,17.8,111.5,6.03,1.62,6,4,True,16:37,35,False
R003201,P0107,26.3,3422,7.8,154.6,5.63,3.58,7,7,False,,0,False
R003202,P0107,21.7,2764,1.6,32.8,5.06,6.59,7,5,False,,0,False
R003203,P0107,47.4,4919,8.3,99.8,5.26,7.73,7,6,False,,0,False
R003204,P0107,65.6,7317,16.3,143.8,3.66,7.53,4,4,False,,0,False
R003205,P0107,37.1,4266,13.3,112.1,4.51,8.03,4,4,False,,0,False
R003206,P0107,20.8,2191,0.0,141.2,6.43,7.32,6,5,False,,0,True
R003207,P0107,22.4,2923,5.3,64.5,4.46,1.58,6,5,False,,0,False
R003208,P0107,21.0,1818,4.1,105.1,6.47,2.68,8,4,True,17:55,33,False
R003209,P0107,29.9,2726,9.0,127.9,4.51,7.84,5,6,False,,0,False
R003210,P0107,26.4,3974,7.1,111.1,5.1,10.55,7,4,False,,0,False
R003211,P0108,0.0,0,0.0,128.9,8.1,8.29,9,5,True,14:27,38,False
R003212,P0108,1.2,0,7.4,171.6,9.08,7.26,8,4,False,,0,False
R003213,P0108,34.7,2981,9.8,151.0,6.96,8.91,7,6,False,,0,False
R003214,P0108,15.7,1617,8.5,132.0,9.04,8.47,5,4,False,,0,False
R003215,P0108,0.0,0,1.6,118.9,9.44,8.17,8,5,False,,0,False
R003216,P0108,10.5,1690,1.4,171.0,8.28,3.34,7,6,False,,0,False
R003217,P0108,21.2,2268,6.8,179.0,7.55,2.27,8,6,False,,0,False
R003218,P0108,7.4,382,1.4,158.5,8.53,7.6,6,6,False,,0,False
R003219,P0108,13.2,1282,10.0,103.9,7.02,7.42,5,4,False,,0,False
R003220,P0108,0.0,0,3.9,230.1,8.63,9.24,6,6,False,,0,False
R003221,P0108,0.0,0,0.0,249.9,7.95,9.54,6,3,False,,0,False
R003222,P0108,0.0,576,2.6,185.3,8.9,6.26,6,4,False,,0,False
R003223,P0108,35.4,4525,10.6,160.3,7.75,3.62,6,6,False,,0,True
R003224,P0108,14.1,1033,8.3,245.2,6.94,2.91,6,5,False,,0,False
R003225,P0108,23.0,2062,0.0,170.3,6.44,8.52,6,5,False,,0,True
R003226,P0108,0.0,0,0.0,206.7,8.3,8.66,6,7,False,,0,False
R003227,P0108,0.0,0,2.7,180.7,6.34,8.83,6,5,False,,0,False
R003228,P0108,18.6,3165,8.4,178.9,9.53,8.1,6,4,False,,0,False
R003229,P0108,0.0,0,0.0,159.7,7.87,9.82,9,5,True,17:36,29,True
R003230,P0108,0.0,603,1.2,178.3,7.41,2.13,7,5,False,,0,False
R003231,P0108,27.5,1765,5.1,165.4,8.27,3.67,8,4,False,,0,False
R003232,P0108,32.6,3868,10.6,160.9,7.4,6.71,6,4,False,,0,False
R003233,P0108,41.9,3875,14.6,216.9,7.55,9.83,7,5,False,,0,False
R003234,P0108,39.6,3801,11.8,150.2,7.71,8.03,6,6,False,,0,False
R003235,P0108,18.9,765,5.3,148.7,7.84,8.91,5,4,False,,0,False
R003236,P0108,10.4,1860,6.1,211.1,8.35,7.65,7,6,False,,0,False
R003237,P0108,0.0,0,3.7,126.7,10.42,3.52,7,5,False,,0,False
R003238,P0108,0.0,0,6.5,164.8,8.74,2.24,7,6,False,,0,False
R003239,P0108,17.0,2140,4.7,160.3,8.8,6.79,7,7,False,,0,False
R003240,P0108,0.0,1030,7.7,204.3,9.7,8.65,8,6,False,,0,False
R003241,P0109,30.8,1270,18.5,83.5,4.58,8.14,8,5,False,,0,False
R003242,P0109,67.7,8694,2.7,201.4,2.63,8.14,6,5,False,,0,False
R003243,P0109,38.3,3766,1.0,162.5,5.44,8.99,6,4,False,,0,False
R003244,P0109,47.2,5289,16.7,202.3,6.21,7.34,5,5,False,,0,False
R003245,P0109,71.7,7202,19.3,200.7,6.03,6.93,8,6,False,,0,False
R003246,P0109,46.3,5311,6.5,165.2,6.28,2.42,6,6,False,,0,False
R003247,P0109,50.5,7419,12.9,212.6,6.8,2.85,6,5,False,,0,False
R003248,P0109,44.7,3239,14.6,325.4,4.76,8.06,7,6,False,,0,False
R003249,P0109,0.0,745,3.1,174.5,5.71,8.9,7,4,False,,0,False
R003250,P0109,59.6,7939,12.7,133.7,5.42,6.51,8,6,False,,0,False
R003251,P0109,24.4,2190,14.7,150.8,6.17,8.6,6,6,False,,0,False
R003252,P0109,65.9,6217,22.9,142.1,5.68,8.83,5,5,False,,0,False
R003253,P0109,62.3,7518,16.0,132.5,7.77,3.35,7,5,False,,0,False
R003254,P0109,50.2,5659,22.4,154.9,5.0,3.21,5,6,False,,0,False
R003255,P0109,60.0,6912,23.2,165.3,5.98,7.58,7,5,False,,0,False
R003256,P0109,77.7,9649,33.2,211.7,5.68,8.85,6,5,False,,0,False
R003257,P0109,72.8,7222,33.6,239.4,4.88,6.44,6,5,False,,0,False
R003258,P0109,58.0,6938,18.1,155.2,4.9,6.59,7,6,False,,0,False
R003259,P0109,70.8,8423,20.3,217.6,5.97,9.56,5,6,False,,0,False
R003260,P0109,30.3,3878,5.4,192.7,6.51,1.48,8,5,False,,0,False
R003261,P0109,62.4,8166,10.7,225.8,6.01,1.87,7,6,False,,0,False
R003262,P0109,21.9,3031,3.7,208.0,6.33,6.84,6,6,True,15:08,41,False
R003263,P0109,41.9,4831,12.1,153.7,2.99,8.82,8,7,False,,0,False
R003264,P0109,17.8,2901,0.0,134.3,7.65,7.04,7,5,False,,0,False
R003265,P0109,58.4,6819,22.1,421.9,4.65,8.28,8,6,False,,0,True
R003266,P0109,75.6,7750,12.1,139.8,5.65,8.04,6,3,False,,0,False
R003267,P0109,71.0,7318,22.5,96.6,4.4,4.61,5,5,False,,0,False
R003268,P0109,48.3,3498,5.9,191.0,4.55,3.65,5,5,False,,0,False
R003269,P0109,44.0,3701,0.1,199.9,5.34,8.43,7,5,False,,0,False
R003270,P0109,0.0,1135,0.0,226.6,5.19,7.55,7,4,False,,0,False
R003271,P0110,83.4,10303,18.0,128.9,7.84,7.29,7,6,False,,0,False
R003272,P0110,78.4,8748,24.8,170.8,8.96,7.16,8,8,False,,0,False
R003273,P0110,61.4,4523,28.7,202.1,9.11,8.53,7,6,False,,0,False
R003274,P0110,87.6,9483,28.5,174.1,10.46,8.25,7,4,False,,0,True
R003275,P0110,65.9,7075,12.7,187.8,6.86,7.77,7,4,False,,0,False
R003276,P0110,64.9,6323,7.7,170.9,8.18,2.76,8,5,False,,0,False
R003277,P0110,77.0,8005,14.5,79.7,8.56,2.53,6,7,False,,0,False
R003278,P0110,84.1,9270,23.9,169.9,7.79,7.94,6,5,False,,0,False
R003279,P0110,70.1,6882,12.4,95.5,7.26,8.69,6,5,False,,0,False
R003280,P0110,22.2,3762,21.6,174.3,6.68,8.91,10,5,False,,0,False
R003281,P0110,37.2,4075,5.8,116.8,6.91,7.55,8,4,False,,0,False
R003282,P0110,36.2,2604,8.1,179.1,9.49,9.89,8,4,True,13:16,73,False
R003283,P0110,63.6,5756,27.4,182.0,8.62,0.7,6,5,True,16:17,38,True
R003284,P0110,58.9,5157,14.9,147.8,7.83,2.33,7,7,False,,0,False
R003285,P0110,33.5,4759,5.2,126.6,8.74,8.17,9,5,False,,0,False
R003286,P0110,45.5,6174,16.8,160.0,6.9,8.98,6,4,False,,0,False
R003287,P0110,69.7,8674,17.0,114.1,8.82,7.34,6,5,False,,0,False
R003288,P0110,67.5,4391,21.8,106.6,8.33,9.18,7,5,False,,0,False
R003289,P0110,96.4,9367,41.8,154.3,5.54,7.48,7,6,True,17:18,16,False
R003290,P0110,75.3,7071,23.1,92.5,7.07,3.86,9,8,False,,0,False
R003291,P0110,18.2,2610,0.0,166.9,5.76,1.32,6,6,True,16:13,11,False
R003292,P0110,40.2,3784,0.0,117.9,5.83,7.11,8,6,False,,0,False
R003293,P0110,66.9,7585,22.6,165.2,5.81,6.98,5,6,False,,0,True
R003294,P0110,67.9,7507,24.9,183.1,6.65,6.34,5,5,False,,0,False
R003295,P0110,92.0,9922,17.7,233.5,8.3,7.79,8,6,False,,0,False
R003296,P0110,88.4,8926,33.7,148.8,6.69,8.96,9,8,False,,0,False
R003297,P0110,48.7,5027,8.9,159.6,7.59,1.78,8,5,False,,0,False
R003298,P0110,24.7,2922,3.9,201.5,7.93,2.99,10,4,False,,0,False
R003299,P0110,87.2,10873,31.4,189.0,9.48,9.78,8,5,False,,0,True
R003300,P0110,75.8,9288,34.6,142.5,8.1,8.82,6,4,True,15:30,45,False
R003301,P0111,47.7,4815,5.2,100.0,6.94,7.57,5,6,True,16:36,60,False
R003302,P0111,62.8,9316,14.8,115.2,5.12,7.48,6,6,False,,0,False
R003303,P0111,54.1,5861,16.7,89.7,6.0,7.09,4,6,False,,0,False
R003304,P0111,84.9,8230,9.9,17.2,6.91,5.67,4,5,False,,0,False
R003305,P0111,105.5,13393,19.7,105.5,6.44,8.16,6,6,False,,0,False
R003306,P0111,81.1,10421,20.2,94.2,6.82,2.74,4,5,False,,0,False
R003307,P0111,81.5,8643,13.6,45.7,6.25,3.69,3,3,False,,0,False
R003308,P0111,106.3,12568,37.2,2.2,6.4,4.07,6,7,False,,0,False
R003309,P0111,87.4,10769,12.9,111.2,6.16,8.01,6,6,False,,0,False
R003310,P0111,82.3,7589,26.1,112.8,7.76,6.82,4,5,False,,0,False
R003311,P0111,76.0,6567,14.0,106.0,6.62,6.88,5,6,False,,0,False
R003312,P0111,81.6,9293,14.7,105.5,7.21,6.98,4,4,False,,0,False
R003313,P0111,82.6,11346,23.6,153.8,5.15,1.42,5,4,False,,0,False
R003314,P0111,81.4,10131,15.3,133.6,5.2,0.61,5,4,False,,0,False
R003315,P0111,93.3,11178,26.0,120.5,6.59,6.19,3,2,False,,0,False
R003316,P0111,76.7,8084,26.5,147.4,5.16,8.14,3,2,False,,0,True
R003317,P0111,92.2,8213,17.0,106.2,7.27,7.86,4,6,False,,0,False
R003318,P0111,81.4,10971,40.3,78.8,7.99,9.86,2,4,True,13:33,37,True
R003319,P0111,75.5,7404,16.7,100.1,5.81,5.42,3,4,False,,0,False
R003320,P0111,89.2,9047,34.8,67.2,6.42,3.06,5,5,False,,0,False
R003321,P0111,109.9,12728,27.1,110.4,5.59,3.53,4,4,False,,0,False
R003322,P0111,81.0,9736,18.5,291.2,7.29,7.27,5,4,False,,0,True
R003323,P0111,93.3,9260,18.8,202.6,4.87,6.13,4,5,False,,0,False
R003324,P0111,108.2,11588,18.4,52.3,4.04,6.39,5,5,False,,0,False
R003325,P0111,74.0,5801,30.3,45.5,6.58,6.76,5,6,False,,0,False
R003326,P0111,105.1,10381,42.4,0.0,6.55,6.58,4,6,False,,0,False
R003327,P0111,100.7,11640,37.4,196.8,5.1,3.94,5,7,True,16:07,59,False
R003328,P0111,109.0,12963,39.1,73.4,6.99,2.0,4,4,False,,0,False
R003329,P0111,100.4,12640,37.4,69.1,6.96,7.48,4,5,False,,0,False
R003330,P0111,40.4,4158,8.4,133.1,5.52,7.48,6,5,False,,0,False
R003331,P0112,7.5,295,0.0,75.7,6.56,6.19,6,5,False,,0,True
R003332,P0112,54.9,6854,19.8,83.7,6.89,4.48,5,7,True,15:51,34,True
R003333,P0112,63.7,6832,27.0,37.8,5.22,5.59,4,3,False,,0,True
R003334,P0112,50.1,3641,21.1,41.4,7.73,4.26,5,6,True,13:25,30,False
R003335,P0112,56.0,6231,4.6,34.8,5.97,4.72,5,4,True,16:31,10,False
R003336,P0112,15.8,2248,7.3,42.1,6.68,2.24,7,5,True,16:04,79,False
R003337,P0112,57.0,6665,3.1,43.4,7.56,1.83,4,2,True,14:06,15,True
R003338,P0112,57.7,5950,4.6,105.2,5.44,4.66,5,4,False,,0,False
R003339,P0112,48.7,5648,16.4,4.4,5.33,4.89,6,5,True,15:30,44,False
R003340,P0112,28.6,4519,5.8,55.3,7.31,5.51,6,5,True,15:04,56,True
R003341,P0112,33.0,3838,7.4,0.0,7.73,3.93,5,4,False,,0,False
R003342,P0112,34.8,4184,11.5,53.1,6.71,5.3,5,6,False,,0,True
R003343,P0112,27.7,1378,16.9,14.3,6.76,0.85,5,5,False,,0,False
R003344,P0112,41.5,5214,0.8,65.1,6.96,0.72,6,5,False,,0,False
R003345,P0112,29.0,3032,4.3,106.5,6.87,3.78,5,5,False,,0,False
R003346,P0112,86.7,8632,14.2,0.0,6.99,3.35,5,2,False,,0,False
R003347,P0112,44.5,3759,14.7,125.1,7.15,4.06,6,6,True,17:22,84,False
R003348,P0112,85.2,10255,20.3,54.4,7.67,3.83,7,6,True,13:05,44,False
R003349,P0112,38.7,4091,14.2,90.5,6.88,5.1,6,6,False,,0,False
R003350,P0112,53.5,6847,16.0,0.0,4.37,4.33,5,5,False,,0,False
R003351,P0112,25.5,3427,9.0,0.0,6.43,2.77,5,3,False,,0,False
R003352,P0112,39.2,3977,15.9,197.5,6.49,3.92,5,6,True,17:42,14,True
R003353,P0112,7.8,360,0.0,10.6,5.81,5.06,5,4,False,,0,False
R003354,P0112,34.5,2757,2.5,79.0,6.07,4.77,6,6,False,,0,False
R003355,P0112,78.9,10021,25.5,29.2,6.46,4.97,8,5,False,,0,False
R003356,P0112,46.6,5840,20.2,53.1,6.47,4.13,4,6,True,14:48,39,False
R003357,P0112,61.3,6474,24.1,65.4,10.32,2.55,5,6,False,,0,True
R003358,P0112,23.0,2929,10.1,12.8,6.22,1.06,5,5,True,17:57,30,False
R003359,P0112,18.0,1234,0.0,48.3,6.39,5.42,6,4,False,,0,False
R003360,P0112,65.2,6734,12.1,33.1,7.05,5.29,4,3,False,,0,False
R003361,P0113,38.0,3179,17.5,142.3,5.14,6.86,6,6,True,13:00,70,False
R003362,P0113,94.2,9930,17.2,157.2,6.66,7.44,6,6,False,,0,False
R003363,P0113,53.0,5777,31.0,189.2,7.06,6.26,7,6,False,,0,False
R003364,P0113,34.9,2754,9.1,176.8,5.52,6.45,5,5,False,,0,False
R003365,P0113,64.2,9193,24.9,439.3,6.15,8.42,5,6,False,,0,True
R003366,P0113,96.6,9920,19.9,130.0,4.0,3.33,4,5,False,,0,False
R003367,P0113,64.8,6567,23.9,164.7,5.9,2.07,2,4,False,,0,False
R003368,P0113,53.1,4510,15.5,81.8,5.91,6.56,3,5,False,,0,False
R003369,P0113,84.3,11283,38.2,71.0,4.08,8.01,5,6,False,,0,False
R003370,P0113,65.8,8726,20.2,155.5,7.12,5.7,5,4,False,,0,False
R003371,P0113,60.3,5377,29.3,36.6,5.62,7.37,5,5,False,,0,False
R003372,P0113,46.6,5201,13.6,77.0,5.26,8.11,4,7,False,,0,False
R003373,P0113,83.0,8756,27.1,183.2,5.86,3.55,8,6,True,14:31,43,True
R003374,P0113,35.4,2798,27.1,214.8,2.78,4.33,3,5,False,,0,False
R003375,P0113,71.8,9533,18.2,127.3,7.6,6.85,4,3,False,,0,False
R003376,P0113,61.1,6690,26.8,186.6,5.66,8.28,4,4,False,,0,False
R003377,P0113,51.0,6185,16.6,126.7,6.71,6.71,3,5,False,,0,False
R003378,P0113,97.2,10709,18.7,156.4,7.04,6.15,5,3,False,,0,False
R003379,P0113,53.7,6391,14.0,128.9,7.23,7.39,5,4,False,,0,False
R003380,P0113,78.0,9545,16.3,152.0,11.54,2.29,4,3,False,,0,True
R003381,P0113,82.1,7742,2.7,133.3,4.61,2.69,9,6,False,,0,True
R003382,P0113,103.4,10566,10.7,203.0,6.11,6.88,5,4,False,,0,False
R003383,P0113,73.7,7177,19.0,98.0,5.61,8.07,6,3,False,,0,False
R003384,P0113,96.5,12506,41.1,264.1,7.21,6.18,5,3,False,,0,False
R003385,P0113,83.8,8010,37.2,105.8,5.49,6.89,5,6,False,,0,False
R003386,P0113,46.5,5209,26.0,181.5,8.97,8.11,5,3,False,,0,True
R003387,P0113,58.5,6196,32.6,196.0,4.96,0.96,5,6,False,,0,False
R003388,P0113,46.6,5371,17.8,44.9,5.57,4.16,4,5,False,,0,False
R003389,P0113,64.5,5534,27.4,156.8,5.72,7.42,6,6,False,,0,False
R003390,P0113,65.2,6885,14.8,113.0,6.7,9.69,5,4,False,,0,True
R003391,P0114,25.2,3519,9.8,311.8,5.61,4.59,4,2,True,14:19,44,False
R003392,P0114,93.8,12352,14.2,233.8,6.83,4.6,3,6,False,,0,False
R003393,P0114,84.9,10592,14.3,245.2,6.88,5.06,3,5,False,,0,False
R003394,P0114,50.4,5227,13.2,178.7,7.61,5.28,3,4,True,16:21,99,False
R003395,P0114,44.6,4797,13.7,232.3,7.99,4.36,3,3,True,14:55,43,True
R003396,P0114,48.6,4198,10.4,243.4,6.37,2.61,4,7,True,13:15,48,False
R003397,P0114,10.9,2132,9.7,207.6,8.19,0.74,3,1,False,,0,False
R003398,P0114,25.5,1736,12.8,173.2,8.33,6.22,1,3,True,13:33,10,False
R003399,P0114,60.1,7159,24.4,179.7,6.94,4.57,2,4,False,,0,False
R003400,P0114,66.8,6402,28.5,137.5,8.06,3.78,2,3,False,,0,False
R003401,P0114,31.7,2956,8.4,200.2,6.64,5.92,4,4,True,14:18,10,False
R003402,P0114,47.6,6883,18.0,248.5,8.25,5.47,5,6,False,,0,False
R003403,P0114,31.9,3504,8.4,435.4,5.94,2.05,3,6,False,,0,True
R003404,P0114,76.4,8615,18.7,292.0,8.36,1.04,2,5,False,,0,True
R003405,P0114,25.7,4068,1.7,238.6,7.97,4.11,3,3,True,17:30,14,False
R003406,P0114,41.0,4352,21.2,216.8,10.33,6.98,3,3,False,,0,True
R003407,P0114,32.1,3257,15.5,214.7,6.65,6.4,6,5,False,,0,False
R003408,P0114,22.9,2072,5.7,171.8,7.64,4.11,4,3,False,,0,False
R003409,P0114,41.1,6219,10.7,215.9,6.77,5.07,7,8,True,14:58,48,True
R003410,P0114,64.6,5234,16.3,301.8,6.57,2.73,3,3,True,14:26,55,False
R003411,P0114,36.4,5182,20.5,261.7,6.64,1.42,5,7,True,15:51,95,False
R003412,P0114,12.1,1902,6.8,267.3,7.67,4.94,4,5,True,17:11,78,False
R003413,P0114,19.1,2897,18.3,213.8,8.14,5.21,2,4,False,,0,False
R003414,P0114,40.3,5655,8.4,145.3,9.24,3.93,4,3,True,16:26,18,True
R003415,P0114,20.3,3073,3.1,243.8,8.02,4.0,3,2,False,,0,False
R003416,P0114,52.3,7475,23.1,234.6,6.8,3.1,4,5,True,16:44,49,False
R003417,P0114,24.7,987,0.0,266.1,10.78,3.03,5,4,False,,0,True
R003418,P0114,75.6,8364,34.1,224.6,8.5,1.53,3,5,False,,0,False
R003419,P0114,34.0,2535,10.1,190.8,6.69,4.68,4,6,False,,0,True
R003420,P0114,51.3,5269,16.0,151.9,7.35,5.46,5,5,True,15:34,23,True
R003421,P0115,20.7,3339,6.5,301.1,4.74,6.16,3,5,False,,0,False
R003422,P0115,29.2,5101,13.5,211.3,4.54,7.64,2,1,True,14:42,63,False
R003423,P0115,47.0,5971,24.5,197.4,5.02,7.95,3,5,False,,0,False
R003424,P0115,0.0,0,0.0,249.9,3.35,4.84,1,5,True,15:25,44,False
R003425,P0115,3.3,923,0.0,151.7,3.57,7.33,3,3,False,,0,False
R003426,P0115,46.2,5637,15.7,167.2,4.84,2.45,1,4,False,,0,False
R003427,P0115,36.6,4428,5.5,207.2,4.7,2.08,4,4,False,,0,True
R003428,P0115,17.5,2708,5.1,198.2,6.72,7.19,1,4,False,,0,False
R003429,P0115,0.0,0,0.0,181.5,5.36,6.87,2,4,True,15:41,25,False
R003430,P0115,15.7,1959,15.9,216.7,3.12,6.4,2,4,False,,0,False
R003431,P0115,44.5,5179,13.9,175.5,4.5,6.03,3,4,True,14:08,43,False
R003432,P0115,68.6,6534,23.5,241.4,4.47,7.94,4,3,False,,0,False
R003433,P0115,29.0,3713,11.7,214.1,6.62,2.25,3,3,False,,0,False
R003434,P0115,42.3,5796,8.7,282.7,4.18,1.47,1,3,False,,0,False
R003435,P0115,1.9,29,1.7,208.8,3.9,6.25,3,2,False,,0,False
R003436,P0115,50.1,7878,11.4,170.3,3.32,7.11,2,3,True,16:13,27,False
R003437,P0115,9.6,1447,3.8,204.6,3.17,6.36,3,5,True,14:16,52,True
R003438,P0115,6.3,9,6.0,249.6,6.58,7.0,3,3,False,,0,False
R003439,P0115,46.7,4749,15.5,230.7,4.67,5.28,3,3,False,,0,False
R003440,P0115,2.5,0,0.0,188.7,5.81,3.42,1,3,False,,0,True
R003441,P0115,56.8,6054,17.3,216.3,4.11,3.22,3,3,False,,0,False
R003442,P0115,25.9,2779,2.1,214.3,4.65,7.0,3,4,False,,0,False
R003443,P0115,12.2,625,0.0,69.5,5.38,7.85,2,4,True,17:04,65,False
R003444,P0115,34.5,5116,7.5,156.1,3.05,7.89,7,5,False,,0,True
R003445,P0115,42.2,3963,16.8,304.5,3.27,6.0,1,3,False,,0,False
R003446,P0115,34.4,3678,18.7,192.6,4.78,6.72,5,5,False,,0,False
R003447,P0115,31.6,3953,5.3,115.0,6.54,2.14,3,1,False,,0,False
R003448,P0115,18.2,3386,3.6,222.5,4.73,2.38,3,3,False,,0,False
R003449,P0115,0.0,649,0.3,240.1,8.65,6.36,2,5,True,14:50,45,True
R003450,P0115,22.2,1737,13.9,224.6,3.26,8.44,4,5,False,,0,False
R003451,P0116,47.5,4858,0.0,150.1,4.11,6.13,8,5,False,,0,False
R003452,P0116,71.9,8165,16.6,162.9,3.34,7.61,8,6,False,,0,False
R003453,P0116,43.8,4581,4.6,188.7,3.46,7.87,5,5,False,,0,False
R003454,P0116,79.4,7024,32.0,147.9,3.21,8.34,6,5,False,,0,False
R003455,P0116,55.1,5599,16.3,213.6,2.91,6.84,6,4,False,,0,False
R003456,P0116,71.9,8989,25.3,246.4,2.42,1.95,6,5,False,,0,False
R003457,P0116,80.4,8336,24.2,111.2,5.42,3.53,6,7,False,,0,False
R003458,P0116,44.3,6163,14.9,150.5,2.66,8.09,6,4,False,,0,False
R003459,P0116,35.0,3501,0.1,126.2,2.51,8.33,8,4,False,,0,False
R003460,P0116,59.2,5378,12.7,179.2,3.49,6.12,6,4,False,,0,False
R003461,P0116,66.7,6429,27.8,115.3,4.9,8.0,5,4,False,,0,False
R003462,P0116,12.3,0,9.1,170.9,6.27,7.21,5,2,True,14:24,36,True
R003463,P0116,48.4,5018,17.8,130.1,3.83,1.96,6,6,False,,0,False
R003464,P0116,58.6,6833,12.8,124.2,3.26,0.74,6,4,False,,0,True
R003465,P0116,75.1,10419,29.7,141.2,3.57,6.66,8,6,False,,0,False
R003466,P0116,69.7,10152,18.5,182.4,3.53,6.44,7,6,True,16:12,28,False
R003467,P0116,69.1,8811,14.7,169.2,3.55,6.21,7,6,False,,0,False
R003468,P0116,35.5,3823,5.9,63.6,2.97,6.19,7,4,False,,0,False
R003469,P0116,80.1,9849,17.1,173.6,3.91,7.22,7,3,True,13:14,80,False
R003470,P0116,2.0,1904,0.0,133.7,2.24,1.7,8,6,False,,0,False
R003471,P0116,41.4,6296,14.3,175.8,3.32,1.19,6,4,False,,0,False
R003472,P0116,74.9,9373,8.1,64.9,3.27,5.12,8,3,False,,0,True
R003473,P0116,54.6,5273,8.3,155.9,5.04,6.47,6,5,False,,0,False
R003474,P0116,49.7,4998,25.7,159.7,1.96,7.89,5,7,False,,0,False
R003475,P0116,92.1,11924,17.8,124.9,3.46,7.42,5,4,False,,0,False
R003476,P0116,56.4,6733,16.8,189.6,1.81,6.25,8,9,False,,0,False
R003477,P0116,88.0,9810,31.5,86.3,4.1,3.4,7,4,False,,0,False
R003478,P0116,57.2,6312,20.0,175.6,3.55,2.5,6,5,True,15:11,60,False
R003479,P0116,46.9,6017,15.8,102.3,3.77,7.4,6,3,False,,0,False
R003480,P0116,66.2,6137,23.9,211.3,4.41,7.05,7,5,False,,0,False
R003481,P0117,36.7,5385,9.7,302.8,5.25,5.89,8,6,False,,0,False
R003482,P0117,10.4,1438,7.9,374.1,3.94,7.02,7,6,True,16:37,11,True
R003483,P0117,54.1,4824,14.6,312.9,8.07,7.16,7,7,False,,0,True
R003484,P0117,54.2,4644,0.0,289.9,9.69,8.47,7,7,True,17:46,36,True
R003485,P0117,43.8,3510,11.7,232.6,5.02,7.05,6,5,True,14:07,34,False
R003486,P0117,75.0,9216,32.8,208.2,5.6,2.38,7,8,False,,0,True
R003487,P0117,27.7,3774,13.8,299.8,4.06,2.85,7,8,False,,0,False
R003488,P0117,45.9,6739,12.9,505.1,4.06,7.55,6,4,False,,0,True
R003489,P0117,29.8,3691,16.3,340.6,5.4,6.41,4,5,False,,0,False
R003490,P0117,18.8,3737,10.6,267.2,4.13,5.83,6,6,True,16:16,100,False
R003491,P0117,52.2,2523,25.3,284.9,5.55,7.73,5,4,False,,0,False
R003492,P0117,79.4,10262,40.1,342.4,3.3,6.6,7,6,False,,0,False
R003493,P0117,84.2,9802,31.7,194.7,5.96,3.39,6,5,False,,0,False
R003494,P0117,16.7,1234,2.2,260.0,5.96,2.37,5,5,False,,0,False
R003495,P0117,52.9,6043,17.4,282.6,4.92,6.6,6,5,False,,0,False
R003496,P0117,88.2,9128,28.0,256.2,3.83,7.6,8,6,False,,0,False
R003497,P0117,27.3,3501,1.6,313.8,8.5,7.24,6,6,False,,0,True
R003498,P0117,67.0,8601,12.0,254.5,4.9,7.05,4,1,False,,0,False
R003499,P0117,34.4,2985,20.3,382.1,4.06,7.09,6,6,False,,0,False
R003500,P0117,67.4,6823,24.1,213.8,4.14,3.79,6,7,False,,0,False
R003501,P0117,78.0,8572,11.4,246.6,3.97,2.45,6,4,False,,0,True
R003502,P0117,60.5,6550,16.0,228.8,4.26,5.96,8,4,False,,0,False
R003503,P0117,48.0,6413,5.4,334.6,6.07,6.71,4,6,False,,0,False
R003504,P0117,12.2,1780,0.0,335.2,5.37,7.53,4,4,False,,0,True
R003505,P0117,63.1,9561,14.5,329.7,5.13,6.1,4,7,False,,0,False
R003506,P0117,13.4,2458,5.2,297.2,7.18,8.85,6,5,True,13:16,41,True
R003507,P0117,46.5,3550,8.4,161.1,3.08,2.87,5,4,True,15:13,91,False
R003508,P0117,71.2,8169,28.3,187.8,5.59,1.06,5,5,False,,0,False
R003509,P0117,82.3,8695,9.6,297.0,5.6,8.18,6,7,True,14:51,10,False
R003510,P0117,42.2,3072,11.9,195.5,8.07,6.32,7,6,False,,0,True
R003511,P0118,84.0,9116,39.0,31.5,7.05,7.85,5,5,False,,0,False
R003512,P0118,67.4,7612,17.1,169.1,6.72,7.86,7,4,False,,0,False
R003513,P0118,92.5,7889,31.4,65.8,5.79,6.01,7,3,False,,0,False
R003514,P0118,59.1,6209,32.9,72.3,4.03,6.19,6,4,False,,0,False
R003515,P0118,76.6,9023,21.7,165.9,6.85,8.36,5,4,True,15:23,53,False
R003516,P0118,59.5,7208,7.0,41.4,4.91,3.43,9,5,False,,0,True
R003517,P0118,51.8,4922,13.2,91.0,5.84,2.83,6,4,False,,0,False
R003518,P0118,53.1,5603,20.5,18.9,6.62,6.52,5,3,False,,0,False
R003519,P0118,21.2,2390,5.5,97.7,4.1,8.45,7,6,False,,0,False
R003520,P0118,68.3,9014,4.0,101.6,7.39,7.74,7,3,False,,0,False
R003521,P0118,61.7,8042,23.0,164.0,6.84,6.52,8,5,False,,0,False
R003522,P0118,66.7,7695,6.3,58.9,4.76,6.07,7,7,False,,0,False
R003523,P0118,79.5,10480,11.9,0.7,4.29,2.79,6,3,False,,0,False
R003524,P0118,42.1,3306,4.7,67.5,6.22,2.63,7,4,False,,0,False
R003525,P0118,61.9,5744,18.6,22.2,4.32,6.1,4,6,False,,0,True
R003526,P0118,118.7,13216,26.5,94.3,6.17,6.68,6,6,False,,0,False
R003527,P0118,28.5,4382,14.3,55.3,7.11,7.63,5,5,False,,0,False
R003528,P0118,30.4,2426,13.0,37.0,5.38,7.5,7,7,True,15:50,93,False
R003529,P0118,62.6,8468,11.1,55.3,4.83,6.63,5,4,False,,0,False
R003530,P0118,85.8,11438,40.4,110.4,7.12,3.48,4,6,False,,0,False
R003531,P0118,56.8,7250,17.4,72.0,5.83,0.97,6,7,False,,0,False
R003532,P0118,75.0,5631,17.7,115.5,5.95,6.78,6,7,False,,0,False
R003533,P0118,44.0,5753,11.5,36.5,7.09,8.81,6,3,False,,0,False
R003534,P0118,48.7,5955,10.2,49.8,6.12,7.01,7,5,False,,0,False
R003535,P0118,62.0,6298,22.0,61.2,6.39,8.34,5,5,False,,0,False
R003536,P0118,49.0,5698,19.1,69.6,4.49,6.53,5,2,False,,0,False
R003537,P0118,28.2,3138,0.0,99.3,4.1,2.36,7,8,False,,0,False
R003538,P0118,11.7,1004,0.0,125.0,6.01,3.18,6,6,True,16:11,30,False
R003539,P0118,68.4,8458,23.2,58.0,8.11,8.39,5,5,True,15:36,35,False
R003540,P0118,44.0,4973,10.6,179.9,4.58,8.17,7,4,False,,0,False
R003541,P0119,61.3,5286,21.0,72.9,5.54,7.7,5,6,False,,0,False
R003542,P0119,54.6,5900,15.8,110.9,5.44,7.9,4,6,True,14:50,10,False
R003543,P0119,43.5,4921,20.8,139.6,6.62,7.48,4,5,False,,0,False
R003544,P0119,9.2,967,5.5,169.0,5.98,7.44,3,4,True,13:39,10,True
R003545,P0119,53.3,7594,17.4,149.6,5.45,7.3,4,4,False,,0,False
R003546,P0119,72.1,8131,31.6,163.6,4.16,1.87,4,4,False,,0,False
R003547,P0119,63.3,6030,10.6,186.0,6.09,2.61,5,6,False,,0,False
R003548,P0119,47.0,5787,16.7,160.3,6.96,6.71,4,5,False,,0,False
R003549,P0119,52.9,5240,21.6,364.7,6.06,8.2,3,5,False,,0,True
R003550,P0119,48.2,4593,1.5,170.6,6.75,7.9,1,5,False,,0,False
R003551,P0119,24.2,4308,2.7,159.5,3.21,9.71,2,3,False,,0,False
R003552,P0119,50.5,5599,11.7,197.0,7.55,9.69,3,6,True,17:02,54,False
R003553,P0119,62.5,5172,19.8,165.6,5.28,1.81,3,2,False,,0,False
R003554,P0119,47.3,6995,16.8,161.4,6.73,4.84,4,4,False,,0,False
R003555,P0119,65.2,8845,27.8,227.6,5.66,9.12,5,5,False,,0,False
R003556,P0119,44.0,5352,13.1,108.9,3.93,7.4,2,4,False,,0,False
R003557,P0119,83.7,11385,22.6,395.7,5.72,8.8,4,4,False,,0,True
R003558,P0119,25.6,2256,18.5,202.0,8.2,7.39,4,5,False,,0,False
R003559,P0119,69.3,7035,31.0,114.9,4.19,9.05,4,4,False,,0,False
R003560,P0119,31.9,2808,15.8,301.6,6.0,2.2,4,5,True,17:32,32,True
R003561,P0119,69.0,6149,22.7,139.4,10.62,4.76,4,7,True,17:20,14,True
R003562,P0119,45.7,4977,14.1,175.8,7.66,8.83,3,5,False,,0,False
R003563,P0119,57.2,6613,9.3,106.3,6.81,9.52,2,3,False,,0,False
R003564,P0119,36.6,2590,12.9,68.9,4.56,7.89,3,4,True,13:53,50,False
R003565,P0119,38.1,4372,12.6,117.2,8.32,7.61,4,4,True,14:29,51,False
R003566,P0119,37.4,2433,1.2,140.2,6.66,10.01,4,4,True,17:50,59,False
R003567,P0119,70.7,6165,28.3,107.7,5.47,2.04,3,1,False,,0,False
R003568,P0119,52.3,5710,8.6,249.0,4.16,0.68,3,5,False,,0,False
R003569,P0119,30.9,3233,3.0,126.1,6.2,6.59,3,4,False,,0,False
R003570,P0119,40.9,4670,8.8,107.3,5.41,8.67,4,3,True,17:28,70,False
R003571,P0120,30.0,4007,0.6,191.8,3.49,4.37,3,5,False,,0,False
R003572,P0120,86.2,11647,22.7,208.5,5.73,6.45,4,5,False,,0,True
R003573,P0120,4.4,1734,0.0,238.2,5.01,4.94,5,7,True,16:14,78,False
R003574,P0120,27.8,3486,8.5,233.9,5.23,3.46,3,5,True,16:05,36,False
R003575,P0120,3.1,562,0.0,85.1,5.55,5.3,2,4,False,,0,False
R003576,P0120,41.7,5424,17.5,180.1,4.89,0.19,3,5,True,16:25,64,False
R003577,P0120,0.0,240,7.5,140.0,5.87,2.63,4,4,False,,0,False
R003578,P0120,32.1,3266,16.6,156.0,5.99,5.16,4,2,False,,0,False
R003579,P0120,13.2,28,4.9,165.0,4.59,3.7,4,7,True,15:15,32,False
R003580,P0120,27.8,2454,15.2,145.6,4.32,4.09,2,4,True,14:34,48,True
R003581,P0120,28.9,3776,5.6,154.1,4.96,4.59,7,5,False,,0,False
R003582,P0120,37.5,5165,18.9,135.9,4.86,5.59,3,4,False,,0,False
R003583,P0120,0.0,0,0.0,90.6,4.03,0.0,4,3,False,,0,False
R003584,P0120,18.6,2821,4.7,194.2,5.41,1.92,3,4,False,,0,False
R003585,P0120,23.5,2715,11.4,186.9,4.4,5.37,5,3,True,16:08,60,False
R003586,P0120,22.8,3037,0.3,105.6,5.53,5.85,3,4,True,14:47,43,False
R003587,P0120,21.3,2466,0.0,188.5,4.66,4.52,5,5,False,,0,False
R003588,P0120,23.7,851,14.3,150.5,5.36,4.12,1,2,False,,0,False
R003589,P0120,0.2,0,0.0,135.6,6.18,4.42,2,4,False,,0,False
R003590,P0120,25.1,3086,12.7,189.7,5.95,3.83,3,7,True,13:00,62,False
R003591,P0120,16.7,1604,4.7,112.5,5.89,0.98,6,5,False,,0,False
R003592,P0120,58.9,7072,23.3,161.4,4.99,4.15,2,2,False,,0,True
R003593,P0120,17.8,1519,7.7,198.8,4.98,6.02,4,7,True,13:31,75,False
R003594,P0120,12.1,881,6.3,256.3,5.5,5.04,3,4,True,13:39,37,False
R003595,P0120,3.7,537,8.1,160.4,5.23,6.23,4,6,True,15:49,62,True
R003596,P0120,68.1,9141,16.1,155.2,7.78,4.54,2,6,False,,0,False
R003597,P0120,31.2,4505,16.0,141.8,5.2,3.86,4,5,False,,0,False
R003598,P0120,0.5,444,0.0,135.4,5.83,1.71,4,5,False,,0,True
R003599,P0120,36.3,5009,12.9,200.3,5.01,5.32,4,4,True,17:09,47,False
R003600,P0120,8.7,442,0.0,171.5,4.84,5.1,4,3,False,,0,False
R003601,P0121,123.9,12439,27.9,31.4,4.39,8.07,6,5,False,,0,False
R003602,P0121,91.6,10676,30.6,40.9,6.9,9.83,7,7,False,,0,False
R003603,P0121,117.1,14254,24.1,50.9,5.48,6.88,4,2,False,,0,False
R003604,P0121,103.5,11320,34.8,66.3,3.76,9.12,7,5,False,,0,False
R003605,P0121,95.1,11275,24.2,83.8,5.8,6.7,6,4,False,,0,False
R003606,P0121,91.9,10106,34.7,109.4,4.92,2.59,7,6,True,16:19,56,False
R003607,P0121,101.2,8219,30.8,140.0,5.26,3.89,9,8,False,,0,False
R003608,P0121,112.8,13002,38.1,55.5,4.72,7.88,6,4,False,,0,False
R003609,P0121,103.6,9111,36.1,43.0,4.44,6.12,6,6,False,,0,False
R003610,P0121,122.3,9810,31.4,60.3,4.78,8.91,8,6,False,,0,False
R003611,P0121,89.7,8846,15.7,100.4,5.37,8.3,8,5,False,,0,False
R003612,P0121,94.7,8578,25.7,99.7,5.64,8.48,6,5,False,,0,False
R003613,P0121,135.9,15161,67.3,129.1,5.53,3.99,6,5,True,16:07,39,False
R003614,P0121,164.2,17880,74.8,21.2,4.41,3.24,8,5,True,17:42,38,True
R003615,P0121,117.6,13702,51.5,124.9,6.74,9.29,8,6,False,,0,False
R003616,P0121,83.5,9649,33.3,114.1,3.41,8.97,8,6,False,,0,False
R003617,P0121,117.5,10964,43.6,37.4,5.75,5.62,7,6,False,,0,False
R003618,P0121,129.8,14475,50.8,147.0,6.03,8.01,7,5,False,,0,False
R003619,P0121,118.5,15315,37.4,53.5,5.03,6.81,8,7,False,,0,False
R003620,P0121,12.4,2463,0.2,100.3,5.35,1.96,10,6,False,,0,True
R003621,P0121,123.8,12622,35.4,110.8,6.25,2.07,5,3,False,,0,True
R003622,P0121,126.5,15023,30.7,45.9,6.03,8.66,8,5,False,,0,False
R003623,P0121,137.2,13639,52.5,66.3,4.24,7.49,8,7,False,,0,False
R003624,P0121,137.7,15909,54.8,85.2,4.75,8.4,6,6,True,15:16,21,False
R003625,P0121,115.7,12141,42.9,52.4,5.74,6.75,8,5,False,,0,False
R003626,P0121,95.8,11316,24.7,112.4,4.92,7.78,10,6,False,,0,False
R003627,P0121,107.8,12732,41.1,53.1,2.31,2.83,9,6,False,,0,False
R003628,P0121,100.3,11342,37.9,65.9,5.47,2.64,7,4,False,,0,False
R003629,P0121,113.6,14145,44.7,64.6,4.59,7.61,6,4,False,,0,False
R003630,P0121,97.8,11041,23.0,101.4,4.09,8.96,8,4,False,,0,False
R003631,P0122,47.2,4148,7.7,2.5,7.1,5.96,4,4,False,,0,False
R003632,P0122,8.4,866,5.8,26.3,6.0,7.28,6,3,False,,0,False
R003633,P0122,22.5,1893,0.0,43.5,7.77,7.13,7,7,False,,0,False
R003634,P0122,9.7,1049,0.0,12.8,7.77,6.95,4,5,False,,0,False
R003635,P0122,38.4,4217,6.2,90.1,7.86,7.56,6,5,False,,0,False
R003636,P0122,0.0,0,7.3,0.0,9.77,3.39,7,7,True,17:32,54,False
R003637,P0122,0.0,0,0.0,21.3,7.69,2.23,6,7,False,,0,False
R003638,P0122,27.0,1338,8.3,95.6,7.02,6.58,6,5,False,,0,False
R003639,P0122,22.8,1867,10.3,0.4,8.28,7.97,3,4,False,,0,False
R003640,P0122,29.1,4770,0.0,55.9,7.96,6.91,6,6,False,,0,False
R003641,P0122,32.6,3846,3.2,34.2,8.17,6.55,5,4,False,,0,False
R003642,P0122,0.0,1150,0.0,67.2,7.03,7.54,6,4,False,,0,False
R003643,P0122,31.1,2717,6.0,39.9,8.4,2.1,5,5,False,,0,False
R003644,P0122,42.1,5338,13.8,0.0,5.68,1.58,4,6,False,,0,False
R003645,P0122,23.1,1350,0.0,43.9,7.8,7.01,5,5,False,,0,False
R003646,P0122,23.0,1714,6.0,0.0,7.24,8.04,7,6,False,,0,False
R003647,P0122,11.3,822,2.0,18.4,8.4,5.26,6,4,False,,0,False
R003648,P0122,8.2,641,5.0,19.8,7.34,6.22,7,6,False,,0,False
R003649,P0122,1.9,540,6.2,0.0,7.23,6.72,6,6,False,,0,False
R003650,P0122,60.9,7543,16.8,74.0,7.39,3.76,5,6,True,13:40,39,False
R003651,P0122,16.0,1063,0.0,70.1,9.1,2.76,6,6,False,,0,False
R003652,P0122,23.1,1515,10.8,49.7,6.98,6.44,6,4,False,,0,False
R003653,P0122,0.0,106,0.0,1.9,8.17,7.21,5,6,False,,0,False
R003654,P0122,27.9,3591,3.6,64.7,8.07,8.54,8,6,False,,0,False
R003655,P0122,7.2,2207,4.5,0.0,7.03,6.2,7,5,True,17:58,48,False
R003656,P0122,14.1,1682,1.2,0.0,8.87,5.59,6,5,False,,0,False
R003657,P0122,9.4,788,0.0,24.5,6.82,4.45,5,7,False,,0,False
R003658,P0122,0.0,1975,7.8,0.0,8.43,1.52,7,6,False,,0,False
R003659,P0122,23.9,2612,8.2,73.3,9.0,6.49,6,4,False,,0,False
R003660,P0122,28.3,2934,0.0,0.0,7.37,6.19,5,5,False,,0,False
R003661,P0123,19.1,2293,3.9,64.0,6.85,6.34,7,6,False,,0,False
R003662,P0123,11.5,0,8.7,41.2,7.83,5.86,8,6,False,,0,False
R003663,P0123,29.9,3266,4.8,138.7,6.29,6.66,6,5,False,,0,False
R003664,P0123,34.8,2785,13.5,62.1,6.66,6.07,5,7,False,,0,False
R003665,P0123,9.7,838,0.0,141.3,7.74,5.32,4,2,False,,0,False
R003666,P0123,49.4,4223,8.1,184.2,4.81,1.52,6,4,False,,0,False
R003667,P0123,22.9,3513,0.0,280.5,6.04,3.91,4,3,False,,0,True
R003668,P0123,28.3,3441,0.9,144.3,6.62,4.84,6,4,False,,0,False
R003669,P0123,41.6,4853,1.1,58.1,7.24,6.5,7,9,False,,0,False
R003670,P0123,37.3,4175,0.0,129.1,7.16,5.91,6,5,False,,0,False
R003671,P0123,38.6,5730,15.0,176.7,5.53,4.83,6,5,True,17:28,52,False
R003672,P0123,0.0,997,0.0,189.9,6.72,6.34,7,6,True,16:08,47,False
R003673,P0123,18.2,2885,4.6,142.2,5.35,1.63,5,3,False,,0,False
R003674,P0123,2.4,536,8.5,114.5,4.99,1.64,6,2,False,,0,False
R003675,P0123,4.0,612,4.8,49.5,8.03,4.7,6,5,False,,0,False
R003676,P0123,0.0,91,0.5,177.8,5.85,5.02,4,5,False,,0,False
R003677,P0123,25.4,2496,1.0,134.1,5.25,4.79,5,5,True,15:47,43,False
R003678,P0123,35.7,3710,4.9,222.4,7.88,5.65,6,5,False,,0,False
R003679,P0123,69.9,8530,25.1,247.7,4.87,6.37,7,6,False,,0,False
R003680,P0123,29.0,3899,5.2,98.3,7.38,2.52,6,5,True,17:44,66,False
R003681,P0123,10.9,1722,0.0,228.6,6.4,0.07,6,3,False,,0,False
R003682,P0123,22.7,2350,7.1,159.2,7.66,6.15,6,5,False,,0,False
R003683,P0123,18.3,2985,10.2,159.5,5.73,6.66,6,6,False,,0,False
R003684,P0123,25.5,2084,10.9,116.4,6.36,5.9,4,3,False,,0,False
R003685,P0123,22.7,3315,9.6,104.4,7.52,4.88,4,3,False,,0,False
R003686,P0123,3.7,1086,5.9,96.7,6.22,6.63,4,5,False,,0,True
R003687,P0123,41.4,4924,11.6,104.7,6.83,4.36,9,8,False,,0,False
R003688,P0123,19.4,3441,3.8,104.4,6.33,2.56,7,7,True,16:42,43,True
R003689,P0123,20.2,1383,9.1,143.5,5.68,6.13,8,4,False,,0,False
R003690,P0123,0.0,0,0.0,91.0,5.98,6.67,5,1,False,,0,False
R003691,P0124,0.0,0,3.9,97.1,5.94,6.27,9,6,False,,0,True
R003692,P0124,0.0,1737,0.0,93.4,5.52,8.01,6,6,False,,0,False
R003693,P0124,0.0,0,1.4,94.6,5.69,6.96,5,4,False,,0,False
R003694,P0124,0.0,785,4.8,135.6,7.16,7.62,5,3,False,,0,True
R003695,P0124,0.0,696,7.2,101.4,6.52,5.76,5,5,False,,0,False
R003696,P0124,0.0,189,1.8,91.9,3.9,3.16,5,4,False,,0,False
R003697,P0124,1.0,0,3.2,25.5,5.77,1.38,4,2,False,,0,False
R003698,P0124,10.5,844,0.0,0.0,5.18,7.63,3,5,False,,0,False
R003699,P0124,0.0,0,0.0,304.3,4.55,6.56,5,5,False,,0,True
R003700,P0124,42.7,4410,24.0,119.4,5.7,6.25,4,5,False,,0,False
R003701,P0124,13.8,1304,3.3,86.5,5.58,7.45,6,6,False,,0,False
R003702,P0124,7.8,118,0.0,94.8,5.94,6.6,4,2,False,,0,False
R003703,P0124,14.9,926,10.9,148.0,5.48,2.51,5,10,False,,0,False
R003704,P0124,0.0,386,5.7,60.1,7.34,3.3,5,3,False,,0,False
R003705,P0124,13.1,1500,13.0,95.2,5.81,6.82,7,4,False,,0,False
R003706,P0124,0.0,0,0.0,54.1,5.93,8.73,5,5,False,,0,False
R003707,P0124,7.3,128,0.2,190.6,3.68,7.78,5,3,False,,0,False
R003708,P0124,10.3,382,0.0,72.1,4.49,6.52,6,5,False,,0,False
R003709,P0124,1.1,158,0.0,144.3,4.39,7.96,5,5,False,,0,False
R003710,P0124,0.0,0,0.0,52.8,5.11,1.96,7,3,False,,0,False
R003711,P0124,0.0,395,0.0,37.8,5.26,1.55,5,5,False,,0,False
R003712,P0124,20.3,681,0.0,64.5,5.85,7.61,5,5,False,,0,False
R003713,P0124,0.0,0,0.0,120.9,6.42,7.64,3,5,False,,0,False
R003714,P0124,25.7,3474,8.7,146.0,8.77,7.55,7,7,True,13:25,21,True
R003715,P0124,0.0,0,2.3,135.9,5.71,7.22,4,5,False,,0,False
R003716,P0124,14.8,536,5.2,259.9,6.49,7.35,6,5,False,,0,True
R003717,P0124,10.3,1523,0.0,70.3,4.85,3.98,4,6,False,,0,False
R003718,P0124,0.0,0,3.9,88.3,5.84,2.36,5,6,True,13:30,96,False
R003719,P0124,0.0,0,0.0,76.3,7.68,8.05,6,5,False,,0,False
R003720,P0124,0.0,0,0.0,41.8,5.59,6.75,6,6,False,,0,True
R003721,P0125,54.7,5001,33.0,321.8,7.47,4.91,6,5,False,,0,False
R003722,P0125,64.2,6816,23.7,402.9,5.89,5.63,5,5,True,17:10,61,False
R003723,P0125,62.7,6837,13.2,323.3,8.58,5.18,6,4,True,15:02,23,False
R003724,P0125,78.3,7310,14.4,360.0,8.03,7.05,4,2,False,,0,False
R003725,P0125,86.5,11328,29.6,443.9,7.16,5.45,6,5,False,,0,False
R003726,P0125,45.9,5846,21.5,261.9,9.05,2.35,6,5,False,,0,True
R003727,P0125,30.6,3838,4.6,399.1,7.12,1.88,5,8,False,,0,False
R003728,P0125,77.1,9632,9.9,272.7,8.08,6.27,7,4,False,,0,False
R003729,P0125,63.5,9006,25.3,297.4,6.34,6.95,6,6,False,,0,False
R003730,P0125,58.3,7619,2.7,268.8,7.52,7.46,5,3,False,,0,False
R003731,P0125,62.1,6326,21.8,364.0,6.28,5.85,6,5,False,,0,False
R003732,P0125,57.4,5869,25.0,295.9,7.09,7.47,5,4,False,,0,False
R003733,P0125,52.7,6077,21.2,328.9,5.47,1.42,7,3,False,,0,False
R003734,P0125,59.9,5817,9.8,303.2,5.0,4.19,6,5,False,,0,False
R003735,P0125,54.4,6778,16.3,404.5,5.07,7.19,7,7,False,,0,False
R003736,P0125,70.6,8650,27.7,318.0,6.61,7.91,6,8,False,,0,False
R003737,P0125,79.8,8412,29.5,290.8,6.61,6.69,5,5,False,,0,False
R003738,P0125,98.5,13404,19.6,359.4,6.96,7.04,6,6,True,16:06,80,False
R003739,P0125,65.9,8102,22.1,447.6,6.8,6.41,5,4,False,,0,True
R003740,P0125,46.1,6833,21.1,356.9,7.71,3.44,5,7,True,16:25,75,True
R003741,P0125,102.2,10518,32.6,321.8,5.65,2.39,5,5,False,,0,False
R003742,P0125,41.7,5772,12.3,360.4,6.52,6.53,6,5,False,,0,False
R003743,P0125,71.6,8599,27.8,347.4,6.27,6.82,7,6,False,,0,False
R003744,P0125,43.0,4934,14.8,321.1,7.13,6.71,4,3,False,,0,False
R003745,P0125,27.8,2888,13.4,344.2,6.11,6.89,5,4,False,,0,False
R003746,P0125,70.0,9203,24.7,340.2,7.05,7.12,8,7,False,,0,False
R003747,P0125,13.0,1230,11.1,371.2,6.07,2.92,6,6,False,,0,True
R003748,P0125,108.0,12485,49.0,258.0,7.15,1.18,5,3,False,,0,False
R003749,P0125,83.2,10089,15.5,420.8,6.06,6.49,5,5,True,13:58,40,False
R003750,P0125,98.0,10769,39.0,383.7,6.36,5.36,4,6,False,,0,False
R003751,P0126,69.6,6640,16.8,116.1,8.68,10.77,6,8,False,,0,False
R003752,P0126,44.8,6807,18.6,107.5,9.15,7.85,6,5,False,,0,False
R003753,P0126,9.9,791,0.0,121.3,6.88,8.84,7,6,False,,0,True
R003754,P0126,55.8,4248,17.0,195.4,6.21,10.8,3,5,False,,0,False
R003755,P0126,36.9,3788,13.5,13.0,6.74,9.69,4,4,False,,0,False
R003756,P0126,64.8,7649,15.7,37.9,5.2,4.16,6,5,False,,0,False
R003757,P0126,56.1,5176,15.0,119.5,6.27,3.05,4,4,False,,0,False
R003758,P0126,81.8,6815,31.9,135.1,7.9,9.34,4,5,False,,0,False
R003759,P0126,106.3,13940,25.0,239.5,7.65,7.43,6,5,False,,0,False
R003760,P0126,71.1,6753,23.4,215.2,7.2,8.37,5,6,False,,0,False
R003761,P0126,47.3,6489,11.1,104.6,6.07,8.91,5,5,False,,0,False
R003762,P0126,46.1,5286,33.1,93.5,6.87,9.13,6,5,False,,0,True
R003763,P0126,71.4,6407,33.4,188.9,8.28,3.74,7,6,False,,0,False
R003764,P0126,66.2,8470,23.7,162.9,5.84,3.33,7,5,False,,0,False
R003765,P0126,62.1,5699,23.7,155.7,7.58,9.47,5,3,False,,0,False
R003766,P0126,54.4,7817,13.9,110.3,7.99,8.64,3,4,False,,0,False
R003767,P0126,46.9,6389,0.0,146.8,8.14,9.39,5,3,False,,0,False
R003768,P0126,91.0,8944,35.4,124.0,6.74,8.36,4,5,False,,0,False
R003769,P0126,75.3,7573,22.3,133.8,7.27,8.51,4,6,False,,0,False
R003770,P0126,115.6,14285,37.0,313.4,7.82,1.99,5,5,True,16:08,29,True
R003771,P0126,78.7,8411,38.2,108.6,7.48,1.67,4,4,False,,0,False
R003772,P0126,66.5,6942,13.5,199.7,6.38,11.84,6,5,False,,0,False
R003773,P0126,48.1,6333,14.0,193.2,7.36,10.16,7,4,False,,0,False
R003774,P0126,76.1,8719,22.3,150.2,6.76,7.22,7,8,False,,0,False
R003775,P0126,66.7,8264,17.5,186.6,7.96,7.53,6,5,False,,0,False
R003776,P0126,60.4,6235,21.5,164.2,7.25,8.58,4,3,False,,0,False
R003777,P0126,86.2,8605,20.4,97.0,7.08,2.81,3,5,False,,0,False
R003778,P0126,64.3,7769,5.0,133.8,6.62,3.4,6,6,False,,0,False
R003779,P0126,58.0,8230,13.7,188.3,8.04,9.48,4,6,False,,0,False
R003780,P0126,70.7,8911,16.2,211.4,7.35,8.68,6,6,False,,0,False
R003781,P0127,23.4,1515,0.0,153.8,1.24,6.28,5,4,False,,0,False
R003782,P0127,17.3,1587,0.2,256.1,0.81,6.32,6,4,False,,0,False
R003783,P0127,25.7,3488,5.8,167.3,0.0,7.28,6,5,False,,0,False
R003784,P0127,0.0,1519,0.0,164.7,0.0,7.09,5,3,True,14:42,11,True
R003785,P0127,11.4,654,0.0,228.6,1.25,7.39,5,4,False,,0,False
R003786,P0127,0.0,139,3.9,195.0,0.0,1.85,8,7,False,,0,False
R003787,P0127,0.0,0,0.0,107.5,0.0,4.46,4,7,False,,0,False
R003788,P0127,6.4,0,0.0,145.2,3.84,8.19,6,4,True,17:54,13,True
R003789,P0127,33.7,4408,5.6,227.8,1.39,7.66,5,7,False,,0,False
R003790,P0127,0.0,924,7.1,202.6,6.2,8.17,7,7,True,15:02,48,True
R003791,P0127,0.0,0,4.6,231.7,1.66,6.2,4,4,True,16:43,57,False
R003792,P0127,7.6,0,11.5,278.4,0.27,7.32,5,6,False,,0,True
R003793,P0127,0.0,411,0.0,149.1,1.09,2.51,5,4,False,,0,False
R003794,P0127,13.9,977,2.4,107.0,0.59,3.48,6,4,False,,0,False
R003795,P0127,0.0,0,4.5,129.7,0.77,6.48,5,5,True,17:04,11,False
R003796,P0127,0.0,0,5.0,227.0,0.51,7.06,6,5,False,,0,False
R003797,P0127,0.0,0,0.0,153.1,0.79,6.82,4,4,False,,0,False
R003798,P0127,0.0,489,1.2,215.7,0.0,7.09,5,6,False,,0,False
R003799,P0127,6.9,1732,0.6,210.9,0.0,8.2,6,6,True,14:42,59,False
R003800,P0127,0.0,0,0.0,237.5,1.63,2.84,7,4,False,,0,False
R003801,P0127,4.5,1365,1.9,166.6,4.87,3.76,4,6,False,,0,False
R003802,P0127,0.0,0,0.0,173.6,0.0,7.41,5,4,False,,0,False
R003803,P0127,0.0,0,0.0,172.0,1.5,7.45,4,4,True,14:22,16,False
R003804,P0127,10.0,1328,0.0,177.2,0.0,7.8,6,4,False,,0,False
R003805,P0127,0.0,0,0.0,194.5,1.19,5.77,9,6,True,17:56,87,True
R003806,P0127,28.0,2809,10.4,182.2,0.82,8.52,6,6,True,15:31,50,False
R003807,P0127,0.0,0,0.0,149.1,0.41,2.74,7,4,True,16:14,64,False
R003808,P0127,0.0,0,0.0,235.4,0.74,2.47,4,4,True,15:25,47,False
R003809,P0127,0.0,0,4.1,167.8,2.59,6.96,4,6,True,16:07,46,False
R003810,P0127,25.2,1939,10.7,107.3,1.55,6.75,5,4,False,,0,False
R003811,P0128,6.3,0,2.4,99.7,5.68,8.35,5,5,False,,0,False
R003812,P0128,0.0,486,0.0,157.7,6.58,7.43,5,5,False,,0,False
R003813,P0128,22.9,4458,13.2,205.1,6.34,6.48,7,7,False,,0,False
R003814,P0128,35.3,3900,11.9,173.1,7.02,6.49,5,6,False,,0,False
R003815,P0128,0.0,58,7.0,143.3,4.81,7.35,8,5,False,,0,False
R003816,P0128,6.8,0,3.1,124.1,6.63,2.66,7,5,False,,0,False
R003817,P0128,0.0,0,0.0,139.3,5.33,1.6,4,3,False,,0,False
R003818,P0128,6.2,281,5.6,133.1,7.37,7.86,5,5,False,,0,False
R003819,P0128,0.0,34,0.0,117.9,6.63,7.21,3,5,False,,0,False
R003820,P0128,0.8,510,5.5,192.4,6.62,5.25,7,5,False,,0,False
R003821,P0128,1.2,1366,0.0,115.8,6.57,6.45,5,4,False,,0,False
R003822,P0128,9.0,1932,5.9,65.8,5.66,6.45,5,5,False,,0,False
R003823,P0128,0.0,0,7.6,99.8,5.56,1.99,7,4,False,,0,False
R003824,P0128,34.2,1601,4.9,121.4,6.36,1.66,3,4,True,14:50,41,False
R003825,P0128,0.0,499,7.6,100.0,7.25,8.13,3,1,False,,0,False
R003826,P0128,0.0,0,1.7,174.4,5.04,6.43,5,2,False,,0,False
R003827,P0128,44.2,4100,14.6,91.4,8.18,7.35,5,3,False,,0,False
R003828,P0128,32.3,4734,9.5,93.4,11.7,5.9,5,6,False,,0,True
R003829,P0128,2.9,0,0.0,120.5,5.05,8.39,5,4,False,,0,False
R003830,P0128,0.0,715,0.0,142.8,5.87,3.53,5,5,False,,0,False
R003831,P0128,0.0,2016,8.5,135.5,7.21,4.37,5,5,False,,0,False
R003832,P0128,3.8,200,0.0,188.4,6.67,8.08,5,7,False,,0,False
R003833,P0128,16.5,1097,5.1,197.9,6.25,8.52,5,6,False,,0,True
R003834,P0128,0.0,0,0.0,15.2,6.11,7.42,6,6,False,,0,False
R003835,P0128,0.0,0,0.0,112.5,4.53,8.31,5,3,False,,0,False
R003836,P0128,8.6,853,0.0,272.6,6.16,6.29,3,7,False,,0,False
R003837,P0128,0.0,625,1.3,329.5,6.42,2.28,3,5,False,,0,True
R003838,P0128,0.0,0,0.0,62.1,5.92,2.85,5,5,False,,0,True
R003839,P0128,0.0,0,0.0,206.7,8.26,6.8,5,6,False,,0,False
R003840,P0128,9.2,839,3.5,126.1,7.11,9.05,7,7,True,15:40,31,False
R003841,P0129,140.4,13883,23.1,0.0,5.35,7.65,6,5,False,,0,False
R003842,P0129,65.6,7805,16.8,60.2,2.95,7.65,8,3,False,,0,False
R003843,P0129,70.9,5775,17.7,0.0,5.45,9.53,8,6,True,15:00,49,False
R003844,P0129,37.2,3017,1.8,76.1,4.38,8.75,7,6,False,,0,False
R003845,P0129,78.4,9720,11.8,39.5,4.44,9.15,8,6,False,,0,False
R003846,P0129,87.9,9674,32.4,90.5,3.19,2.15,4,3,False,,0,False
R003847,P0129,24.3,2670,0.0,0.0,3.83,2.33,7,5,False,,0,True
R003848,P0129,76.4,7614,17.7,149.9,4.27,8.72,6,6,False,,0,False
R003849,P0129,72.3,7275,11.6,67.7,3.28,8.54,9,7,False,,0,False
R003850,P0129,65.3,7524,20.3,120.0,4.68,7.49,6,7,False,,0,False
R003851,P0129,100.3,11236,31.1,79.1,5.32,7.92,7,5,False,,0,False
R003852,P0129,77.0,8546,13.8,40.7,6.92,8.72,7,7,False,,0,False
R003853,P0129,107.0,13550,28.3,74.7,5.02,1.94,7,5,False,,0,False
R003854,P0129,46.1,7474,12.4,47.7,6.3,0.89,5,4,False,,0,False
R003855,P0129,72.8,7833,18.8,23.1,3.22,9.43,7,5,False,,0,False
R003856,P0129,85.7,8844,25.4,22.0,4.4,10.09,6,4,False,,0,False
R003857,P0129,81.7,9153,11.2,64.0,3.92,10.44,9,6,False,,0,False
R003858,P0129,97.2,9206,12.0,16.7,3.39,8.61,6,5,False,,0,False
R003859,P0129,97.2,9480,35.1,281.5,3.88,7.78,6,6,True,15:30,44,True
R003860,P0129,106.4,11778,18.4,88.3,3.34,3.92,6,5,False,,0,True
R003861,P0129,59.2,6369,6.6,103.0,3.51,2.34,7,6,False,,0,False
R003862,P0129,93.3,11547,28.0,87.3,5.77,7.61,7,6,False,,0,False
R003863,P0129,75.9,6774,14.6,146.9,4.9,7.63,8,5,False,,0,False
R003864,P0129,89.7,9508,12.7,36.7,6.24,7.84,7,7,False,,0,False
R003865,P0129,105.6,11684,29.9,39.2,4.72,8.24,8,6,False,,0,False
R003866,P0129,97.4,11463,31.6,24.5,3.59,8.15,7,5,False,,0,False
R003867,P0129,79.5,6596,21.4,57.1,7.13,1.77,9,7,True,17:51,15,False
R003868,P0129,95.3,8690,23.5,44.3,4.88,3.84,8,5,False,,0,False
R003869,P0129,87.0,10462,26.1,0.4,3.95,8.09,8,7,False,,0,False
R003870,P0129,64.0,5237,30.6,31.1,3.83,8.45,7,7,False,,0,False
R003871,P0130,41.4,5747,13.3,163.4,7.02,4.93,3,3,True,13:18,46,False
R003872,P0130,51.3,6291,22.4,146.7,7.56,4.24,3,3,True,17:39,10,True
R003873,P0130,45.7,3591,19.5,199.7,6.84,5.21,6,8,True,14:22,55,True
R003874,P0130,24.6,3055,11.2,94.4,6.46,4.56,4,6,False,,0,False
R003875,P0130,21.7,2804,0.0,162.2,7.13,3.86,4,4,False,,0,False
R003876,P0130,47.3,4810,17.2,201.9,5.75,1.62,4,2,False,,0,False
R003877,P0130,33.1,3326,12.7,87.7,4.48,2.33,6,6,False,,0,True
R003878,P0130,20.6,2266,14.3,378.2,4.67,3.11,5,6,False,,0,True
R003879,P0130,73.9,8366,18.8,214.8,6.02,5.42,5,4,False,,0,False
R003880,P0130,17.4,1833,7.0,115.4,6.08,6.83,5,6,False,,0,False
R003881,P0130,63.5,6945,12.1,144.7,6.81,4.54,4,4,True,17:02,63,False
R003882,P0130,26.8,1639,0.0,203.7,7.72,4.23,6,4,False,,0,False
R003883,P0130,76.5,7607,19.2,196.3,4.85,0.44,5,3,False,,0,False
R003884,P0130,64.9,6565,10.5,185.7,6.14,0.07,2,4,False,,0,False
R003885,P0130,65.7,7094,16.0,134.1,5.87,3.38,4,2,True,15:58,39,True
R003886,P0130,46.0,5376,19.1,101.0,6.84,4.67,3,2,True,17:10,39,False
R003887,P0130,19.1,3345,5.1,120.4,5.95,0.49,6,5,False,,0,False
R003888,P0130,43.5,3142,15.4,167.1,6.97,2.68,5,3,True,14:42,55,False
R003889,P0130,58.2,7118,21.5,167.2,5.9,4.86,4,5,False,,0,False
R003890,P0130,44.2,4532,8.7,138.8,5.86,1.39,4,6,False,,0,False
R003891,P0130,66.8,7322,16.5,205.9,5.39,1.26,5,5,False,,0,False
R003892,P0130,40.7,5541,5.3,202.0,5.43,4.25,5,5,False,,0,False
R003893,P0130,31.4,3390,11.1,206.4,5.8,4.62,2,6,True,17:35,43,False
R003894,P0130,46.7,6030,18.1,152.2,6.02,2.63,4,3,True,14:43,81,False
R003895,P0130,29.0,5643,12.8,360.4,8.07,3.22,5,5,True,16:30,64,True
R003896,P0130,18.7,2661,11.9,151.2,4.72,4.15,5,2,False,,0,False
R003897,P0130,49.9,5819,9.3,146.8,5.05,0.11,4,4,True,17:27,10,False
R003898,P0130,37.7,4895,0.0,130.8,3.89,1.86,6,5,True,15:45,56,False
R003899,P0130,54.1,6504,18.1,144.6,6.16,1.52,4,5,True,14:56,64,False
R003900,P0130,24.4,2390,8.4,94.8,6.32,2.75,6,6,False,,0,True
R003901,P0131,56.4,5951,7.6,70.6,6.69,6.22,4,4,False,,0,False
R003902,P0131,29.3,3545,2.5,60.7,5.45,6.07,4,4,False,,0,False
R003903,P0131,7.4,262,1.0,81.0,5.04,5.44,3,5,True,17:57,25,True
R003904,P0131,16.6,1861,12.8,19.3,6.55,7.36,5,5,True,15:24,36,False
R003905,P0131,47.2,4171,18.9,56.3,5.59,6.47,4,5,False,,0,False
R003906,P0131,61.1,5859,16.4,60.2,6.91,1.25,4,4,False,,0,False
R003907,P0131,12.2,0,0.0,56.0,5.95,1.84,5,5,True,16:31,10,True
R003908,P0131,28.4,2293,8.9,80.9,5.87,6.73,6,9,False,,0,False
R003909,P0131,50.9,5752,14.3,31.0,7.16,6.86,4,5,False,,0,False
R003910,P0131,36.5,3216,14.9,86.3,6.73,6.34,5,6,False,,0,False
R003911,P0131,25.9,3733,10.2,54.3,4.3,4.72,4,3,False,,0,False
R003912,P0131,50.2,6524,11.4,129.3,5.77,6.57,4,6,False,,0,False
R003913,P0131,22.2,3506,12.5,129.1,5.76,1.91,5,4,False,,0,False
R003914,P0131,9.8,1168,4.9,92.1,6.1,1.85,4,5,False,,0,False
R003915,P0131,18.3,1786,9.9,14.4,4.77,5.58,4,1,False,,0,False
R003916,P0131,31.6,5126,8.9,34.4,5.86,4.67,5,4,False,,0,False
R003917,P0131,16.6,2084,2.3,78.6,6.79,3.89,5,6,False,,0,False
R003918,P0131,39.3,4786,11.7,51.6,6.17,4.37,6,6,False,,0,False
R003919,P0131,11.0,1363,1.9,55.5,7.23,5.06,4,3,False,,0,True
R003920,P0131,59.5,6763,22.8,48.9,4.83,3.66,4,6,True,15:24,52,True
R003921,P0131,14.3,3500,5.8,135.5,5.75,0.0,5,4,False,,0,False
R003922,P0131,52.5,7078,23.7,90.0,6.56,7.09,5,5,False,,0,True
R003923,P0131,22.1,580,7.7,75.8,5.35,6.65,5,3,True,16:38,64,False
R003924,P0131,40.1,3953,15.3,104.9,5.35,7.93,5,8,True,16:03,22,False
R003925,P0131,29.3,3720,5.5,81.4,6.03,4.74,5,4,False,,0,False
R003926,P0131,2.0,0,0.0,78.0,6.63,7.33,4,7,False,,0,True
R003927,P0131,18.5,2089,10.3,1.0,5.23,2.38,4,5,True,13:33,89,False
R003928,P0131,19.9,580,0.0,3.7,6.16,0.82,6,5,False,,0,False
R003929,P0131,43.6,5762,11.5,94.4,6.18,4.13,6,4,False,,0,False
R003930,P0131,78.8,8975,20.1,195.2,7.69,6.13,4,6,True,14:57,57,False
R003931,P0132,80.5,9673,37.4,0.0,4.76,1.9,8,5,True,17:15,10,False
R003932,P0132,70.1,6916,32.0,82.9,4.88,3.95,4,5,True,14:50,26,False
R003933,P0132,101.2,11808,28.0,44.1,4.56,1.88,6,5,False,,0,False
R003934,P0132,99.2,8717,56.0,83.1,5.15,4.2,6,7,False,,0,False
R003935,P0132,50.5,4905,12.7,114.4,8.1,4.36,6,4,False,,0,True
R003936,P0132,89.8,8438,32.2,66.9,5.3,0.86,4,5,False,,0,False
R003937,P0132,62.8,7901,5.8,43.6,3.09,0.09,7,6,False,,0,True
R003938,P0132,91.0,11497,18.8,84.0,5.34,3.63,8,8,True,17:36,46,True
R003939,P0132,56.1,5311,13.0,87.8,8.88,3.61,6,3,False,,0,True
R003940,P0132,77.4,8928,24.1,127.7,6.07,3.21,6,2,False,,0,False
R003941,P0132,93.7,12064,11.5,105.4,4.99,5.08,8,7,False,,0,True
R003942,P0132,97.9,12225,16.7,37.2,4.04,4.92,5,5,True,13:06,74,False
R003943,P0132,82.5,10105,14.2,85.3,5.57,0.24,7,4,True,15:32,79,False
R003944,P0132,88.1,9273,27.2,126.4,3.6,2.68,7,3,False,,0,False
R003945,P0132,95.3,10982,38.0,52.0,6.36,2.67,5,5,True,17:57,10,False
R003946,P0132,86.2,10746,33.1,140.0,4.74,2.93,6,4,True,14:26,30,True
R003947,P0132,29.2,3805,10.8,111.6,6.19,2.4,6,6,False,,0,False
R003948,P0132,93.4,11750,19.3,123.3,5.42,2.64,4,5,False,,0,False
R003949,P0132,80.3,8685,28.2,95.0,6.74,3.42,7,6,False,,0,False
R003950,P0132,73.5,8972,24.6,100.0,5.36,0.96,6,5,False,,0,False
R003951,P0132,13.9,290,14.2,131.2,4.01,3.19,6,4,True,15:49,48,True
R003952,P0132,81.1,8506,22.0,44.4,4.47,3.68,7,7,False,,0,False
R003953,P0132,47.7,4562,20.0,130.3,4.78,2.17,6,7,False,,0,False
R003954,P0132,85.0,8774,21.4,64.6,5.52,3.36,7,4,False,,0,False
R003955,P0132,86.8,7283,16.1,11.7,5.2,3.66,8,5,False,,0,False
R003956,P0132,27.0,1422,14.3,0.0,5.91,3.07,7,6,True,13:07,48,False
R003957,P0132,98.7,13148,22.8,99.1,7.13,2.51,8,6,False,,0,False
R003958,P0132,134.8,14496,33.6,23.9,4.64,2.24,6,5,True,14:30,58,False
R003959,P0132,61.7,7515,12.0,87.2,4.45,1.76,7,7,False,,0,False
R003960,P0132,77.1,7673,28.0,93.2,5.63,3.6,5,3,False,,0,False
R003961,P0133,38.3,4546,9.0,52.0,5.01,8.81,6,5,False,,0,False
R003962,P0133,2.7,785,2.6,21.6,4.27,10.2,8,3,False,,0,True
R003963,P0133,47.0,5071,13.3,50.4,1.78,7.86,4,2,False,,0,False
R003964,P0133,33.0,4456,2.2,0.0,2.81,6.7,6,3,False,,0,False
R003965,P0133,37.5,5159,2.5,91.4,2.93,8.56,4,3,False,,0,False
R003966,P0133,53.3,4951,26.6,0.0,2.76,3.78,5,4,False,,0,False
R003967,P0133,27.7,2791,7.5,41.1,3.74,3.14,6,6,False,,0,False
R003968,P0133,55.6,4956,17.6,11.6,3.42,8.4,5,4,False,,0,False
R003969,P0133,23.8,2577,6.3,13.6,3.51,6.94,5,3,True,13:52,76,False
R003970,P0133,27.7,3957,13.4,139.7,3.53,7.72,5,7,False,,0,False
R003971,P0133,41.1,4420,8.5,16.4,1.22,8.66,5,3,False,,0,False
R003972,P0133,27.7,2115,6.9,60.0,4.61,8.32,6,3,False,,0,False
R003973,P0133,18.4,637,3.1,51.5,3.93,3.8,6,6,False,,0,False
R003974,P0133,61.6,6558,25.2,78.0,2.91,2.1,5,5,True,14:29,34,False
R003975,P0133,45.7,5253,10.8,84.2,2.29,9.92,7,4,True,15:06,50,False
R003976,P0133,57.4,5977,29.8,110.4,3.58,7.22,4,3,True,13:56,37,False
R003977,P0133,0.0,1035,0.0,13.1,3.0,8.41,4,6,False,,0,False
R003978,P0133,33.9,2960,14.5,89.9,4.35,7.99,6,5,False,,0,False
R003979,P0133,42.0,5393,12.4,129.9,4.65,9.5,5,8,False,,0,False
R003980,P0133,0.0,0,0.3,16.8,2.7,2.03,6,4,False,,0,False
R003981,P0133,42.3,5721,22.8,43.9,2.71,3.24,5,4,False,,0,False
R003982,P0133,34.7,3009,14.0,22.9,3.66,7.76,6,6,False,,0,False
R003983,P0133,63.2,6399,20.0,39.6,2.76,8.06,5,3,False,,0,False
R003984,P0133,58.2,7653,24.3,1.9,4.86,8.98,5,5,False,,0,True
R003985,P0133,60.2,7440,17.7,61.0,3.54,11.94,6,7,True,14:34,53,False
R003986,P0133,33.2,3753,16.7,179.7,4.23,8.95,5,3,False,,0,False
R003987,P0133,16.6,1770,0.4,86.0,2.88,1.07,5,5,False,,0,False
R003988,P0133,52.8,5681,5.9,0.0,2.84,3.2,6,4,False,,0,False
R003989,P0133,52.8,7616,13.3,13.9,3.36,6.87,4,5,False,,0,False
R003990,P0133,95.7,10894,32.8,20.7,1.27,6.71,4,4,False,,0,True
R003991,P0134,46.5,5321,20.3,56.0,3.18,8.45,7,5,False,,0,False
R003992,P0134,77.0,8374,18.7,128.4,4.45,9.51,5,2,False,,0,False
R003993,P0134,74.7,7311,25.0,121.7,4.76,8.06,6,6,False,,0,False
R003994,P0134,48.5,6217,8.0,43.3,3.64,8.59,6,4,True,14:41,14,False
R003995,P0134,52.8,7983,12.0,3.8,3.98,7.03,4,4,False,,0,False
R003996,P0134,33.6,2781,17.8,49.1,4.51,3.14,5,6,False,,0,False
R003997,P0134,66.8,6254,13.3,104.2,4.21,2.56,6,5,True,15:21,49,False
R003998,P0134,58.4,5011,10.8,84.0,3.03,7.95,6,5,False,,0,False
R003999,P0134,80.8,8770,9.2,23.5,4.4,7.65,5,3,False,,0,False
R004000,P0134,55.5,5781,13.7,71.6,3.24,4.99,4,3,False,,0,False
R004001,P0134,0.0,515,4.8,62.2,5.08,8.23,9,6,False,,0,True
R004002,P0134,6.7,1012,8.0,64.3,3.93,7.79,3,5,False,,0,True
R004003,P0134,89.3,8645,15.4,62.9,5.18,3.61,5,6,False,,0,False
R004004,P0134,67.7,8284,16.0,100.7,3.01,1.58,5,4,False,,0,False
R004005,P0134,30.8,4052,9.8,74.8,4.53,8.69,4,3,False,,0,False
R004006,P0134,58.1,8186,19.1,92.8,4.61,7.01,5,5,False,,0,False
R004007,P0134,55.5,6998,23.1,92.7,3.22,7.64,4,3,False,,0,False
R004008,P0134,76.2,8606,17.4,100.3,4.39,7.59,5,5,False,,0,False
R004009,P0134,62.8,7509,14.1,22.9,2.76,7.02,5,4,False,,0,False
R004010,P0134,88.1,12086,43.9,89.9,3.9,2.35,3,3,False,,0,False
R004011,P0134,33.2,3315,12.4,51.5,3.98,2.63,4,5,False,,0,False
R004012,P0134,43.9,2645,0.0,26.4,4.26,6.44,4,4,False,,0,False
R004013,P0134,64.5,6658,27.4,13.7,5.48,7.83,5,6,False,,0,False
R004014,P0134,31.6,4481,9.2,44.7,4.1,8.49,4,5,False,,0,False
R004015,P0134,91.3,8681,35.0,79.7,4.05,9.59,3,3,False,,0,False
R004016,P0134,62.9,6382,22.6,68.7,3.75,7.19,4,4,False,,0,False
R004017,P0134,83.3,9246,25.7,11.1,3.78,4.11,5,4,False,,0,False
R004018,P0134,14.0,2665,5.9,54.8,3.08,2.43,4,6,False,,0,False
R004019,P0134,37.2,2837,12.2,51.7,4.54,8.56,5,4,False,,0,False
R004020,P0134,84.5,10250,21.8,63.5,4.34,7.14,2,4,False,,0,False
R004021,P0135,36.3,4672,12.6,109.0,5.33,7.0,4,4,True,17:14,10,False
R004022,P0135,23.7,2334,5.4,110.5,5.06,9.82,6,5,False,,0,False
R004023,P0135,16.9,1315,3.5,67.0,4.87,11.0,6,4,False,,0,True
R004024,P0135,46.8,3304,15.4,130.8,5.36,7.72,6,5,False,,0,False
R004025,P0135,17.0,2421,0.8,95.4,6.19,7.58,3,4,False,,0,False
R004026,P0135,29.0,2669,12.6,140.0,5.13,3.34,4,3,False,,0,False
R004027,P0135,24.7,2939,7.4,130.9,5.53,4.7,7,6,False,,0,False
R004028,P0135,53.7,6440,12.1,85.9,5.06,8.62,6,3,False,,0,False
R004029,P0135,54.9,5386,28.7,152.4,5.45,7.45,4,6,True,13:18,74,False
R004030,P0135,62.9,5668,32.6,70.0,4.98,9.62,6,4,False,,0,False
R004031,P0135,27.8,3329,9.3,178.1,6.81,8.06,5,6,False,,0,False
R004032,P0135,69.1,6709,32.2,43.4,5.23,10.1,6,7,False,,0,False
R004033,P0135,25.4,2162,10.8,74.7,5.54,2.18,4,6,False,,0,False
R004034,P0135,28.6,2055,3.1,134.3,3.38,4.18,7,5,False,,0,False
R004035,P0135,5.9,407,0.0,99.1,6.14,8.8,8,4,False,,0,False
R004036,P0135,54.7,5094,11.1,145.7,3.54,9.37,5,4,False,,0,False
R004037,P0135,45.1,5224,3.0,90.3,6.72,8.69,4,3,False,,0,False
R004038,P0135,14.2,1678,7.7,94.2,6.03,9.29,6,3,False,,0,False
R004039,P0135,11.3,390,10.3,101.7,4.5,10.33,4,4,False,,0,False
R004040,P0135,21.5,3018,1.3,89.9,5.53,3.26,9,6,False,,0,False
R004041,P0135,44.4,4317,23.5,168.4,5.56,2.51,5,4,False,,0,False
R004042,P0135,33.9,3420,4.4,65.1,4.9,9.83,5,4,False,,0,False
R004043,P0135,26.1,2718,5.6,141.9,6.11,9.25,8,5,True,17:55,10,False
R004044,P0135,53.1,6500,19.3,111.0,6.31,8.42,5,6,False,,0,False
R004045,P0135,28.6,3981,17.6,122.7,5.38,8.99,6,7,False,,0,False
R004046,P0135,56.6,8175,14.2,29.7,5.89,10.41,5,3,False,,0,False
R004047,P0135,45.4,4063,5.9,82.1,3.68,3.54,5,5,True,17:53,61,False
R004048,P0135,29.4,3786,13.1,97.8,7.03,2.56,4,4,False,,0,False
R004049,P0135,46.4,3989,18.1,65.7,7.3,8.27,5,6,False,,0,False
R004050,P0135,14.7,680,3.3,78.7,6.22,10.14,5,6,False,,0,False
R004051,P0136,96.1,7792,21.4,133.9,8.73,4.57,6,5,False,,0,False
R004052,P0136,90.6,11489,42.4,123.0,6.68,4.44,5,4,False,,0,False
R004053,P0136,67.9,9729,11.0,161.7,8.89,5.08,7,5,False,,0,False
R004054,P0136,94.1,10145,35.3,179.7,7.53,4.5,7,5,False,,0,False
R004055,P0136,70.8,7495,21.1,68.3,8.08,5.41,8,7,False,,0,False
R004056,P0136,80.6,7865,17.0,76.1,6.52,2.31,6,6,False,,0,False
R004057,P0136,81.9,11377,42.4,193.1,6.86,0.9,5,4,False,,0,False
R004058,P0136,54.9,5720,11.8,189.8,7.23,5.22,5,5,True,15:16,86,False
R004059,P0136,16.3,1894,6.5,147.0,7.08,4.73,7,4,True,16:18,42,True
R004060,P0136,17.3,1987,2.7,207.1,6.37,6.58,6,6,True,14:14,15,True
R004061,P0136,79.6,7644,30.2,107.1,11.62,4.85,5,3,False,,0,True
R004062,P0136,103.8,11180,33.2,148.1,6.56,6.4,5,2,False,,0,False
R004063,P0136,88.9,11411,17.6,63.0,5.86,3.69,5,3,True,16:12,50,False
R004064,P0136,61.5,7047,21.4,92.2,5.99,2.13,7,5,True,14:12,28,False
R004065,P0136,79.9,10331,38.7,201.6,8.04,4.64,6,5,False,,0,False
R004066,P0136,99.3,10496,14.9,153.0,6.79,4.49,6,2,False,,0,False
R004067,P0136,32.5,4494,0.0,121.4,8.0,7.08,8,4,True,17:16,76,True
R004068,P0136,91.8,9976,19.5,183.6,6.39,5.65,7,4,True,13:50,10,False
R004069,P0136,81.6,10179,21.3,43.2,7.19,5.52,6,6,False,,0,False
R004070,P0136,121.4,14430,37.3,181.3,5.11,1.63,4,5,True,13:43,84,False
R004071,P0136,76.9,9653,28.6,145.6,5.79,2.38,7,7,False,,0,False
R004072,P0136,78.6,10235,32.3,174.1,6.13,5.07,6,5,True,17:21,20,False
R004073,P0136,53.3,5035,15.4,141.8,5.7,4.86,5,5,True,15:42,10,False
R004074,P0136,80.8,10355,23.0,147.0,5.96,7.79,5,4,True,17:37,42,False
R004075,P0136,92.5,9488,28.1,192.2,6.08,5.29,8,6,False,,0,False
R004076,P0136,62.6,9077,22.5,72.5,5.55,6.74,5,6,False,,0,False
R004077,P0136,77.0,8861,35.7,104.2,5.06,1.26,7,4,False,,0,False
R004078,P0136,76.8,8782,5.8,112.0,4.85,1.04,6,5,True,17:42,64,True
R004079,P0136,44.9,6248,10.6,251.8,8.84,4.09,7,9,False,,0,False
R004080,P0136,61.4,6529,16.3,163.6,7.19,5.89,5,5,False,,0,False
R004081,P0137,105.7,9437,36.0,200.4,5.62,5.99,6,5,False,,0,False
R004082,P0137,70.8,7087,26.5,122.3,6.36,5.32,6,4,True,13:05,37,False
R004083,P0137,72.9,8563,18.6,129.6,7.4,5.14,7,5,False,,0,False
R004084,P0137,109.1,11833,41.8,133.9,7.58,5.33,5,4,False,,0,False
R004085,P0137,110.1,11771,37.0,183.1,6.94,5.45,5,4,False,,0,False
R004086,P0137,73.8,7528,18.7,239.9,7.84,1.82,6,6,False,,0,False
R004087,P0137,72.9,8796,30.5,176.2,7.18,1.4,6,4,False,,0,False
R004088,P0137,60.8,7602,19.8,176.5,6.08,4.77,5,5,True,17:57,49,False
R004089,P0137,111.9,13278,35.7,148.3,5.97,5.04,6,7,False,,0,False
R004090,P0137,109.3,10864,44.1,176.4,7.81,3.94,7,6,False,,0,True
R004091,P0137,70.0,8973,21.3,242.9,7.91,6.07,7,5,True,14:31,41,False
R004092,P0137,84.1,8331,20.9,145.8,7.12,3.82,7,5,False,,0,False
R004093,P0137,142.7,14778,21.3,141.4,6.76,2.07,5,4,False,,0,False
R004094,P0137,80.8,8358,5.9,192.3,7.35,2.29,7,6,True,13:58,42,False
R004095,P0137,88.2,10813,40.5,150.7,5.53,5.53,8,6,False,,0,False
R004096,P0137,54.1,6425,12.5,100.9,6.13,4.86,8,6,False,,0,False
R004097,P0137,80.1,9091,24.7,207.2,7.4,6.42,6,3,False,,0,True
R004098,P0137,103.1,8552,23.0,175.1,8.78,3.96,7,7,False,,0,False
R004099,P0137,48.3,4235,0.0,232.7,6.64,5.22,7,7,False,,0,False
R004100,P0137,68.2,8240,25.4,167.3,7.27,1.74,6,5,True,16:48,47,False
R004101,P0137,67.7,7529,23.9,324.8,7.71,2.99,6,5,False,,0,False
R004102,P0137,64.0,6872,28.0,229.2,10.25,4.08,8,5,False,,0,False
R004103,P0137,87.0,7281,22.0,138.9,6.27,7.59,5,7,False,,0,False
R004104,P0137,102.8,12095,24.9,165.3,5.35,5.16,6,5,False,,0,False
R004105,P0137,90.5,11624,8.9,209.6,7.64,4.49,8,4,False,,0,False
R004106,P0137,58.2,7806,16.3,206.4,7.3,7.62,5,4,True,14:40,10,False
R004107,P0137,85.7,9491,34.9,184.9,6.61,1.66,9,5,True,13:12,55,True
R004108,P0137,73.0,9086,34.9,158.5,7.77,2.77,7,7,False,,0,False
R004109,P0137,91.6,12170,10.8,191.9,8.42,5.72,6,4,False,,0,True
R004110,P0137,13.3,353,3.4,131.4,5.84,5.7,4,5,False,,0,True
R004111,P0138,72.0,7808,14.7,387.0,5.24,6.7,2,4,False,,0,True
R004112,P0138,100.3,9065,39.5,235.2,6.57,7.23,2,4,True,14:37,44,False
R004113,P0138,107.8,13888,43.3,445.1,7.79,5.33,4,7,False,,0,True
R004114,P0138,95.9,8932,27.1,162.2,5.96,7.6,2,6,False,,0,False
R004115,P0138,61.9,5572,9.4,217.9,5.02,6.81,3,4,True,15:14,33,False
R004116,P0138,25.9,2988,1.7,199.6,6.42,1.9,2,6,True,14:59,10,True
R004117,P0138,102.1,11573,28.8,151.6,5.92,2.99,1,4,False,,0,False
R004118,P0138,88.5,9645,17.8,237.0,7.31,6.91,5,4,False,,0,False
R004119,P0138,114.7,13580,36.1,220.6,5.41,6.62,3,6,True,13:16,27,False
R004120,P0138,98.2,12075,22.8,204.6,7.04,7.37,2,6,False,,0,False
R004121,P0138,77.7,8146,14.6,178.9,5.86,6.11,1,2,False,,0,False
R004122,P0138,89.7,9664,19.7,183.1,5.73,4.42,6,4,True,13:00,10,False
R004123,P0138,76.7,8041,32.5,173.6,7.3,1.72,2,3,True,13:47,75,True
R004124,P0138,77.6,8888,38.3,197.2,7.42,2.08,3,5,False,,0,False
R004125,P0138,94.6,13166,38.7,203.8,3.22,5.38,2,1,False,,0,False
R004126,P0138,70.9,7296,18.5,171.5,5.36,6.27,2,4,True,14:01,34,False
R004127,P0138,116.1,14169,28.1,193.6,5.35,6.24,2,2,False,,0,False
R004128,P0138,111.1,11167,43.1,219.9,6.46,6.41,3,5,False,,0,False
R004129,P0138,113.5,11544,48.8,155.5,5.96,6.89,1,3,False,,0,False
R004130,P0138,77.4,9535,12.1,206.0,5.8,2.72,2,6,False,,0,False
R004131,P0138,56.1,6808,20.4,222.6,5.6,3.58,1,4,True,13:12,16,False
R004132,P0138,107.1,13561,16.0,263.6,5.95,8.08,1,3,False,,0,False
R004133,P0138,120.4,10722,20.0,280.0,4.99,4.79,2,7,True,16:24,45,False
R004134,P0138,75.5,5735,35.1,123.6,3.86,7.09,2,3,False,,0,False
R004135,P0138,56.6,8694,25.5,92.8,4.02,5.77,3,4,True,15:00,30,False
R004136,P0138,87.6,8405,18.7,158.7,5.36,7.61,4,3,True,13:19,21,False
R004137,P0138,89.9,9883,28.5,243.1,7.14,2.86,2,4,True,15:57,10,False
R004138,P0138,76.1,8966,18.0,232.6,5.08,3.71,1,4,True,14:22,10,True
R004139,P0138,114.7,13757,20.4,206.7,5.75,7.18,3,6,True,16:05,21,False
R004140,P0138,99.8,11002,16.4,207.6,5.61,6.6,1,5,False,,0,False
R004141,P0139,61.6,7840,14.0,187.0,4.94,6.96,7,6,False,,0,False
R004142,P0139,42.7,7340,24.2,241.3,5.29,9.34,6,6,False,,0,False
R004143,P0139,46.8,5899,15.1,88.4,4.56,4.8,8,7,False,,0,False
R004144,P0139,50.0,3943,24.6,270.6,7.13,6.05,5,4,False,,0,False
R004145,P0139,12.0,2300,15.7,165.2,5.89,6.7,7,5,False,,0,False
R004146,P0139,27.5,2838,0.0,128.9,5.01,0.91,9,6,False,,0,False
R004147,P0139,27.9,2819,7.8,190.4,5.37,0.0,6,4,False,,0,False
R004148,P0139,28.2,2176,9.2,190.2,3.12,5.93,6,5,False,,0,False
R004149,P0139,41.3,5422,14.6,243.1,3.72,5.65,6,4,False,,0,False
R004150,P0139,12.5,1349,1.4,204.5,3.39,5.48,4,4,False,,0,True
R004151,P0139,34.5,2634,9.0,228.5,4.2,6.25,6,3,False,,0,False
R004152,P0139,0.0,0,0.0,230.7,4.41,6.68,5,5,False,,0,False
R004153,P0139,48.3,6674,7.6,148.9,2.31,1.2,5,5,False,,0,False
R004154,P0139,33.1,3008,13.7,243.6,3.62,1.9,3,5,False,,0,False
R004155,P0139,16.5,3113,8.7,199.5,5.62,7.16,6,4,False,,0,False
R004156,P0139,40.8,2852,14.3,178.0,5.65,7.05,6,4,False,,0,False
R004157,P0139,26.4,1937,0.0,204.3,6.4,7.05,5,3,False,,0,False
R004158,P0139,17.9,2455,3.1,167.1,5.28,7.18,7,7,False,,0,False
R004159,P0139,31.7,3259,13.5,451.9,5.45,7.67,3,4,False,,0,True
R004160,P0139,34.0,3877,0.0,279.4,3.73,2.26,6,7,False,,0,False
R004161,P0139,24.4,2128,5.4,229.7,4.62,1.95,6,5,False,,0,False
R004162,P0139,40.5,5190,4.6,257.6,5.0,8.42,7,5,False,,0,False
R004163,P0139,0.0,527,0.0,273.8,4.82,6.29,6,6,False,,0,False
R004164,P0139,50.7,4372,16.0,283.4,5.03,8.56,6,3,False,,0,False
R004165,P0139,27.7,2111,4.9,188.6,4.39,8.25,6,5,False,,0,False
R004166,P0139,28.2,3379,3.8,228.0,4.31,7.9,4,6,False,,0,True
R004167,P0139,27.5,4426,17.5,307.9,4.32,2.47,6,7,False,,0,False
R004168,P0139,42.4,4186,9.2,288.3,3.63,2.18,6,3,True,14:47,62,False
R004169,P0139,41.3,3751,4.1,176.8,3.31,7.09,4,5,False,,0,False
R004170,P0139,17.3,1928,4.2,271.1,5.28,6.55,4,2,False,,0,False
R004171,P0140,6.0,1942,0.0,219.7,8.03,9.25,7,5,False,,0,False
R004172,P0140,22.5,2386,14.3,265.4,8.18,9.67,10,7,False,,0,False
R004173,P0140,40.7,3876,13.2,256.4,6.58,9.93,6,4,False,,0,False
R004174,P0140,45.6,5362,18.9,331.5,8.64,10.32,7,8,False,,0,False
R004175,P0140,50.8,6595,18.5,283.3,7.15,8.79,6,5,False,,0,False
R004176,P0140,16.5,1255,9.3,375.3,7.74,3.62,8,7,False,,0,False
R004177,P0140,47.7,4061,8.6,287.0,9.29,3.26,10,6,False,,0,False
R004178,P0140,39.3,5504,0.3,249.3,7.95,11.04,8,4,False,,0,False
R004179,P0140,67.3,6782,13.1,201.7,8.3,8.93,6,6,False,,0,True
R004180,P0140,30.7,2397,4.9,267.6,9.08,8.12,8,7,False,,0,False
R004181,P0140,34.6,4274,3.1,325.1,9.19,9.9,7,4,True,13:59,37,False
R004182,P0140,49.1,5528,27.7,237.0,7.8,7.94,6,6,True,16:18,41,False
R004183,P0140,32.4,2347,14.4,266.3,8.64,5.04,7,7,False,,0,False
R004184,P0140,42.3,4085,18.5,292.3,9.05,2.98,8,6,True,15:59,48,False
R004185,P0140,81.6,9236,27.8,230.5,9.21,10.78,7,4,False,,0,False
R004186,P0140,65.5,8678,15.3,268.8,8.2,9.95,7,5,False,,0,False
R004187,P0140,61.1,7238,17.2,299.4,7.66,11.44,10,8,True,14:48,45,False
R004188,P0140,63.8,6553,16.9,263.0,6.67,10.62,10,6,False,,0,False
R004189,P0140,32.5,4310,16.7,254.9,8.55,8.73,8,5,False,,0,False
R004190,P0140,29.3,3115,9.6,344.1,8.88,2.0,7,7,False,,0,False
R004191,P0140,74.9,7058,15.8,312.7,8.86,2.86,9,5,False,,0,False
R004192,P0140,40.0,5149,20.5,252.2,7.49,10.2,8,4,False,,0,False
R004193,P0140,38.2,5448,10.0,265.3,6.5,10.15,8,5,False,,0,False
R004194,P0140,40.7,4251,9.9,261.6,10.36,9.27,8,6,False,,0,False
R004195,P0140,76.7,5462,17.2,218.7,9.41,8.9,9,4,False,,0,False
R004196,P0140,36.4,3393,0.0,288.2,6.4,12.14,7,7,False,,0,False
R004197,P0140,30.8,3639,4.1,257.5,7.41,2.75,9,7,False,,0,False
R004198,P0140,37.7,3735,7.4,291.5,7.75,4.44,7,5,False,,0,False
R004199,P0140,16.7,3235,3.6,236.6,9.43,10.16,8,4,False,,0,False
R004200,P0140,55.5,7919,10.4,221.9,8.04,9.31,6,6,False,,0,False
R004201,P0141,70.0,7083,27.8,60.7,7.67,6.41,7,5,False,,0,False
R004202,P0141,63.7,5351,10.6,0.0,7.71,9.51,6,4,False,,0,False
R004203,P0141,74.1,8078,18.0,84.5,5.12,7.25,7,5,False,,0,False
R004204,P0141,69.0,8579,30.7,74.9,7.46,8.23,6,4,False,,0,False
R004205,P0141,53.4,6534,11.6,34.8,6.16,7.25,6,6,False,,0,False
R004206,P0141,89.5,9280,24.5,103.8,4.29,3.0,7,7,False,,0,False
R004207,P0141,60.5,6291,7.4,44.3,5.95,3.15,6,4,False,,0,False
R004208,P0141,76.4,7492,29.6,0.0,7.28,5.13,5,4,False,,0,False
R004209,P0141,66.2,8741,19.3,36.4,7.72,6.65,7,4,False,,0,False
R004210,P0141,56.9,5624,27.3,28.4,4.89,7.43,8,4,False,,0,False
R004211,P0141,67.3,7877,20.2,73.1,5.44,7.29,7,5,True,17:23,42,False
R004212,P0141,63.6,8808,33.4,19.8,7.62,6.45,7,6,False,,0,False
R004213,P0141,68.4,6016,23.4,80.0,7.59,3.13,8,7,False,,0,False
R004214,P0141,69.7,6725,20.4,67.3,6.26,2.23,5,3,False,,0,False
R004215,P0141,78.0,8592,8.2,100.6,5.44,8.56,10,6,False,,0,True
R004216,P0141,102.8,13514,46.7,24.2,6.22,6.68,8,5,False,,0,False
R004217,P0141,77.2,8460,16.2,73.3,8.61,8.09,8,5,False,,0,False
R004218,P0141,86.3,7661,9.8,61.4,6.06,7.95,7,5,False,,0,False
R004219,P0141,76.0,9070,19.3,34.4,7.0,6.79,8,5,False,,0,False
R004220,P0141,75.0,9165,30.3,149.6,6.24,2.0,6,5,False,,0,False
R004221,P0141,73.3,9268,24.2,30.1,7.18,2.29,4,5,False,,0,False
R004222,P0141,38.9,3428,11.7,19.1,6.01,6.61,7,3,False,,0,False
R004223,P0141,69.6,7318,4.9,3.8,6.6,6.95,7,6,False,,0,False
R004224,P0141,99.7,12172,49.6,165.1,7.11,7.96,9,6,True,15:49,30,False
R004225,P0141,94.4,9607,11.1,265.2,6.94,7.12,7,5,False,,0,True
R004226,P0141,70.1,7717,8.9,51.8,7.8,6.64,6,8,True,13:49,10,False
R004227,P0141,78.8,9487,28.5,0.0,7.0,2.57,9,6,True,17:58,34,False
R004228,P0141,52.3,5003,7.0,131.3,6.8,2.3,6,4,False,,0,False
R004229,P0141,73.4,6383,30.1,74.1,7.0,9.73,6,5,False,,0,False
R004230,P0141,68.0,7284,15.9,267.3,6.28,7.5,6,5,True,17:44,60,True
R004231,P0142,38.1,4033,10.8,84.5,6.46,8.4,7,7,False,,0,False
R004232,P0142,42.4,5712,9.6,130.3,9.78,9.64,8,3,False,,0,False
R004233,P0142,8.9,819,8.0,92.9,7.06,9.08,6,4,True,13:24,15,False
R004234,P0142,32.3,3510,13.4,82.4,7.04,8.92,8,6,False,,0,False
R004235,P0142,25.9,3778,11.7,133.8,7.34,9.27,6,5,False,,0,False
R004236,P0142,16.4,1222,1.3,89.4,7.54,1.73,8,4,False,,0,False
R004237,P0142,17.6,1256,0.0,119.7,6.81,2.72,7,6,False,,0,False
R004238,P0142,12.2,1376,5.7,77.6,7.85,7.49,9,8,False,,0,False
R004239,P0142,24.6,0,14.9,140.0,7.96,8.5,7,7,False,,0,False
R004240,P0142,22.6,3230,13.2,88.3,7.04,8.08,6,6,False,,0,False
R004241,P0142,0.0,1651,4.6,89.0,7.95,6.53,8,6,False,,0,False
R004242,P0142,17.4,1754,8.7,28.7,7.46,9.57,9,7,False,,0,False
R004243,P0142,27.1,4133,2.8,93.4,8.14,3.49,8,6,True,15:45,64,False
R004244,P0142,0.0,0,0.0,116.9,5.4,1.24,6,5,False,,0,False
R004245,P0142,12.7,2125,3.1,161.6,7.4,8.65,8,7,False,,0,False
R004246,P0142,38.1,3795,19.2,87.0,8.97,7.64,8,6,False,,0,False
R004247,P0142,13.6,767,10.7,27.2,8.4,8.22,6,6,False,,0,False
R004248,P0142,61.4,8138,21.1,85.6,8.36,9.69,7,4,False,,0,False
R004249,P0142,30.9,3427,16.5,123.2,8.92,8.49,6,5,False,,0,False
R004250,P0142,14.8,1868,0.0,118.3,8.29,1.31,7,5,False,,0,False
R004251,P0142,2.2,0,0.0,33.0,5.72,2.12,10,5,True,15:29,57,True
R004252,P0142,22.5,2557,0.8,130.8,7.5,9.1,7,6,True,17:33,12,False
R004253,P0142,18.0,1879,9.1,99.4,7.87,9.1,10,8,False,,0,False
R004254,P0142,60.6,6025,18.4,181.0,7.79,7.23,7,5,False,,0,True
R004255,P0142,45.3,5451,24.2,90.3,7.92,6.65,9,6,False,,0,False
R004256,P0142,7.3,447,0.0,121.7,6.34,7.82,6,5,False,,0,False
R004257,P0142,0.0,700,0.0,80.4,7.06,1.9,7,5,False,,0,False
R004258,P0142,27.8,2192,6.2,98.3,8.94,2.46,8,5,False,,0,True
R004259,P0142,29.8,4220,0.0,69.4,6.38,8.78,7,3,False,,0,False
R004260,P0142,13.0,1969,0.0,29.6,6.22,7.98,8,6,False,,0,False
R004261,P0143,98.2,12142,15.3,123.9,7.81,6.49,3,7,False,,0,False
R004262,P0143,59.9,7015,28.0,8.9,8.45,5.84,5,3,False,,0,False
R004263,P0143,94.1,12410,18.3,0.0,8.16,5.03,4,4,False,,0,False
R004264,P0143,65.2,7017,29.5,74.9,6.96,6.35,6,3,True,13:17,13,False
R004265,P0143,73.3,9146,25.7,52.0,7.7,8.6,6,4,False,,0,False
R004266,P0143,74.6,7714,28.0,124.4,9.56,1.24,5,5,False,,0,False
R004267,P0143,65.6,8540,14.3,100.7,6.62,2.53,6,4,False,,0,False
R004268,P0143,82.5,7640,19.4,56.5,7.99,4.89,4,5,False,,0,False
R004269,P0143,94.9,8067,16.1,52.1,8.06,5.11,7,6,False,,0,False
R004270,P0143,60.8,7164,27.8,0.0,7.67,6.42,7,4,False,,0,False
R004271,P0143,70.5,8323,19.6,101.7,7.33,7.13,4,5,False,,0,False
R004272,P0143,54.2,6200,31.7,21.2,6.58,6.51,3,4,False,,0,False
R004273,P0143,88.3,9276,46.5,151.9,7.97,0.6,5,6,False,,0,False
R004274,P0143,81.8,7655,34.4,101.2,6.59,2.15,6,3,False,,0,False
R004275,P0143,58.2,4043,15.5,26.6,7.5,6.22,4,5,False,,0,False
R004276,P0143,50.8,7568,11.2,115.8,8.09,7.05,5,5,False,,0,False
R004277,P0143,46.0,4768,11.9,24.5,9.37,6.91,6,6,False,,0,False
R004278,P0143,77.1,6140,24.3,162.3,9.26,7.8,4,4,True,13:48,27,False
R004279,P0143,77.4,8497,27.5,93.0,7.82,7.34,6,2,False,,0,False
R004280,P0143,60.1,5572,24.6,0.0,7.5,3.54,4,4,True,15:51,71,True
R004281,P0143,71.0,6791,9.5,101.3,7.68,1.4,9,9,False,,0,False
R004282,P0143,72.7,6698,9.8,30.4,6.48,6.48,5,5,True,14:26,45,False
R004283,P0143,93.5,11621,32.9,28.5,8.79,7.03,6,6,False,,0,False
R004284,P0143,67.9,6866,23.4,91.6,7.74,7.65,4,4,False,,0,False
R004285,P0143,62.4,6301,10.2,172.8,6.47,6.64,4,1,False,,0,False
R004286,P0143,60.0,6639,20.1,40.7,7.65,8.78,5,4,False,,0,False
R004287,P0143,94.0,10387,10.7,49.0,8.05,2.33,5,3,False,,0,False
R004288,P0143,71.6,7657,7.8,121.2,5.89,2.36,3,5,False,,0,False
R004289,P0143,59.6,5033,14.7,68.9,8.19,6.77,5,6,False,,0,False
R004290,P0143,59.8,5623,18.4,81.6,7.69,5.18,3,3,True,16:52,33,False
R004291,P0144,75.7,10611,25.8,89.2,5.53,9.25,8,8,False,,0,False
R004292,P0144,75.5,8539,14.6,91.8,4.97,8.55,6,4,False,,0,False
R004293,P0144,107.0,14219,44.4,100.9,4.16,8.9,5,5,False,,0,False
R004294,P0144,96.6,11790,41.5,184.2,4.0,7.81,7,4,False,,0,False
R004295,P0144,80.8,9577,21.0,29.4,3.69,9.28,5,4,False,,0,False
R004296,P0144,86.4,8258,14.1,153.5,4.98,1.1,6,5,True,14:46,27,False
R004297,P0144,61.9,6990,6.5,85.2,4.02,2.47,9,5,True,14:35,30,True
R004298,P0144,102.1,12449,17.3,209.3,6.09,8.3,7,8,False,,0,False
R004299,P0144,68.0,7816,9.6,68.8,4.35,8.16,7,5,False,,0,False
R004300,P0144,81.0,9004,14.4,146.6,6.03,8.21,8,5,True,13:32,55,False
R004301,P0144,10.0,2627,1.9,105.6,4.33,9.06,7,9,False,,0,True
R004302,P0144,52.5,6084,23.2,116.5,5.56,8.98,7,4,False,,0,False
R004303,P0144,70.4,8631,28.6,197.4,4.11,0.82,7,5,False,,0,False
R004304,P0144,63.6,6648,21.5,115.5,4.29,2.24,8,6,False,,0,False
R004305,P0144,77.2,7487,31.0,107.0,5.9,7.69,10,6,False,,0,True
R004306,P0144,54.7,4794,21.0,33.1,6.02,7.13,8,8,False,,0,False
R004307,P0144,65.9,5846,24.1,96.7,4.2,9.91,5,6,False,,0,False
R004308,P0144,73.9,7185,30.8,116.3,3.75,8.97,8,5,False,,0,False
R004309,P0144,86.6,10816,30.7,1.4,6.04,9.01,6,5,False,,0,False
R004310,P0144,72.0,6997,24.9,116.2,5.9,2.41,5,5,False,,0,False
R004311,P0144,53.7,4387,14.3,62.3,2.66,4.03,6,7,False,,0,False
R004312,P0144,52.4,5844,22.7,200.5,5.68,10.46,8,5,False,,0,False
R004313,P0144,65.5,8231,14.1,320.7,3.75,8.08,7,6,True,17:47,74,True
R004314,P0144,69.0,8871,24.9,172.1,4.33,10.56,6,3,False,,0,False
R004315,P0144,76.6,8270,29.1,98.9,4.81,9.51,5,5,False,,0,False
R004316,P0144,128.0,14108,62.0,57.4,5.84,8.25,6,6,True,15:10,39,False
R004317,P0144,68.5,9289,27.5,173.3,5.23,4.39,8,6,True,16:04,29,False
R004318,P0144,62.4,7195,32.1,150.9,3.63,3.03,5,5,False,,0,False
R004319,P0144,64.0,7331,17.5,138.4,3.86,7.85,6,4,False,,0,False
R004320,P0144,80.8,6466,29.2,64.9,4.86,7.21,5,5,False,,0,False
R004321,P0145,24.4,1903,12.0,89.9,4.7,6.21,6,4,False,,0,False
R004322,P0145,17.4,2200,14.7,115.2,4.62,6.41,9,5,False,,0,True
R004323,P0145,6.9,1603,0.0,178.6,3.08,5.41,5,6,False,,0,True
R004324,P0145,31.6,2450,9.1,204.0,4.02,6.08,8,7,True,13:42,42,True
R004325,P0145,6.8,1846,1.0,186.3,3.58,5.81,7,6,False,,0,False
R004326,P0145,52.4,4624,10.3,72.9,2.65,1.83,6,4,True,14:45,50,False
R004327,P0145,29.8,3778,11.6,98.9,5.5,2.59,6,5,False,,0,False
R004328,P0145,18.4,1704,2.1,121.0,3.77,3.64,5,5,False,,0,False
R004329,P0145,18.2,1191,11.1,104.6,4.39,5.77,9,3,True,14:47,62,True
R004330,P0145,57.5,6384,21.7,94.4,5.78,6.13,9,4,True,15:32,61,False
R004331,P0145,18.1,2813,1.2,181.4,3.69,5.43,6,5,True,16:09,91,False
R004332,P0145,0.0,517,12.1,98.4,4.51,5.59,7,4,False,,0,False
R004333,P0145,3.1,45,0.0,100.4,2.97,2.7,7,7,True,17:48,47,False
R004334,P0145,23.2,2790,16.2,121.3,6.3,2.7,6,5,False,,0,False
R004335,P0145,24.7,4758,3.8,151.0,4.41,5.56,7,6,False,,0,False
R004336,P0145,36.8,3221,10.7,131.3,2.28,6.69,6,4,False,,0,False
R004337,P0145,17.2,2137,14.7,177.3,5.23,7.53,9,5,False,,0,False
R004338,P0145,47.6,3558,11.1,109.5,4.35,7.24,7,4,False,,0,False
R004339,P0145,54.2,6905,22.8,85.5,3.76,7.28,8,6,False,,0,True
R004340,P0145,1.2,0,4.4,159.7,2.63,1.01,6,8,False,,0,False
R004341,P0145,33.0,4830,9.2,182.6,4.01,1.97,8,8,False,,0,False
R004342,P0145,70.3,5502,25.7,128.1,4.39,7.4,7,7,False,,0,False
R004343,P0145,16.6,2766,10.0,207.8,5.06,5.27,7,6,False,,0,False
R004344,P0145,30.7,3422,7.1,130.8,4.62,5.1,7,6,False,,0,False
R004345,P0145,19.1,1733,6.8,79.5,3.78,7.55,7,7,True,14:29,30,False
R004346,P0145,73.9,6076,21.5,151.1,7.1,5.71,9,6,False,,0,True
R004347,P0145,7.9,1007,5.3,144.9,2.83,2.16,7,5,False,,0,False
R004348,P0145,42.6,3771,11.6,140.2,3.89,1.18,9,5,False,,0,False
R004349,P0145,19.5,3342,8.0,99.6,3.1,5.23,9,6,True,14:45,56,True
R004350,P0145,29.8,4003,9.9,106.0,2.3,6.52,7,6,True,17:00,28,False
R004351,P0146,63.3,7290,27.4,88.1,5.15,6.92,4,5,False,,0,False
R004352,P0146,91.1,11647,17.8,39.3,6.45,6.8,6,7,False,,0,False
R004353,P0146,81.9,6553,24.2,110.5,5.91,5.72,6,3,False,,0,False
R004354,P0146,83.7,8167,10.3,139.9,6.59,7.35,5,2,False,,0,False
R004355,P0146,87.2,10060,19.3,168.0,6.14,6.46,5,3,False,,0,False
R004356,P0146,68.9,7537,17.0,74.0,4.31,1.85,5,5,True,13:34,35,False
R004357,P0146,76.2,8868,24.9,69.6,8.78,2.48,5,1,False,,0,False
R004358,P0146,89.9,11448,41.8,136.1,6.31,7.08,7,5,False,,0,False
R004359,P0146,77.7,7180,15.8,115.8,6.69,7.14,6,7,False,,0,False
R004360,P0146,55.9,5894,25.2,114.5,5.04,8.49,7,5,False,,0,False
R004361,P0146,84.5,10489,25.5,145.8,5.2,6.14,8,5,False,,0,False
R004362,P0146,85.4,8501,30.4,72.1,4.19,6.02,5,5,False,,0,False
R004363,P0146,84.3,12674,13.7,90.4,5.83,1.98,6,6,False,,0,False
R004364,P0146,86.7,9557,19.8,74.5,4.2,2.02,4,3,False,,0,False
R004365,P0146,58.9,6071,24.1,58.9,6.74,7.27,6,6,False,,0,False
R004366,P0146,97.2,11676,42.0,141.6,5.51,5.09,6,6,False,,0,False
R004367,P0146,45.5,5403,11.3,103.6,4.44,7.05,7,6,False,,0,False
R004368,P0146,68.2,7636,31.3,98.2,5.2,7.35,6,4,False,,0,False
R004369,P0146,90.5,8622,16.5,172.9,6.58,7.08,8,5,False,,0,False
R004370,P0146,103.3,14004,25.3,109.8,8.94,3.53,6,5,False,,0,True
R004371,P0146,58.3,7139,25.7,0.0,5.39,1.45,7,7,False,,0,False
R004372,P0146,72.1,7469,12.1,254.4,6.58,5.69,6,4,False,,0,True
R004373,P0146,126.9,15506,61.1,55.7,6.67,6.53,8,4,False,,0,True
R004374,P0146,84.8,9249,16.6,237.3,7.12,7.24,7,10,False,,0,False
R004375,P0146,80.3,8510,28.4,103.9,4.23,6.0,8,6,False,,0,False
R004376,P0146,88.5,11156,38.5,50.5,5.88,7.76,6,6,True,13:00,35,False
R004377,P0146,74.5,9674,24.6,98.7,7.64,3.24,5,4,False,,0,False
R004378,P0146,83.9,9466,37.8,137.6,5.71,1.68,6,7,False,,0,False
R004379,P0146,93.9,9818,25.9,64.3,6.06,6.63,7,5,False,,0,False
R004380,P0146,67.9,7839,37.1,95.3,7.14,6.51,7,4,False,,0,False
R004381,P0147,15.5,393,2.4,65.3,2.48,7.82,5,5,True,21:48,71,False
R004382,P0147,0.0,0,0.0,0.0,3.87,8.73,5,5,False,,0,False
R004383,P0147,3.5,653,0.0,0.0,1.8,7.92,7,3,False,,0,False
R004384,P0147,8.5,1206,0.0,92.9,3.22,7.13,8,5,False,,0,False
R004385,P0147,0.0,959,0.0,3.1,4.66,9.31,8,7,False,,0,False
R004386,P0147,0.0,558,0.3,105.9,7.19,3.58,7,5,True,21:38,47,False
R004387,P0147,6.1,876,0.0,43.3,2.48,3.84,10,10,True,21:05,77,False
R004388,P0147,0.0,0,3.8,0.0,4.17,7.5,7,5,False,,0,False
R004389,P0147,0.0,0,0.6,34.2,4.12,8.27,8,6,True,20:33,68,False
R004390,P0147,5.4,901,0.0,25.2,3.76,7.56,5,5,False,,0,False
R004391,P0147,1.9,0,2.1,111.6,7.6,7.39,8,5,False,,0,True
R004392,P0147,12.7,831,6.0,0.0,4.27,7.83,9,5,True,19:18,53,False
R004393,P0147,0.0,0,2.0,66.3,2.24,3.25,7,6,True,19:27,81,False
R004394,P0147,2.7,2005,12.0,1.1,4.09,2.91,8,5,False,,0,False
R004395,P0147,0.0,406,0.0,24.9,3.87,6.64,8,5,True,19:36,56,False
R004396,P0147,0.0,0,0.0,0.0,8.06,7.91,7,6,True,19:31,56,True
R004397,P0147,22.5,2223,10.0,0.0,4.3,8.88,6,4,True,19:49,74,False
R004398,P0147,0.0,0,10.3,111.5,2.59,7.35,8,5,True,19:41,69,False
R004399,P0147,0.0,1505,0.3,54.1,2.7,7.67,7,4,False,,0,False
R004400,P0147,0.4,0,7.5,0.0,5.51,2.03,9,6,True,19:14,10,False
R004401,P0147,14.9,2402,12.4,34.5,3.72,1.72,6,3,False,,0,False
R004402,P0147,0.0,0,0.0,25.5,3.97,8.14,8,6,False,,0,False
R004403,P0147,0.8,0,0.0,50.5,4.09,7.6,8,6,False,,0,False
R004404,P0147,0.0,0,0.0,0.0,2.84,8.22,7,4,True,19:25,36,False
R004405,P0147,0.1,0,6.2,20.5,1.99,8.34,7,5,False,,0,False
R004406,P0147,18.5,3013,0.3,0.0,2.5,8.27,7,9,False,,0,False
R004407,P0147,0.0,0,0.0,6.1,2.67,3.5,8,6,False,,0,False
R004408,P0147,0.0,868,4.1,0.0,3.19,2.95,8,7,False,,0,False
R004409,P0147,0.0,18,5.7,82.2,3.17,7.58,8,5,False,,0,False
R004410,P0147,21.7,565,0.0,79.2,2.47,8.03,8,8,False,,0,False
R004411,P0148,0.0,0,1.9,137.4,6.75,7.18,7,6,False,,0,True
R004412,P0148,2.3,902,1.9,194.2,4.94,9.75,6,4,False,,0,False
R004413,P0148,0.0,0,4.1,196.7,5.56,6.79,7,5,False,,0,False
R004414,P0148,3.3,788,0.0,151.6,5.25,8.71,5,3,False,,0,False
R004415,P0148,15.5,1500,7.7,239.3,5.12,7.39,6,6,False,,0,False
R004416,P0148,0.0,0,0.0,134.3,2.34,2.64,6,7,False,,0,False
R004417,P0148,0.0,0,3.7,142.5,2.9,1.66,5,5,False,,0,False
R004418,P0148,1.0,0,2.1,205.1,5.72,6.05,7,5,False,,0,False
R004419,P0148,19.8,679,14.3,150.1,3.55,7.59,7,4,False,,0,False
R004420,P0148,43.0,3833,5.8,171.7,6.8,7.8,6,5,True,13:28,59,True
R004421,P0148,0.0,1033,0.0,171.4,5.4,6.58,5,4,False,,0,False
R004422,P0148,34.6,4702,6.4,85.1,4.66,7.91,5,6,True,14:03,39,False
R004423,P0148,12.5,265,8.1,205.8,6.13,3.24,5,5,False,,0,False
R004424,P0148,0.0,205,0.0,136.2,4.55,4.18,8,7,False,,0,False
R004425,P0148,32.4,3032,9.0,158.8,4.83,7.13,5,3,False,,0,False
R004426,P0148,0.0,0,0.0,260.9,2.2,7.86,7,5,False,,0,False
R004427,P0148,14.3,747,3.5,198.3,5.68,8.08,5,4,False,,0,False
R004428,P0148,16.8,860,3.1,125.5,4.44,7.15,4,4,False,,0,False
R004429,P0148,10.9,1194,5.1,188.3,4.3,7.55,5,6,False,,0,False
R004430,P0148,0.0,287,9.0,181.9,5.87,1.72,5,5,False,,0,False
R004431,P0148,27.5,3716,11.1,183.3,4.91,1.77,5,5,False,,0,False
R004432,P0148,0.0,491,0.4,187.7,3.96,6.24,6,5,False,,0,True
R004433,P0148,0.0,744,3.2,200.1,4.52,7.77,10,7,False,,0,True
R004434,P0148,0.0,0,0.0,225.0,7.35,7.64,3,6,False,,0,False
R004435,P0148,12.6,969,4.9,269.5,4.61,7.05,7,4,False,,0,False
R004436,P0148,0.0,541,0.0,214.4,4.85,7.48,6,4,False,,0,False
R004437,P0148,8.2,2302,0.0,119.3,7.14,4.21,4,3,False,,0,False
R004438,P0148,0.6,0,0.0,137.9,4.3,3.68,6,5,True,17:18,41,True
R004439,P0148,8.4,552,0.0,137.7,6.11,6.46,6,6,False,,0,False
R004440,P0148,58.4,7362,23.9,206.2,6.12,7.42,6,4,True,15:56,27,False
R004441,P0149,28.2,2292,14.0,64.3,4.5,9.07,3,5,True,15:48,35,True
R004442,P0149,30.3,4542,1.9,83.2,4.06,8.32,4,4,False,,0,True
R004443,P0149,34.5,3157,8.8,34.9,6.14,9.82,4,2,False,,0,False
R004444,P0149,9.4,558,0.2,290.9,4.43,8.72,5,6,False,,0,True
R004445,P0149,5.0,0,7.3,95.6,9.13,8.89,5,4,False,,0,True
R004446,P0149,50.3,6005,13.2,115.7,4.74,3.13,6,7,False,,0,False
R004447,P0149,43.7,4821,8.4,139.9,3.5,2.35,4,4,True,17:59,14,False
R004448,P0149,50.4,5456,15.2,135.7,3.23,10.86,3,5,False,,0,False
R004449,P0149,26.0,4320,0.0,105.1,3.4,9.06,3,5,True,15:39,93,True
R004450,P0149,44.3,4266,3.0,59.3,5.7,8.95,5,8,False,,0,False
R004451,P0149,40.8,6721,8.5,32.7,4.25,10.53,5,6,False,,0,False
R004452,P0149,49.1,4894,14.3,54.0,4.68,9.82,3,2,False,,0,True
R004453,P0149,30.2,3982,11.9,108.7,6.28,4.28,8,9,False,,0,True
R004454,P0149,52.1,4754,12.6,59.0,5.91,3.75,6,5,False,,0,False
R004455,P0149,33.3,3364,2.9,42.5,5.93,9.48,3,4,False,,0,False
R004456,P0149,42.5,2788,13.0,66.5,4.48,8.17,6,3,False,,0,False
R004457,P0149,32.0,4185,0.9,163.7,6.03,10.37,4,6,False,,0,False
R004458,P0149,24.0,1650,11.8,11.3,4.51,10.1,4,5,False,,0,False
R004459,P0149,52.3,5997,17.4,72.1,6.29,9.63,6,3,False,,0,False
R004460,P0149,36.6,3647,6.4,47.4,4.7,3.47,4,5,False,,0,False
R004461,P0149,55.1,7039,17.5,177.0,5.96,3.52,4,4,False,,0,False
R004462,P0149,16.8,1269,2.6,23.4,4.87,9.29,3,5,False,,0,False
R004463,P0149,28.0,3311,0.0,79.5,4.0,9.18,2,4,False,,0,False
R004464,P0149,32.6,3703,13.1,101.2,5.69,8.29,5,5,False,,0,False
R004465,P0149,73.8,10067,14.0,25.3,3.7,8.18,6,5,False,,0,True
R004466,P0149,31.9,3328,7.2,14.0,4.3,8.44,3,6,False,,0,False
R004467,P0149,9.1,2532,7.3,103.2,4.61,4.05,5,4,False,,0,False
R004468,P0149,41.5,5966,10.3,100.6,5.89,5.1,4,6,False,,0,False
R004469,P0149,43.7,5363,3.8,101.3,4.5,8.37,5,3,False,,0,False
R004470,P0149,39.6,5657,15.0,0.0,5.75,9.3,4,4,True,16:11,74,False
R004471,P0150,4.8,1578,0.0,277.1,7.44,9.37,6,5,False,,0,False
R004472,P0150,0.0,0,0.0,246.6,8.21,8.78,1,3,True,15:38,45,False
R004473,P0150,0.0,0,5.1,214.2,6.94,10.51,6,4,False,,0,False
R004474,P0150,0.0,0,0.0,256.0,7.2,7.62,2,3,False,,0,False
R004475,P0150,8.8,365,9.9,233.0,8.75,8.93,4,6,False,,0,False
R004476,P0150,0.0,0,0.0,227.2,7.35,3.83,4,5,False,,0,False
R004477,P0150,0.0,0,8.9,196.9,6.89,3.42,3,3,False,,0,False
R004478,P0150,6.4,425,0.1,201.9,8.66,8.0,5,6,True,16:40,73,False
R004479,P0150,0.0,0,1.4,254.8,5.75,9.48,4,5,False,,0,False
R004480,P0150,0.0,0,1.6,232.8,9.89,7.42,2,3,True,16:40,63,False
R004481,P0150,0.0,0,0.0,178.6,7.45,10.03,7,4,False,,0,False
R004482,P0150,0.0,0,0.0,196.7,11.15,9.36,3,5,True,17:36,49,True
R004483,P0150,0.0,805,0.0,205.1,6.15,3.52,4,5,False,,0,False
R004484,P0150,0.0,616,0.0,192.5,6.25,2.35,4,4,False,,0,False
R004485,P0150,0.0,0,0.9,339.0,7.15,10.79,3,4,True,14:12,75,False
R004486,P0150,18.0,2007,3.5,291.9,9.4,7.87,5,5,False,,0,False
R004487,P0150,7.5,1179,6.2,467.3,7.97,8.71,4,4,True,17:56,56,True
R004488,P0150,0.0,72,0.0,263.9,4.81,7.43,3,3,True,17:14,45,False
R004489,P0150,14.5,1848,6.3,251.1,7.09,9.58,4,2,False,,0,False
R004490,P0150,0.0,0,0.0,239.9,7.09,3.37,4,4,False,,0,False
R004491,P0150,0.0,255,0.0,212.8,7.07,3.37,3,3,False,,0,False
R004492,P0150,0.0,0,0.0,256.6,5.36,9.21,3,4,False,,0,False
R004493,P0150,1.7,0,12.9,214.2,9.49,8.64,4,4,False,,0,False
R004494,P0150,10.3,1862,4.5,157.4,12.55,8.55,5,6,True,13:22,36,True
R004495,P0150,0.0,0,0.0,191.5,7.58,8.26,2,3,False,,0,False
R004496,P0150,0.0,989,0.0,201.5,7.64,10.06,4,3,False,,0,False
R004497,P0150,8.4,804,0.0,208.7,7.27,2.38,2,4,False,,0,False
R004498,P0150,0.0,493,0.0,275.3,9.17,2.49,4,5,False,,0,False
R004499,P0150,0.0,0,0.0,254.3,6.54,9.6,4,5,False,,0,False
R004500,P0150,6.7,502,0.0,258.2,6.47,9.87,5,4,False,,0,False
R004501,P0151,3.0,0,0.0,165.4,5.22,5.53,6,4,True,16:53,32,False
R004502,P0151,17.6,4161,6.0,103.0,6.69,5.65,3,3,False,,0,False
R004503,P0151,0.0,731,0.0,98.4,7.14,4.38,5,5,True,17:13,15,False
R004504,P0151,11.4,1652,10.0,0.0,8.55,4.9,4,4,False,,0,False
R004505,P0151,0.0,0,0.0,136.0,8.71,7.0,4,5,False,,0,False
R004506,P0151,11.5,0,0.0,339.0,8.45,1.96,5,4,True,14:33,42,True
R004507,P0151,22.2,3230,6.9,90.4,8.47,1.64,4,4,False,,0,False
R004508,P0151,12.7,2104,0.0,133.3,8.44,5.76,5,3,False,,0,True
R004509,P0151,16.3,1104,14.1,129.8,7.0,4.7,6,2,False,,0,True
R004510,P0151,0.6,0,4.2,311.4,6.33,4.59,6,5,False,,0,True
R004511,P0151,0.0,987,0.0,34.9,7.15,4.11,5,4,False,,0,False
R004512,P0151,0.0,311,2.8,84.7,8.14,5.23,2,5,False,,0,False
R004513,P0151,0.0,1391,2.5,251.2,7.07,2.94,5,3,False,,0,False
R004514,P0151,8.2,128,5.9,133.9,7.24,0.51,4,5,True,17:21,25,False
R004515,P0151,7.6,1057,0.0,140.1,7.28,5.08,4,5,False,,0,False
R004516,P0151,5.9,853,5.3,13.3,10.89,4.18,3,4,True,13:32,10,True
R004517,P0151,0.0,0,0.0,126.6,6.96,4.45,4,4,False,,0,False
R004518,P0151,11.2,1411,8.5,116.0,5.5,5.43,4,2,True,17:26,32,True
R004519,P0151,0.0,71,5.3,150.6,7.69,4.63,5,6,True,17:02,77,False
R004520,P0151,0.0,257,4.6,0.0,4.47,2.45,3,6,False,,0,False
R004521,P0151,18.0,3430,2.1,75.5,8.97,2.21,2,6,True,17:06,64,False
R004522,P0151,0.0,0,6.1,64.7,7.18,4.51,4,3,False,,0,False
R004523,P0151,9.2,566,4.7,92.5,6.71,5.19,3,3,False,,0,False
R004524,P0151,0.0,721,10.2,128.9,6.72,4.58,4,4,False,,0,False
R004525,P0151,12.9,2096,0.0,146.4,6.5,3.23,4,6,False,,0,False
R004526,P0151,0.0,57,2.3,113.7,6.85,5.42,5,5,True,13:48,21,True
R004527,P0151,41.0,2981,8.3,114.3,7.02,2.69,4,8,False,,0,False
R004528,P0151,4.9,586,5.7,61.7,7.6,2.12,5,4,False,,0,False
R004529,P0151,7.2,725,0.0,59.9,7.54,4.49,3,8,False,,0,False
R004530,P0151,15.5,733,1.7,41.8,6.21,4.68,2,4,True,14:58,62,False
R004531,P0152,61.3,7681,15.6,167.5,7.14,9.12,6,5,False,,0,False
R004532,P0152,60.7,6945,23.4,267.8,2.91,10.13,3,5,False,,0,False
R004533,P0152,31.1,3293,9.7,226.0,7.57,7.55,2,3,False,,0,False
R004534,P0152,43.0,3850,8.8,279.1,6.43,6.03,5,3,False,,0,False
R004535,P0152,35.8,4836,4.5,293.2,4.1,6.99,5,5,False,,0,False
R004536,P0152,43.5,4407,14.4,205.1,5.56,3.62,5,5,False,,0,False
R004537,P0152,74.6,9334,16.2,259.6,7.0,2.22,2,4,False,,0,False
R004538,P0152,54.7,6054,8.5,175.1,4.93,8.73,6,4,False,,0,False
R004539,P0152,38.2,5146,3.1,241.3,6.42,8.02,7,5,False,,0,False
R004540,P0152,23.9,1006,16.2,192.1,7.62,7.96,6,5,False,,0,False
R004541,P0152,75.8,7963,33.8,179.5,4.81,6.59,7,5,False,,0,False
R004542,P0152,16.3,2331,0.0,194.1,5.25,9.14,3,3,False,,0,False
R004543,P0152,62.5,7225,27.7,272.3,5.07,4.65,7,6,False,,0,False
R004544,P0152,64.1,4865,9.5,163.1,4.2,2.89,4,4,False,,0,False
R004545,P0152,57.0,5295,17.8,302.2,5.33,7.94,5,3,True,17:02,37,False
R004546,P0152,15.6,1110,10.5,202.3,5.19,6.53,5,5,False,,0,False
R004547,P0152,39.9,5444,9.8,269.1,5.35,9.54,8,4,False,,0,False
R004548,P0152,36.6,5828,17.2,218.8,5.4,8.36,3,5,False,,0,False
R004549,P0152,33.2,2024,4.8,217.6,6.47,9.19,6,6,False,,0,False
R004550,P0152,28.3,3587,6.3,261.9,5.78,3.71,3,2,False,,0,False
R004551,P0152,31.2,3502,11.4,253.8,7.33,2.42,5,3,False,,0,False
R004552,P0152,45.5,3305,16.6,365.4,6.98,6.27,4,5,False,,0,False
R004553,P0152,69.7,9301,20.6,289.1,4.61,8.33,6,4,False,,0,False
R004554,P0152,29.7,5226,7.2,283.4,6.62,8.68,5,5,False,,0,False
R004555,P0152,71.3,9535,20.3,158.9,5.67,8.3,6,6,False,,0,False
R004556,P0152,70.9,7670,22.4,194.0,5.63,7.44,7,4,False,,0,False
R004557,P0152,34.0,5199,4.0,203.2,7.45,4.39,4,4,False,,0,False
R004558,P0152,53.7,6337,17.9,204.5,7.67,2.06,4,4,False,,0,False
R004559,P0152,64.1,6832,24.0,356.8,4.8,6.96,5,4,False,,0,False
R004560,P0152,50.1,4900,18.2,225.1,6.47,9.25,5,5,False,,0,False
R004561,P0153,72.1,7513,24.5,207.2,2.69,8.15,5,6,False,,0,False
R004562,P0153,82.2,7838,17.5,148.8,4.14,5.6,6,5,False,,0,False
R004563,P0153,76.7,9573,19.0,250.4,2.66,8.89,4,6,True,14:38,64,True
R004564,P0153,100.2,11090,41.7,204.7,3.41,7.18,7,5,False,,0,False
R004565,P0153,63.5,5904,22.2,231.5,3.26,7.22,5,5,False,,0,False
R004566,P0153,60.7,5874,12.9,338.0,2.0,3.39,4,5,False,,0,False
R004567,P0153,89.0,9442,17.9,207.7,1.75,3.35,7,8,False,,0,False
R004568,P0153,74.2,10385,20.0,158.3,4.56,7.49,4,3,False,,0,False
R004569,P0153,57.3,6375,25.3,284.4,4.46,7.26,2,4,False,,0,False
R004570,P0153,83.3,8386,21.6,242.5,4.75,8.05,4,6,False,,0,False
R004571,P0153,33.8,4221,26.3,259.1,3.46,9.22,3,3,True,15:58,47,False
R004572,P0153,97.4,12051,53.9,207.0,3.13,7.24,4,6,True,17:55,57,False
R004573,P0153,75.9,7806,33.8,231.5,3.03,1.71,4,5,False,,0,False
R004574,P0153,70.0,6322,31.1,241.2,3.67,2.23,6,3,False,,0,False
R004575,P0153,64.7,6549,30.6,224.5,0.43,10.15,4,4,False,,0,False
R004576,P0153,67.7,7156,17.3,207.7,4.28,8.35,4,8,False,,0,False
R004577,P0153,89.3,9350,17.2,185.0,4.09,7.09,6,4,False,,0,False
R004578,P0153,65.1,8783,21.7,284.3,2.68,8.64,5,6,False,,0,False
R004579,P0153,63.2,8299,16.4,177.3,2.12,8.13,4,4,False,,0,False
R004580,P0153,59.8,6238,18.2,233.2,2.84,3.63,5,2,False,,0,False
R004581,P0153,36.4,4961,6.4,278.7,1.97,1.49,5,4,False,,0,False
R004582,P0153,55.2,7090,17.6,181.3,4.01,7.71,4,5,False,,0,False
R004583,P0153,73.8,8225,10.3,180.3,3.2,7.83,5,4,False,,0,False
R004584,P0153,96.7,11442,37.9,193.3,2.74,9.35,6,4,False,,0,True
R004585,P0153,28.8,2337,9.1,288.3,3.87,6.47,5,6,False,,0,False
R004586,P0153,53.7,7097,14.8,251.8,3.72,7.09,5,3,False,,0,False
R004587,P0153,53.5,4922,25.8,237.6,3.27,1.58,4,6,False,,0,False
R004588,P0153,40.6,4791,14.7,282.8,3.67,2.66,5,4,False,,0,False
R004589,P0153,56.9,7106,23.9,420.8,4.33,8.53,6,7,False,,0,True
R004590,P0153,69.6,8418,4.2,197.8,2.25,8.34,5,3,False,,0,False
R004591,P0154,69.1,10245,19.2,212.5,3.07,8.59,8,6,False,,0,False
R004592,P0154,50.9,6474,24.8,236.0,1.23,9.3,5,5,False,,0,False
R004593,P0154,81.1,6843,17.1,237.4,0.76,8.5,6,5,True,14:15,30,False
R004594,P0154,85.5,9052,41.2,206.1,3.58,7.45,5,7,False,,0,False
R004595,P0154,92.3,10627,33.1,262.5,0.64,8.03,6,6,False,,0,False
R004596,P0154,54.1,6887,21.0,226.6,2.88,2.73,3,5,False,,0,False
R004597,P0154,49.5,6460,18.2,202.7,3.24,3.1,4,4,False,,0,False
R004598,P0154,63.3,7835,27.6,240.5,3.19,10.73,6,4,False,,0,False
R004599,P0154,91.3,11513,22.6,244.5,2.25,8.1,7,6,True,16:48,10,False
R004600,P0154,44.4,6643,19.6,241.9,0.94,8.87,5,6,False,,0,False
R004601,P0154,46.8,6402,15.1,279.9,0.0,8.62,5,4,False,,0,False
R004602,P0154,20.6,2891,5.4,306.3,1.35,9.33,5,7,False,,0,False
R004603,P0154,98.3,10680,17.5,220.1,2.23,3.27,4,4,False,,0,False
R004604,P0154,56.7,6458,11.3,179.1,1.79,3.73,6,4,False,,0,False
R004605,P0154,72.8,8486,24.4,267.1,3.03,8.0,7,6,False,,0,False
R004606,P0154,64.1,6701,36.0,241.9,2.91,7.6,5,6,False,,0,False
R004607,P0154,64.2,8298,26.1,209.4,2.63,9.67,5,4,False,,0,False
R004608,P0154,61.3,5803,23.2,267.0,3.63,7.65,7,6,True,15:39,32,False
R004609,P0154,33.8,2696,10.9,294.3,2.2,7.68,6,6,False,,0,False
R004610,P0154,68.4,7560,0.6,259.1,2.44,1.45,5,6,True,16:52,23,True
R004611,P0154,103.6,10210,29.9,414.3,2.49,2.35,7,4,True,15:55,39,True
R004612,P0154,57.7,6149,19.9,133.6,1.92,7.92,7,5,False,,0,False
R004613,P0154,64.1,6934,20.9,282.6,6.93,8.76,6,6,True,15:02,32,True
R004614,P0154,57.2,7763,26.8,250.8,2.67,7.17,6,5,False,,0,False
R004615,P0154,66.3,8269,11.8,294.4,3.45,11.41,6,5,True,16:53,59,False
R004616,P0154,77.1,9365,11.1,198.0,0.73,7.03,6,5,False,,0,False
R004617,P0154,46.2,6231,14.6,192.5,1.93,2.78,8,5,False,,0,False
R004618,P0154,70.1,7824,19.7,195.6,2.95,3.18,7,3,False,,0,False
R004619,P0154,63.7,5909,19.9,157.5,2.19,9.84,7,4,True,16:01,35,True
R004620,P0154,57.9,5436,13.1,219.5,3.62,7.64,7,5,False,,0,False
R004621,P0155,56.1,6911,14.8,177.3,6.58,6.94,4,1,False,,0,False
R004622,P0155,30.6,3553,0.0,162.8,7.18,6.44,5,7,False,,0,False
R004623,P0155,51.9,5733,12.1,159.5,7.04,6.12,5,5,False,,0,False
R004624,P0155,87.6,7036,12.3,124.5,9.21,5.47,6,4,False,,0,False
R004625,P0155,52.1,5202,11.4,162.3,7.45,5.94,5,5,False,,0,False
R004626,P0155,50.2,5277,8.0,282.0,8.21,1.91,4,3,False,,0,True
R004627,P0155,65.1,4693,34.3,148.3,8.86,0.91,6,6,False,,0,False
R004628,P0155,71.5,6543,15.0,230.0,8.5,6.7,6,6,False,,0,False
R004629,P0155,52.1,6894,24.1,225.1,7.83,6.27,5,6,False,,0,False
R004630,P0155,83.4,11154,9.1,154.1,7.22,4.79,4,5,False,,0,False
R004631,P0155,69.1,9670,24.7,158.3,6.71,6.58,6,5,False,,0,False
R004632,P0155,53.2,4537,20.9,182.7,8.9,7.96,4,4,False,,0,False
R004633,P0155,52.2,6364,16.3,149.6,6.23,2.01,5,4,False,,0,False
R004634,P0155,35.7,3949,3.6,189.6,8.5,2.43,6,4,False,,0,False
R004635,P0155,19.9,2243,16.5,207.8,8.8,6.21,6,5,False,,0,False
R004636,P0155,72.9,7530,28.2,181.9,5.49,8.43,4,2,False,,0,False
R004637,P0155,76.5,8035,15.0,186.4,7.87,5.2,4,4,False,,0,False
R004638,P0155,63.3,7461,35.1,152.0,8.18,5.01,6,7,False,,0,False
R004639,P0155,4.1,674,0.0,109.4,7.09,6.5,5,4,False,,0,True
R004640,P0155,28.4,4279,11.4,175.5,7.71,2.46,5,6,False,,0,True
R004641,P0155,48.0,6181,6.8,248.6,4.94,0.16,5,5,False,,0,False
R004642,P0155,51.6,7090,9.2,144.7,6.95,6.62,6,6,False,,0,False
R004643,P0155,48.3,7087,9.0,140.3,6.76,5.87,4,3,False,,0,False
R004644,P0155,40.2,5339,17.5,202.6,6.87,5.5,4,6,False,,0,False
R004645,P0155,63.9,6325,10.6,121.7,7.15,7.96,8,5,False,,0,True
R004646,P0155,50.4,5211,19.5,219.0,5.82,3.67,4,5,False,,0,False
R004647,P0155,61.1,6489,28.4,164.1,8.93,3.9,4,3,False,,0,True
R004648,P0155,50.8,6462,9.3,367.2,7.3,2.72,6,5,False,,0,True
R004649,P0155,53.0,4578,22.1,182.9,12.19,6.21,5,4,False,,0,True
R004650,P0155,47.2,5411,16.5,215.9,7.08,6.4,5,7,False,,0,False
R004651,P0156,37.7,3387,3.6,243.0,3.83,7.22,5,4,False,,0,False
R004652,P0156,45.4,5878,17.9,286.8,3.34,7.07,6,5,False,,0,False
R004653,P0156,26.2,2237,9.9,277.2,4.75,7.49,4,5,False,,0,False
R004654,P0156,20.9,3959,0.0,269.4,4.83,7.59,6,5,False,,0,False
R004655,P0156,48.4,4954,7.8,315.8,5.95,9.75,7,6,False,,0,False
R004656,P0156,0.0,735,0.2,343.7,5.2,1.69,5,5,False,,0,False
R004657,P0156,23.6,2358,9.9,262.3,5.52,2.52,4,5,False,,0,False
R004658,P0156,6.9,692,5.1,240.3,3.05,7.41,6,7,False,,0,False
R004659,P0156,21.4,1541,6.0,288.9,4.26,7.62,5,5,False,,0,False
R004660,P0156,10.9,1493,0.0,344.3,5.38,7.25,6,3,True,14:41,47,False
R004661,P0156,43.1,4914,17.1,182.6,6.1,9.02,5,5,False,,0,False
R004662,P0156,29.9,2666,8.7,328.7,5.06,8.22,6,3,False,,0,False
R004663,P0156,20.2,3634,2.8,279.7,6.54,3.38,7,7,False,,0,False
R004664,P0156,0.9,232,0.0,314.6,4.66,1.57,5,6,False,,0,True
R004665,P0156,12.7,1372,3.1,343.7,6.54,7.81,7,5,False,,0,False
R004666,P0156,43.1,4313,15.7,223.1,6.08,9.15,6,5,True,15:37,53,False
R004667,P0156,8.5,50,0.0,230.5,4.17,8.02,6,4,False,,0,False
R004668,P0156,0.0,570,0.0,291.1,4.88,8.57,5,4,False,,0,True
R004669,P0156,15.8,2290,2.2,306.9,4.33,7.78,5,5,False,,0,False
R004670,P0156,0.0,0,8.9,285.6,5.6,3.9,6,4,True,13:25,42,False
R004671,P0156,45.1,5357,19.0,341.6,3.57,2.15,7,9,False,,0,False
R004672,P0156,0.0,933,0.0,289.0,9.02,9.14,5,5,True,17:43,44,True
R004673,P0156,0.0,0,11.3,307.7,5.92,7.9,5,4,False,,0,False
R004674,P0156,0.0,0,7.7,310.4,5.03,8.44,7,4,False,,0,False
R004675,P0156,47.6,4991,22.8,357.9,3.19,8.27,8,8,True,16:44,10,False
R004676,P0156,47.7,4316,18.4,232.3,5.06,7.01,6,3,False,,0,False
R004677,P0156,65.3,5539,34.2,303.5,4.83,2.08,6,4,False,,0,False
R004678,P0156,19.9,2671,12.3,303.6,2.99,1.99,4,4,False,,0,False
R004679,P0156,28.9,3936,18.1,338.4,4.29,8.84,4,5,False,,0,False
R004680,P0156,28.3,2562,8.8,354.6,4.11,8.4,6,4,False,,0,False
R004681,P0157,25.6,3385,8.5,87.8,4.57,6.92,1,6,False,,0,False
R004682,P0157,20.2,2613,20.8,44.3,5.37,6.64,4,4,False,,0,False
R004683,P0157,37.6,3485,5.3,136.9,5.92,3.4,5,5,False,,0,True
R004684,P0157,13.9,1170,3.1,13.8,4.69,5.31,5,3,False,,0,False
R004685,P0157,0.7,3,0.8,126.2,4.69,6.74,3,2,True,16:27,67,True
R004686,P0157,8.6,631,7.0,0.0,5.23,0.0,5,3,False,,0,False
R004687,P0157,32.3,4649,11.0,248.8,4.16,1.28,5,3,False,,0,True
R004688,P0157,0.0,0,0.0,0.0,4.86,6.22,5,4,False,,0,False
R004689,P0157,0.0,0,0.0,0.0,6.96,5.06,6,5,False,,0,False
R004690,P0157,0.0,0,0.0,0.0,4.2,5.92,3,4,False,,0,False
R004691,P0157,58.3,5730,11.8,78.0,5.9,5.43,5,4,False,,0,False
R004692,P0157,8.1,1418,7.0,84.9,4.98,6.43,3,2,False,,0,False
R004693,P0157,47.8,5711,14.0,0.0,5.23,1.39,4,4,False,,0,False
R004694,P0157,4.3,532,5.6,15.8,6.63,2.4,4,6,False,,0,False
R004695,P0157,1.6,340,0.0,0.0,4.96,4.59,3,3,True,16:05,11,True
R004696,P0157,10.7,0,5.8,15.1,4.76,5.24,5,5,False,,0,False
R004697,P0157,0.0,0,0.0,0.0,4.89,4.19,4,4,True,16:17,48,False
R004698,P0157,37.7,4409,12.6,78.6,5.22,4.87,4,4,True,15:52,56,True
R004699,P0157,28.7,2693,10.3,0.0,4.22,7.23,5,8,False,,0,False
R004700,P0157,44.4,6161,17.3,0.0,5.31,1.29,6,6,True,13:19,16,False
R004701,P0157,29.4,3488,6.0,87.9,5.63,1.65,5,4,False,,0,False
R004702,P0157,23.7,1995,1.6,0.0,5.43,5.14,5,5,False,,0,False
R004703,P0157,18.6,2947,5.6,0.0,4.25,6.57,5,5,True,14:59,48,False
R004704,P0157,28.8,3390,6.6,198.2,5.91,7.09,6,3,False,,0,True
R004705,P0157,29.1,3414,7.4,0.0,5.25,6.91,4,5,True,17:14,26,False
R004706,P0157,5.5,0,0.0,0.0,4.87,7.02,6,5,False,,0,False
R004707,P0157,0.0,83,0.0,0.0,4.42,2.81,5,5,False,,0,False
R004708,P0157,17.5,2176,1.4,0.0,3.44,1.33,2,4,False,,0,False
R004709,P0157,20.1,1962,0.0,0.0,3.09,4.64,4,3,False,,0,False
R004710,P0157,0.0,119,0.9,0.0,5.23,6.43,4,7,False,,0,False
R004711,P0158,0.0,1585,1.1,149.6,5.93,7.13,4,3,False,,0,False
R004712,P0158,14.3,2062,0.0,145.9,6.01,7.09,5,7,False,,0,False
R004713,P0158,19.1,1517,1.4,102.9,6.56,7.85,5,6,False,,0,False
R004714,P0158,10.3,1246,5.5,244.6,5.15,6.96,5,6,False,,0,False
R004715,P0158,49.6,7379,15.3,211.2,5.96,6.69,6,7,False,,0,False
R004716,P0158,10.5,1262,10.5,153.8,10.08,1.16,5,5,False,,0,True
R004717,P0158,41.5,4559,10.3,259.5,5.05,2.65,4,6,False,,0,False
R004718,P0158,32.3,2654,7.5,221.2,5.24,7.68,5,5,False,,0,False
R004719,P0158,6.1,0,10.8,212.0,5.86,8.37,5,5,False,,0,False
R004720,P0158,21.7,1196,4.4,94.1,5.15,7.52,7,5,False,,0,False
R004721,P0158,29.8,1159,0.3,230.3,5.63,8.14,6,6,False,,0,False
R004722,P0158,17.7,1002,2.8,163.5,3.69,5.04,5,8,False,,0,False
R004723,P0158,0.0,0,9.9,197.3,5.57,1.9,5,5,False,,0,False
R004724,P0158,43.0,5437,8.6,238.6,3.93,2.42,6,6,False,,0,False
R004725,P0158,51.2,5870,12.0,146.2,3.23,9.26,4,3,False,,0,False
R004726,P0158,39.0,3190,20.7,62.6,5.83,7.73,4,5,False,,0,False
R004727,P0158,0.0,598,0.8,231.0,3.56,5.93,7,9,False,,0,False
R004728,P0158,8.9,0,1.5,131.2,5.23,6.47,6,7,True,16:32,51,True
R004729,P0158,12.1,1907,6.3,188.2,3.49,6.54,5,4,False,,0,False
R004730,P0158,27.8,2704,0.0,107.1,4.6,2.23,4,5,False,,0,True
R004731,P0158,43.5,6741,16.6,190.8,3.64,1.16,4,2,False,,0,False
R004732,P0158,34.9,3919,16.0,144.3,3.44,4.42,4,4,False,,0,False
R004733,P0158,17.0,3283,14.2,341.5,3.95,5.3,4,6,False,,0,True
R004734,P0158,30.0,3293,0.0,264.8,3.68,8.35,7,5,False,,0,False
R004735,P0158,0.0,183,0.0,239.8,4.82,5.87,5,3,True,15:25,47,False
R004736,P0158,18.9,2010,8.1,263.6,5.7,6.15,5,6,False,,0,False
R004737,P0158,5.1,891,6.0,171.4,5.23,2.91,7,5,False,,0,True
R004738,P0158,0.0,0,0.0,158.5,3.61,2.22,2,5,False,,0,False
R004739,P0158,29.0,3619,8.6,146.0,4.36,7.72,4,4,False,,0,False
R004740,P0158,45.8,5970,18.5,218.4,4.93,6.12,3,3,False,,0,False
R004741,P0159,17.3,1930,9.5,204.2,4.82,9.45,5,6,True,17:34,47,False
R004742,P0159,22.8,1788,7.0,218.6,6.95,9.71,5,4,False,,0,False
R004743,P0159,0.9,707,0.0,172.9,5.06,9.37,5,8,False,,0,False
R004744,P0159,1.1,390,0.0,171.2,3.2,10.16,5,5,False,,0,False
R004745,P0159,12.8,2307,10.9,232.3,3.32,9.5,4,5,False,,0,False
R004746,P0159,10.9,526,0.0,208.2,3.9,6.22,7,5,False,,0,False
R004747,P0159,5.9,1078,1.7,226.6,2.64,3.63,5,4,False,,0,False
R004748,P0159,6.7,0,0.0,252.7,4.5,12.53,4,4,False,,0,False
R004749,P0159,36.4,5302,13.4,159.9,5.1,8.67,4,3,False,,0,False
R004750,P0159,0.0,1173,6.8,191.7,2.5,9.66,7,2,False,,0,False
R004751,P0159,3.2,0,0.0,238.2,3.63,9.97,7,6,False,,0,True
R004752,P0159,22.0,2819,8.5,217.2,3.31,9.48,3,3,False,,0,False
R004753,P0159,0.0,423,0.7,190.0,4.51,2.36,6,4,False,,0,False
R004754,P0159,12.1,1269,10.9,149.2,3.99,3.51,4,2,False,,0,False
R004755,P0159,0.0,469,0.0,223.2,3.44,10.2,3,1,False,,0,False
R004756,P0159,14.2,675,3.7,137.8,2.68,12.3,5,5,False,,0,False
R004757,P0159,10.6,1296,8.1,240.5,6.04,10.09,5,4,False,,0,True
R004758,P0159,47.2,5140,1.1,230.7,4.77,8.83,6,6,False,,0,False
R004759,P0159,6.7,1286,3.7,145.4,4.94,8.24,5,7,False,,0,False
R004760,P0159,0.0,0,3.8,193.1,3.11,1.8,5,5,False,,0,False
R004761,P0159,28.6,2360,14.4,172.3,4.34,3.05,5,4,False,,0,False
R004762,P0159,3.1,0,0.0,181.4,4.26,9.64,4,5,False,,0,False
R004763,P0159,31.4,3519,7.6,154.4,5.93,9.9,5,5,False,,0,False
R004764,P0159,11.4,945,2.0,130.3,6.14,10.62,6,6,False,,0,False
R004765,P0159,26.7,2701,7.0,206.7,5.64,9.55,5,4,False,,0,False
R004766,P0159,22.8,1809,10.6,149.1,5.68,9.16,5,4,True,17:38,66,False
R004767,P0159,29.5,2868,4.4,224.1,4.53,4.07,3,5,False,,0,False
R004768,P0159,18.9,1378,5.5,249.9,5.87,2.85,4,4,False,,0,False
R004769,P0159,31.7,3961,0.5,73.1,3.81,8.32,6,7,True,14:58,10,False
R004770,P0159,1.7,1057,0.0,247.6,4.2,8.82,7,5,False,,0,False
R004771,P0160,85.5,10664,16.1,440.9,3.46,8.52,6,2,False,,0,True
R004772,P0160,74.8,8593,15.5,163.3,2.66,7.61,4,5,False,,0,False
R004773,P0160,66.8,7270,18.3,113.4,1.32,7.02,9,5,False,,0,False
R004774,P0160,78.2,6778,31.7,206.8,2.52,8.24,6,6,False,,0,False
R004775,P0160,50.9,5567,1.8,242.4,1.82,8.14,8,7,False,,0,False
R004776,P0160,49.3,5447,22.3,121.0,3.48,1.98,7,5,False,,0,False
R004777,P0160,83.8,10412,22.8,248.3,3.57,4.35,5,3,False,,0,False
R004778,P0160,41.3,4135,13.4,219.2,1.44,7.77,7,5,False,,0,False
R004779,P0160,58.7,4325,4.1,164.2,3.52,8.24,6,4,True,15:08,12,False
R004780,P0160,48.1,5809,2.9,179.0,3.32,6.69,6,3,False,,0,False
R004781,P0160,65.1,7341,16.1,146.4,1.52,8.5,5,5,True,16:24,66,False
R004782,P0160,46.6,4890,13.6,234.9,3.08,7.56,7,5,False,,0,False
R004783,P0160,67.8,8330,22.8,157.2,2.01,3.21,5,5,False,,0,False
R004784,P0160,52.2,5389,0.0,198.7,3.07,1.98,7,5,False,,0,False
R004785,P0160,88.4,11137,20.6,187.3,1.51,9.74,6,5,True,16:51,46,False
R004786,P0160,31.5,4783,5.6,180.6,4.17,7.86,7,4,False,,0,False
R004787,P0160,60.9,4946,13.9,230.4,3.15,8.21,6,4,False,,0,False
R004788,P0160,60.1,7601,17.8,253.5,2.59,6.21,8,5,False,,0,False
R004789,P0160,70.3,7460,24.3,118.6,2.96,7.44,6,7,False,,0,False
R004790,P0160,61.7,7658,13.7,155.2,3.09,0.89,7,5,False,,0,False
R004791,P0160,30.4,4019,1.7,286.5,3.36,5.13,6,5,False,,0,False
R004792,P0160,63.4,7233,16.4,177.3,2.62,9.17,7,5,False,,0,False
R004793,P0160,55.5,6165,31.7,188.7,1.53,6.5,6,2,False,,0,False
R004794,P0160,59.2,5907,14.8,166.6,2.85,6.59,8,6,False,,0,False
R004795,P0160,58.4,7894,14.2,111.5,2.77,8.38,8,6,False,,0,False
R004796,P0160,91.4,11531,8.5,181.6,3.19,7.92,6,5,True,13:01,24,False
R004797,P0160,29.7,4677,9.8,125.5,2.0,3.19,5,4,True,13:43,74,True
R004798,P0160,59.5,5958,28.0,183.2,3.53,2.15,5,4,True,14:52,28,False
R004799,P0160,59.6,7373,27.6,188.2,4.0,6.82,7,6,False,,0,False
R004800,P0160,73.7,8755,12.3,119.2,1.67,7.86,7,5,False,,0,False
R004801,P0161,23.8,3262,2.3,145.0,6.94,9.27,4,4,False,,0,True
R004802,P0161,46.3,4709,9.4,203.0,8.61,9.38,6,7,False,,0,False
R004803,P0161,40.1,4594,9.9,238.4,9.73,9.05,5,4,False,,0,False
R004804,P0161,92.5,8942,15.6,174.6,8.94,7.89,6,7,False,,0,False
R004805,P0161,37.3,4444,6.0,221.9,7.19,9.25,5,7,False,,0,False
R004806,P0161,38.5,3766,11.6,179.9,6.96,1.71,4,3,False,,0,False
R004807,P0161,32.9,3408,10.3,212.5,11.15,5.07,3,5,False,,0,False
R004808,P0161,33.3,4882,20.1,137.0,9.06,7.84,5,6,False,,0,False
R004809,P0161,38.5,2434,11.6,124.0,8.26,7.99,4,4,False,,0,False
R004810,P0161,45.4,4577,24.2,151.7,6.21,5.44,6,3,False,,0,False
R004811,P0161,20.6,2438,0.1,188.9,7.62,7.62,4,3,False,,0,True
R004812,P0161,51.3,5463,15.4,151.2,7.98,7.86,4,2,False,,0,False
R004813,P0161,50.9,5815,13.4,148.6,7.85,4.02,3,6,False,,0,False
R004814,P0161,53.4,5634,12.0,139.8,8.37,2.33,5,4,False,,0,False
R004815,P0161,23.1,2741,0.0,102.0,9.22,9.06,4,2,False,,0,False
R004816,P0161,57.2,5432,16.3,148.9,8.32,8.38,3,5,False,,0,False
R004817,P0161,71.6,8167,28.3,139.8,7.41,8.32,6,6,False,,0,False
R004818,P0161,43.5,5774,8.0,210.6,6.61,7.19,3,4,False,,0,False
R004819,P0161,45.2,4807,14.6,132.8,8.42,6.88,4,4,True,15:01,55,False
R004820,P0161,37.4,4836,17.5,34.9,6.62,1.59,4,6,False,,0,False
R004821,P0161,30.9,2809,16.4,113.0,10.83,3.62,5,4,False,,0,False
R004822,P0161,38.3,3157,10.6,182.7,6.84,9.41,4,4,False,,0,False
R004823,P0161,41.9,4767,18.2,131.0,7.82,10.93,5,1,False,,0,False
R004824,P0161,41.9,3739,15.1,131.3,7.38,9.08,6,5,False,,0,False
R004825,P0161,27.3,2783,5.8,109.2,7.88,8.38,5,2,False,,0,False
R004826,P0161,24.3,3923,2.2,155.9,7.67,8.88,4,4,True,16:30,41,False
R004827,P0161,54.0,5068,20.4,139.5,7.09,2.29,6,5,False,,0,False
R004828,P0161,68.5,6652,5.3,176.0,6.94,4.02,7,4,False,,0,True
R004829,P0161,27.1,2306,7.8,146.7,7.41,7.45,5,5,False,,0,False
R004830,P0161,30.3,2493,12.6,198.6,7.79,8.76,5,5,False,,0,False
R004831,P0162,34.1,2481,9.7,155.2,5.25,8.38,2,4,False,,0,False
R004832,P0162,26.9,4701,8.0,143.5,2.99,6.0,2,6,False,,0,False
R004833,P0162,112.7,11727,36.0,212.0,4.72,8.04,4,5,False,,0,False
R004834,P0162,42.1,4726,17.8,264.2,2.9,8.42,4,4,False,,0,False
R004835,P0162,28.3,2393,7.3,156.1,4.91,8.85,3,4,True,13:31,93,False
R004836,P0162,56.6,6660,4.6,157.3,3.75,4.3,4,7,False,,0,False
R004837,P0162,54.5,6737,13.9,143.1,2.11,4.7,1,4,False,,0,False
R004838,P0162,56.6,6165,19.6,125.8,4.89,7.38,6,5,True,14:56,98,False
R004839,P0162,73.6,8190,12.2,232.3,5.87,7.6,3,2,False,,0,False
R004840,P0162,39.6,4072,9.5,168.2,4.23,9.27,4,6,False,,0,False
R004841,P0162,73.5,8281,24.3,115.7,5.41,9.51,3,3,False,,0,False
R004842,P0162,31.8,4396,13.8,117.3,6.68,6.59,5,4,False,,0,True
R004843,P0162,29.3,3643,6.9,209.2,6.31,0.0,2,4,False,,0,False
R004844,P0162,14.7,1891,0.8,183.0,2.39,3.2,3,8,False,,0,False
R004845,P0162,26.7,3979,2.8,149.2,5.51,7.03,4,6,False,,0,False
R004846,P0162,7.2,812,4.3,132.1,4.09,8.92,3,4,False,,0,False
R004847,P0162,49.1,5093,19.5,97.2,4.11,8.1,3,2,False,,0,False
R004848,P0162,27.6,3044,5.9,180.2,4.32,8.35,3,3,False,,0,False
R004849,P0162,57.4,6479,25.1,380.0,3.96,9.89,3,4,False,,0,True
R004850,P0162,92.5,10110,18.3,131.6,3.37,4.54,4,5,False,,0,False
R004851,P0162,55.8,5536,7.8,118.0,4.83,3.43,3,5,False,,0,False
R004852,P0162,71.3,7662,21.9,99.4,4.2,7.62,4,4,False,,0,False
R004853,P0162,0.0,10,0.0,165.8,2.06,7.73,2,5,False,,0,False
R004854,P0162,43.5,3282,15.7,151.1,3.18,7.53,4,3,False,,0,False
R004855,P0162,48.5,6002,26.7,171.5,4.48,7.59,3,5,False,,0,False
R004856,P0162,59.8,6133,28.1,120.1,2.53,9.12,2,4,True,14:28,58,False
R004857,P0162,20.4,3527,11.9,137.1,5.87,2.73,4,3,False,,0,False
R004858,P0162,11.8,1172,1.5,172.7,4.03,4.05,3,3,False,,0,True
R004859,P0162,36.0,5317,8.7,158.6,2.86,8.76,5,5,False,,0,False
R004860,P0162,9.9,2458,9.4,171.9,4.5,6.9,3,2,False,,0,True
R004861,P0163,105.7,12027,27.1,126.1,9.58,7.57,4,4,False,,0,True
R004862,P0163,93.4,9925,31.8,70.9,8.31,6.33,6,4,False,,0,False
R004863,P0163,38.5,4117,7.3,136.2,8.95,4.09,4,4,False,,0,True
R004864,P0163,116.7,14536,59.4,111.3,9.02,4.49,10,7,True,14:33,37,True
R004865,P0163,88.3,10753,24.4,126.3,9.28,6.77,3,4,False,,0,False
R004866,P0163,74.7,6875,19.9,101.0,9.51,1.21,6,6,False,,0,False
R004867,P0163,73.3,7400,29.9,145.5,10.81,0.63,5,6,True,15:20,83,False
R004868,P0163,125.3,13542,14.0,186.4,8.57,8.39,4,6,False,,0,False
R004869,P0163,133.4,13902,46.4,125.5,8.75,5.34,4,2,False,,0,False
R004870,P0163,114.2,14991,12.9,139.6,8.49,6.12,4,3,True,13:10,21,False
R004871,P0163,82.9,10410,33.6,200.8,10.01,6.06,10,9,True,14:26,48,True
R004872,P0163,77.4,6497,33.0,138.2,7.91,6.99,6,5,False,,0,False
R004873,P0163,77.6,7814,32.7,161.1,7.96,2.36,7,4,False,,0,True
R004874,P0163,73.8,7269,18.2,12.1,9.18,2.03,7,4,False,,0,False
R004875,P0163,118.7,14205,34.0,176.6,7.25,4.59,5,4,False,,0,False
R004876,P0163,18.4,2307,15.9,86.2,6.28,5.95,4,6,False,,0,True
R004877,P0163,87.2,7614,20.9,0.3,9.83,4.27,2,3,False,,0,False
R004878,P0163,130.8,16250,43.6,104.5,7.62,5.49,4,3,True,16:59,10,False
R004879,P0163,96.1,11566,19.7,94.8,8.76,5.91,2,6,False,,0,False
R004880,P0163,94.1,12179,31.2,131.7,8.64,1.62,4,4,False,,0,True
R004881,P0163,96.6,10757,42.8,164.0,8.52,1.38,5,6,False,,0,False
R004882,P0163,92.3,12105,24.8,119.7,9.72,7.45,5,3,False,,0,False
R004883,P0163,139.3,13373,31.1,115.5,14.1,7.26,4,3,True,16:40,23,True
R004884,P0163,116.7,15007,50.3,19.0,11.23,6.52,3,4,True,16:45,44,False
R004885,P0163,91.2,11277,43.5,172.1,8.27,6.21,5,7,False,,0,False
R004886,P0163,109.1,9752,42.5,187.6,7.97,4.47,4,5,False,,0,False
R004887,P0163,101.3,12103,34.2,192.0,8.87,2.27,4,5,False,,0,False
R004888,P0163,109.3,11509,43.7,177.2,6.53,1.11,3,4,True,17:29,11,True
R004889,P0163,95.9,11123,35.3,137.0,9.06,4.9,3,3,False,,0,False
R004890,P0163,127.8,16506,26.8,206.0,9.58,3.97,3,6,True,16:07,30,False
R004891,P0164,60.4,7655,16.1,117.5,7.36,7.89,8,5,False,,0,True
R004892,P0164,53.7,6586,16.0,64.5,6.93,9.6,8,4,False,,0,False
R004893,P0164,95.4,11229,21.3,131.9,7.43,9.2,10,6,False,,0,True
R004894,P0164,59.0,6087,15.3,148.9,14.89,8.76,8,7,False,,0,True
R004895,P0164,61.0,6403,15.4,91.8,5.98,10.94,10,8,False,,0,False
R004896,P0164,62.9,6546,18.0,85.5,6.92,3.62,9,6,False,,0,True
R004897,P0164,54.0,5321,11.4,112.9,4.8,1.44,10,7,True,14:59,114,False
R004898,P0164,60.3,4930,15.1,207.6,6.67,9.28,9,7,True,13:37,80,True
R004899,P0164,17.2,1714,13.7,91.3,6.24,9.19,9,4,False,,0,False
R004900,P0164,56.3,7203,12.1,176.0,7.38,8.3,7,3,False,,0,False
R004901,P0164,71.6,7990,33.3,138.9,8.12,9.59,9,4,False,,0,False
R004902,P0164,73.0,9204,6.8,126.3,7.63,9.78,9,6,False,,0,False
R004903,P0164,78.9,9363,13.7,196.1,7.85,2.74,10,6,True,14:08,55,True
R004904,P0164,65.6,8665,11.6,87.8,5.95,3.23,9,5,True,13:15,10,False
R004905,P0164,56.4,5654,25.2,81.0,9.4,8.1,7,5,False,,0,False
R004906,P0164,79.9,8449,27.1,153.8,7.66,8.0,8,6,True,17:22,50,False
R004907,P0164,61.3,5738,0.3,63.6,7.25,9.46,9,7,False,,0,False
R004908,P0164,59.4,7565,15.9,159.9,7.68,7.34,7,5,False,,0,False
R004909,P0164,25.9,3623,10.7,125.3,6.31,7.82,9,8,False,,0,False
R004910,P0164,60.4,6568,29.6,102.4,7.59,2.44,7,4,True,13:37,42,False
R004911,P0164,50.2,6027,18.9,107.5,6.73,3.91,6,6,False,,0,False
R004912,P0164,83.2,9586,39.0,61.7,7.16,8.76,7,5,False,,0,False
R004913,P0164,56.6,7368,9.8,162.2,7.66,9.53,9,7,False,,0,False
R004914,P0164,56.1,5782,16.7,108.8,7.99,8.7,9,4,False,,0,False
R004915,P0164,81.2,11013,22.9,242.3,6.38,8.6,9,7,False,,0,False
R004916,P0164,72.2,8904,23.0,95.2,8.67,8.95,7,5,False,,0,False
R004917,P0164,72.1,8086,29.1,200.4,7.92,3.69,10,6,True,17:48,36,False
R004918,P0164,65.0,7586,18.3,69.1,9.0,5.13,9,7,False,,0,True
R004919,P0164,114.8,13623,23.0,263.8,6.56,8.94,6,5,True,13:52,77,True
R004920,P0164,63.7,5863,27.8,169.9,7.37,8.52,8,6,False,,0,False
R004921,P0165,23.3,2462,6.0,242.4,8.34,7.6,4,4,True,17:51,29,False
R004922,P0165,26.2,2143,2.5,199.2,7.48,6.9,6,4,True,17:55,15,False
R004923,P0165,27.3,4151,3.5,250.1,5.88,7.92,4,5,True,14:32,73,False
R004924,P0165,8.9,1299,7.3,253.9,4.4,5.96,4,3,False,,0,True
R004925,P0165,5.5,972,9.2,140.2,6.5,5.84,3,4,False,,0,False
R004926,P0165,37.6,3630,13.2,292.7,4.95,1.72,5,6,False,,0,False
R004927,P0165,49.4,5411,20.2,242.5,6.42,1.41,4,4,False,,0,True
R004928,P0165,44.9,3884,20.5,246.8,5.66,5.65,3,5,False,,0,False
R004929,P0165,61.4,5600,27.8,237.1,6.54,5.88,4,2,False,,0,False
R004930,P0165,49.8,4596,21.0,220.1,6.33,7.38,3,4,True,13:38,32,False
R004931,P0165,51.3,3659,19.0,205.5,7.55,5.48,5,3,False,,0,True
R004932,P0165,35.9,3699,15.8,258.9,3.46,4.57,4,3,False,,0,False
R004933,P0165,46.3,4016,5.2,202.2,5.89,3.39,2,6,False,,0,False
R004934,P0165,24.5,2675,0.0,278.3,6.34,3.86,5,6,False,,0,False
R004935,P0165,43.5,4506,11.4,132.9,5.87,5.34,4,3,False,,0,False
R004936,P0165,18.0,1532,0.0,267.4,4.8,5.07,4,6,False,,0,False
R004937,P0165,25.1,2014,0.4,198.6,4.39,4.71,5,4,False,,0,False
R004938,P0165,44.8,3888,17.0,237.0,6.43,9.14,6,4,False,,0,False
R004939,P0165,19.8,2295,1.1,198.4,4.74,6.06,5,6,False,,0,False
R004940,P0165,28.8,4082,1.5,245.4,6.72,2.38,4,9,False,,0,False
R004941,P0165,74.2,7283,20.3,268.5,6.21,3.05,4,6,False,,0,False
R004942,P0165,13.9,0,4.7,238.3,4.42,5.69,4,6,False,,0,False
R004943,P0165,54.5,5997,14.7,260.4,6.38,5.19,5,4,True,17:43,29,False
R004944,P0165,16.5,1060,1.6,239.8,4.72,6.79,4,3,False,,0,False
R004945,P0165,17.0,2943,9.0,368.1,5.61,5.67,6,4,False,,0,True
R004946,P0165,40.5,4560,8.3,240.6,5.07,6.52,4,4,True,14:50,36,False
R004947,P0165,71.3,7791,32.2,223.8,11.42,2.58,4,5,False,,0,True
R004948,P0165,27.0,3037,1.1,212.2,8.03,3.08,5,6,False,,0,True
R004949,P0165,39.9,3117,9.8,191.4,6.52,5.63,4,5,False,,0,False
R004950,P0165,50.6,5865,18.4,284.1,5.94,5.71,4,3,False,,0,False
R004951,P0166,65.0,7773,26.8,205.4,5.35,7.29,6,5,False,,0,False
R004952,P0166,67.7,8799,5.4,169.3,6.99,7.21,7,5,False,,0,False
R004953,P0166,81.7,10058,13.1,226.9,5.75,5.99,7,6,False,,0,False
R004954,P0166,77.6,5779,12.1,181.6,6.11,7.5,5,4,False,,0,False
R004955,P0166,29.2,3070,9.4,131.5,4.52,8.1,5,3,True,17:10,38,True
R004956,P0166,59.6,7295,0.2,382.6,4.29,3.1,8,5,True,17:05,31,True
R004957,P0166,99.5,9120,41.4,245.8,7.31,1.16,5,6,False,,0,False
R004958,P0166,79.3,11213,32.6,210.3,4.27,5.62,6,6,True,15:22,10,False
R004959,P0166,80.8,10492,35.4,84.2,4.43,7.32,6,5,False,,0,False
R004960,P0166,62.1,8933,35.2,200.1,5.91,9.03,5,6,True,14:09,25,False
R004961,P0166,94.5,12145,24.2,212.8,4.66,7.95,5,5,False,,0,False
R004962,P0166,112.5,13036,31.5,181.0,6.51,7.1,7,6,False,,0,False
R004963,P0166,75.6,10884,18.5,107.6,4.31,1.54,7,7,False,,0,False
R004964,P0166,97.1,13350,26.9,151.4,5.66,0.65,6,4,False,,0,False
R004965,P0166,62.7,6603,18.2,238.8,5.27,6.16,8,4,False,,0,False
R004966,P0166,52.5,6547,14.1,129.9,6.7,7.55,5,5,False,,0,False
R004967,P0166,58.2,4861,21.8,268.4,5.81,8.59,4,3,False,,0,False
R004968,P0166,77.4,7195,32.4,203.7,6.05,6.28,8,6,False,,0,False
R004969,P0166,65.2,5882,25.7,117.8,5.94,7.47,7,5,True,15:58,82,False
R004970,P0166,71.8,7431,17.5,202.9,3.44,2.71,5,4,False,,0,False
R004971,P0166,68.3,5610,31.9,284.9,4.21,1.26,6,4,False,,0,False
R004972,P0166,56.4,6983,11.1,218.4,3.45,5.9,6,4,False,,0,False
R004973,P0166,82.1,7804,33.3,140.8,4.11,8.18,7,6,False,,0,False
R004974,P0166,70.4,6856,24.1,190.5,4.4,6.8,6,6,False,,0,False
R004975,P0166,74.6,7379,17.3,119.6,4.48,6.72,7,5,False,,0,False
R004976,P0166,76.9,9018,23.9,198.4,5.68,8.31,4,5,False,,0,False
R004977,P0166,65.0,6681,19.6,257.8,3.63,2.64,5,4,False,,0,False
R004978,P0166,74.7,6232,43.7,209.2,3.7,4.1,5,4,False,,0,False
R004979,P0166,65.9,9701,23.2,125.8,6.19,6.13,4,4,False,,0,False
R004980,P0166,49.4,7737,10.8,250.8,4.59,7.86,6,5,False,,0,False
R004981,P0167,28.1,2681,9.0,102.3,5.95,6.74,4,5,False,,0,False
R004982,P0167,43.2,5059,6.3,163.6,3.98,7.71,2,4,False,,0,False
R004983,P0167,54.6,5526,32.4,121.9,4.86,7.49,2,4,False,,0,False
R004984,P0167,3.2,1179,0.0,147.4,3.78,6.76,3,3,True,13:21,35,False
R004985,P0167,8.5,1517,6.6,118.9,4.03,8.13,5,4,False,,0,False
R004986,P0167,9.4,1304,4.2,156.3,5.92,0.4,3,6,False,,0,False
R004987,P0167,33.4,4665,16.6,212.5,4.01,4.4,3,4,False,,0,False
R004988,P0167,23.0,1622,11.4,101.5,7.1,7.42,3,4,True,16:19,10,True
R004989,P0167,0.0,0,2.1,144.8,4.99,6.98,6,4,False,,0,False
R004990,P0167,20.2,1119,10.2,144.0,5.05,7.49,2,2,False,,0,False
R004991,P0167,13.5,846,0.0,107.4,4.82,6.56,5,7,False,,0,False
R004992,P0167,41.6,4189,16.5,198.5,3.63,6.87,4,2,False,,0,False
R004993,P0167,20.7,1859,5.8,131.0,3.67,3.69,3,2,False,,0,False
R004994,P0167,25.2,1630,19.4,79.6,3.98,2.74,4,5,False,,0,False
R004995,P0167,57.8,6638,12.8,136.4,3.73,7.2,6,5,False,,0,False
R004996,P0167,18.5,799,17.7,184.2,3.8,6.53,3,4,False,,0,False
R004997,P0167,52.2,5597,27.1,150.0,4.55,6.58,3,3,False,,0,True
R004998,P0167,6.3,925,8.6,140.0,3.28,7.51,5,6,False,,0,False
R004999,P0167,23.4,3419,7.8,235.6,4.27,6.72,3,4,False,,0,True
R005000,P0167,20.3,1178,0.0,124.5,4.93,0.92,6,7,True,15:32,77,False
R005001,P0167,30.9,3806,15.9,100.9,5.33,2.86,4,5,False,,0,False
R005002,P0167,0.0,246,5.4,126.4,4.34,5.54,4,4,False,,0,False
R005003,P0167,23.2,3366,14.3,135.1,4.61,6.3,4,3,False,,0,False
R005004,P0167,0.0,0,4.8,193.1,3.47,6.89,4,6,False,,0,False
R005005,P0167,37.2,3492,8.1,165.3,5.06,6.03,4,3,False,,0,False
R005006,P0167,34.8,3835,11.6,185.7,4.6,6.25,4,4,False,,0,False
R005007,P0167,5.4,0,0.0,70.2,3.85,3.34,6,1,True,14:18,64,False
R005008,P0167,31.7,4023,11.1,108.4,6.99,2.73,5,5,False,,0,False
R005009,P0167,16.0,962,4.3,96.0,4.25,7.65,4,4,False,,0,False
R005010,P0167,2.6,0,0.0,142.8,3.83,6.21,5,5,False,,0,False
R005011,P0168,21.8,1954,6.3,194.5,6.79,7.97,7,6,False,,0,False
R005012,P0168,37.0,3691,14.8,182.9,7.3,8.54,6,4,False,,0,False
R005013,P0168,38.7,5671,5.5,212.7,5.6,5.35,6,4,False,,0,False
R005014,P0168,30.9,4092,25.1,206.8,6.89,7.29,7,6,False,,0,False
R005015,P0168,38.1,4636,8.4,263.9,5.35,8.28,5,6,False,,0,False
R005016,P0168,61.6,7065,4.1,194.5,6.89,2.74,5,3,False,,0,False
R005017,P0168,31.1,3897,14.2,207.2,9.58,2.04,6,5,False,,0,False
R005018,P0168,71.0,6981,33.7,235.4,6.19,7.38,6,5,False,,0,False
R005019,P0168,38.0,4163,16.8,200.0,6.72,8.19,3,6,False,,0,False
R005020,P0168,64.4,6379,30.8,286.0,7.79,7.52,6,8,True,14:28,51,True
R005021,P0168,71.1,5519,24.0,185.8,7.07,7.55,5,3,False,,0,False
R005022,P0168,71.8,9037,21.6,160.8,9.96,8.37,5,4,False,,0,False
R005023,P0168,54.9,4961,28.9,283.3,5.58,1.93,4,4,True,16:23,48,False
R005024,P0168,61.6,7209,28.4,432.9,9.1,5.04,4,4,False,,0,True
R005025,P0168,20.6,1960,0.4,236.0,8.58,6.82,5,4,False,,0,False
R005026,P0168,46.6,4416,19.8,271.3,8.65,8.02,3,5,False,,0,False
R005027,P0168,34.8,3652,13.8,230.2,8.18,7.03,5,6,False,,0,False
R005028,P0168,13.3,2291,8.7,191.8,6.95,8.03,8,6,False,,0,True
R005029,P0168,18.1,2021,2.8,172.9,6.26,8.39,4,7,False,,0,False
R005030,P0168,83.3,8882,37.6,211.6,8.55,4.13,4,3,False,,0,False
R005031,P0168,60.7,8434,15.1,232.0,8.33,2.89,5,3,False,,0,True
R005032,P0168,53.9,6487,9.1,227.0,7.88,8.82,4,5,False,,0,False
R005033,P0168,34.0,3693,10.9,193.7,8.42,6.98,4,4,True,13:37,61,True
R005034,P0168,45.3,5501,26.9,235.2,6.97,7.33,5,6,False,,0,False
R005035,P0168,20.8,1652,1.4,180.2,6.18,7.67,4,7,False,,0,False
R005036,P0168,51.5,5556,19.1,215.3,8.75,9.48,2,5,False,,0,False
R005037,P0168,20.3,1872,3.3,316.3,5.98,1.66,6,5,False,,0,False
R005038,P0168,13.0,3530,0.0,193.9,5.12,3.03,4,5,False,,0,True
R005039,P0168,63.4,5368,24.6,274.5,7.59,6.24,5,5,False,,0,False
R005040,P0168,31.9,4021,0.9,268.1,9.21,6.98,3,3,False,,0,False
R005041,P0169,85.1,7521,44.7,87.3,7.76,6.84,7,5,True,17:31,34,False
R005042,P0169,58.2,7714,24.0,76.6,5.85,6.89,8,5,False,,0,True
R005043,P0169,74.3,7556,34.1,81.2,8.05,7.07,7,3,False,,0,False
R005044,P0169,39.0,5048,16.0,105.3,8.16,5.71,7,7,True,14:51,85,False
R005045,P0169,67.7,9309,0.2,154.7,5.63,6.62,7,5,False,,0,False
R005046,P0169,55.2,4007,11.1,106.7,5.02,3.43,7,5,False,,0,False
R005047,P0169,89.5,10709,18.2,94.6,6.5,3.82,7,6,False,,0,False
R005048,P0169,52.4,6075,20.1,122.3,6.19,7.67,6,7,True,16:45,59,False
R005049,P0169,68.3,7689,9.4,145.0,6.96,6.81,7,8,False,,0,False
R005050,P0169,46.8,4939,14.8,58.9,7.37,7.25,6,3,True,14:35,36,False
R005051,P0169,74.8,9324,10.8,162.4,6.9,7.23,9,7,False,,0,False
R005052,P0169,41.4,4627,7.6,54.0,6.31,6.79,7,5,False,,0,False
R005053,P0169,70.9,5764,8.0,112.3,7.44,3.37,3,7,False,,0,False
R005054,P0169,47.3,5884,22.7,56.5,5.81,2.22,10,6,False,,0,True
R005055,P0169,77.2,8933,28.2,136.5,6.94,7.59,6,7,True,15:34,33,False
R005056,P0169,67.0,6532,28.0,102.5,6.6,7.83,6,5,False,,0,False
R005057,P0169,54.9,6398,10.9,95.4,8.85,7.23,7,5,False,,0,False
R005058,P0169,56.3,5860,19.2,149.3,7.87,6.68,8,4,False,,0,False
R005059,P0169,111.5,14721,37.8,104.5,6.83,9.39,8,6,False,,0,False
R005060,P0169,106.8,10486,24.4,4.5,7.88,2.28,7,3,False,,0,False
R005061,P0169,46.5,5635,5.3,145.8,5.44,2.44,6,5,True,15:49,46,False
R005062,P0169,70.4,9236,19.0,76.4,3.02,8.94,8,5,False,,0,False
R005063,P0169,45.7,5983,14.8,66.7,5.15,7.76,7,5,True,13:42,66,False
R005064,P0169,91.1,11394,34.1,94.9,6.24,6.35,4,5,True,13:35,10,False
R005065,P0169,69.4,9489,21.0,83.8,5.27,5.64,6,5,False,,0,False
R005066,P0169,67.0,8943,19.2,105.7,7.58,6.64,6,5,False,,0,False
R005067,P0169,87.0,9549,22.7,127.6,6.07,2.38,5,6,False,,0,False
R005068,P0169,81.4,9395,16.6,78.4,7.2,3.77,7,6,False,,0,False
R005069,P0169,69.4,8474,12.4,24.2,7.14,6.51,7,3,False,,0,False
R005070,P0169,27.1,4142,9.9,129.8,7.46,6.98,10,8,False,,0,False
R005071,P0170,18.3,1608,7.0,0.0,5.76,7.24,6,6,False,,0,False
R005072,P0170,2.6,11,0.0,0.0,4.39,6.18,6,6,False,,0,False
R005073,P0170,0.0,0,0.0,145.7,3.7,6.37,5,4,True,17:15,35,False
R005074,P0170,41.3,4062,10.4,44.3,4.97,7.58,6,5,False,,0,False
R005075,P0170,10.0,1219,0.0,54.8,6.43,8.15,6,3,False,,0,False
R005076,P0170,22.5,2876,4.4,136.8,5.29,3.35,5,6,False,,0,False
R005077,P0170,25.8,2018,17.9,164.1,8.03,2.14,6,5,False,,0,False
R005078,P0170,3.5,689,2.7,46.5,5.83,7.53,5,5,False,,0,True
R005079,P0170,8.2,4,13.1,91.4,5.25,7.43,5,4,False,,0,False
R005080,P0170,13.2,1968,0.0,103.7,6.96,5.56,6,4,False,,0,False
R005081,P0170,0.0,1331,0.0,36.4,7.24,7.02,4,3,False,,0,False
R005082,P0170,15.4,1756,3.4,63.6,6.85,8.03,6,4,True,15:02,17,False
R005083,P0170,24.7,3359,0.0,100.7,5.52,0.0,6,6,True,16:45,34,False
R005084,P0170,11.5,945,3.3,0.0,4.14,3.44,5,4,True,15:49,57,False
R005085,P0170,0.0,780,3.6,63.0,3.93,8.11,8,5,False,,0,True
R005086,P0170,13.7,0,0.0,58.2,5.4,7.02,3,3,False,,0,False
R005087,P0170,13.6,1521,4.3,78.0,5.15,6.79,5,4,False,,0,False
R005088,P0170,19.7,2467,5.6,40.3,4.86,7.78,6,6,False,,0,False
R005089,P0170,0.0,0,4.6,19.7,4.3,6.2,3,5,False,,0,False
R005090,P0170,28.9,3943,0.0,88.3,5.77,2.91,5,5,False,,0,False
R005091,P0170,9.9,968,0.0,141.9,3.67,1.73,7,7,True,16:56,15,False
R005092,P0170,8.8,1101,8.2,171.8,5.95,7.16,4,3,False,,0,False
R005093,P0170,7.1,784,0.4,120.9,4.14,8.82,6,3,True,14:10,88,True
R005094,P0170,15.4,2304,0.0,38.7,5.2,6.46,3,5,False,,0,False
R005095,P0170,47.7,4054,12.0,90.0,6.5,5.76,6,5,False,,0,False
R005096,P0170,0.0,0,0.0,87.4,10.04,7.72,6,5,True,14:50,21,True
R005097,P0170,7.3,895,0.0,19.1,5.58,1.4,5,3,False,,0,False
R005098,P0170,42.2,4879,18.4,59.4,2.42,2.51,8,5,False,,0,False
R005099,P0170,0.0,513,4.9,22.9,5.65,6.43,6,6,True,13:02,72,False
R005100,P0170,6.1,1519,0.0,28.7,5.3,6.48,4,6,False,,0,False
R005101,P0171,27.2,3479,3.4,170.6,5.44,9.51,4,2,True,14:36,43,False
R005102,P0171,29.4,3709,0.3,171.9,3.4,7.82,5,5,False,,0,False
R005103,P0171,47.7,6655,16.8,201.9,3.32,9.33,7,7,False,,0,False
R005104,P0171,75.0,10076,29.7,142.9,3.55,7.33,7,5,False,,0,False
R005105,P0171,34.4,3863,20.3,109.7,2.8,7.7,5,5,False,,0,False
R005106,P0171,72.0,8838,31.1,174.1,4.33,3.38,7,6,False,,0,False
R005107,P0171,40.3,3337,6.8,143.4,4.8,3.61,7,6,False,,0,False
R005108,P0171,46.8,5073,16.1,230.4,3.56,10.08,5,4,False,,0,False
R005109,P0171,34.0,3698,13.4,244.5,3.9,9.63,7,5,False,,0,False
R005110,P0171,48.9,5012,12.9,163.9,3.24,8.97,7,5,False,,0,False
R005111,P0171,57.7,5930,29.0,217.9,3.66,7.47,6,5,False,,0,False
R005112,P0171,45.7,3418,13.2,200.5,4.07,9.57,6,7,False,,0,False
R005113,P0171,38.1,6296,8.9,111.3,2.31,2.17,7,5,False,,0,False
R005114,P0171,36.4,5157,2.8,237.2,1.99,3.92,7,6,False,,0,True
R005115,P0171,44.0,6236,7.3,169.5,3.11,8.57,6,3,False,,0,False
R005116,P0171,7.6,362,4.9,235.6,2.1,9.36,4,3,True,14:04,24,False
R005117,P0171,37.3,2680,8.1,202.8,4.9,8.46,5,5,False,,0,False
R005118,P0171,41.4,4544,4.2,308.1,2.92,9.24,7,5,False,,0,False
R005119,P0171,56.8,4824,15.2,141.1,3.46,8.84,6,5,True,14:41,58,False
R005120,P0171,41.4,4853,19.8,130.2,2.77,4.98,7,6,False,,0,False
R005121,P0171,20.3,2646,13.6,105.2,3.6,1.31,6,3,False,,0,False
R005122,P0171,73.5,8650,34.7,109.4,2.54,7.76,5,3,False,,0,False
R005123,P0171,38.3,2924,6.2,257.1,3.57,8.4,3,3,False,,0,False
R005124,P0171,53.1,6941,20.0,189.9,7.25,10.24,8,6,False,,0,False
R005125,P0171,39.4,3961,15.4,157.3,4.16,6.31,6,4,False,,0,False
R005126,P0171,34.4,4962,8.8,229.3,3.41,7.73,5,5,False,,0,False
R005127,P0171,35.7,3502,7.6,159.6,3.59,4.99,5,5,False,,0,False
R005128,P0171,70.9,8992,23.9,119.8,2.87,2.49,5,5,True,15:02,70,False
R005129,P0171,50.8,6457,11.5,207.3,2.31,9.65,5,5,False,,0,False
R005130,P0171,17.4,917,6.5,238.8,2.91,8.98,5,7,False,,0,True
R005131,P0172,44.3,3561,11.8,366.1,7.16,7.94,6,5,False,,0,True
R005132,P0172,56.9,4552,15.8,134.9,8.02,4.53,7,5,True,15:04,10,False
R005133,P0172,65.8,7585,18.1,66.5,8.0,6.82,7,7,False,,0,False
R005134,P0172,45.3,4982,23.6,129.0,8.08,7.89,5,7,False,,0,False
R005135,P0172,17.2,907,0.0,162.7,7.72,7.26,6,6,True,15:27,49,False
R005136,P0172,27.4,3431,7.2,88.6,8.47,2.67,7,6,False,,0,False
R005137,P0172,26.5,3666,7.1,236.9,5.21,1.16,6,5,True,13:44,16,True
R005138,P0172,32.1,3327,1.8,250.9,8.66,6.93,6,6,True,15:21,50,False
R005139,P0172,27.1,2163,11.5,120.2,8.04,6.93,8,5,False,,0,True
R005140,P0172,29.3,3625,0.9,247.3,7.99,7.88,8,5,True,15:14,53,False
R005141,P0172,35.5,4585,11.6,171.9,7.0,8.08,4,5,True,16:44,65,False
R005142,P0172,0.0,0,2.8,214.1,7.24,6.51,7,7,True,13:45,20,False
R005143,P0172,60.6,6728,20.9,123.4,7.38,1.38,5,4,False,,0,False
R005144,P0172,41.1,4460,7.8,132.7,8.72,1.53,5,5,False,,0,False
R005145,P0172,58.0,5609,11.0,74.0,7.59,6.67,6,6,True,15:57,48,False
R005146,P0172,5.9,372,0.0,126.8,7.1,5.37,5,4,False,,0,False
R005147,P0172,63.7,8362,21.2,177.9,6.83,7.41,6,7,True,16:21,54,False
R005148,P0172,0.0,636,6.1,243.4,8.38,8.78,7,6,False,,0,False
R005149,P0172,55.4,6191,20.6,198.9,7.19,6.15,6,4,False,,0,False
R005150,P0172,39.0,3655,14.3,197.9,6.0,3.4,7,5,False,,0,False
R005151,P0172,42.8,6852,20.9,176.5,10.91,3.31,7,6,True,13:43,48,True
R005152,P0172,10.0,2170,0.0,177.1,7.03,7.68,8,5,False,,0,False
R005153,P0172,49.6,5658,20.2,182.1,6.7,5.87,6,4,True,16:55,61,False
R005154,P0172,30.3,3141,10.3,199.7,6.9,6.9,4,3,True,14:07,12,True
R005155,P0172,47.9,4861,1.9,238.1,7.82,9.38,6,5,False,,0,False
R005156,P0172,54.7,7160,11.6,185.1,7.14,8.12,6,7,True,17:53,42,False
R005157,P0172,47.4,4040,11.4,114.6,9.16,3.05,7,5,True,15:03,92,False
R005158,P0172,43.6,4154,12.3,237.3,6.65,2.32,6,4,False,,0,False
R005159,P0172,35.6,4329,13.7,157.0,8.79,7.47,8,6,False,,0,False
R005160,P0172,39.1,5425,9.7,163.3,8.37,6.72,4,3,True,15:42,82,True
R005161,P0173,42.9,4348,10.0,27.7,4.93,3.01,5,6,True,17:54,40,False
R005162,P0173,71.6,9286,25.7,107.1,5.74,4.86,7,5,True,15:55,33,False
R005163,P0173,53.8,5854,15.8,106.9,6.4,6.38,5,6,False,,0,False
R005164,P0173,48.7,4681,26.6,142.0,5.54,6.01,5,3,True,13:45,50,True
R005165,P0173,78.4,8550,15.8,175.7,6.02,3.47,6,6,True,14:05,38,False
R005166,P0173,85.1,8420,4.7,32.4,5.01,2.07,6,4,False,,0,False
R005167,P0173,61.1,6038,21.0,97.2,4.02,2.55,5,5,False,,0,False
R005168,P0173,48.0,3511,13.4,107.1,5.66,6.81,6,4,False,,0,False
R005169,P0173,77.4,6865,21.2,16.7,5.51,4.65,7,6,False,,0,False
R005170,P0173,76.5,10129,16.4,71.7,5.65,4.32,7,6,False,,0,False
R005171,P0173,64.6,8308,25.0,116.0,6.17,6.1,5,6,False,,0,False
R005172,P0173,90.0,10152,9.9,84.8,6.75,7.0,8,6,False,,0,False
R005173,P0173,47.8,6653,16.5,140.2,5.06,2.13,4,6,False,,0,False
R005174,P0173,80.3,8970,24.6,67.0,5.64,1.56,7,5,False,,0,False
R005175,P0173,65.6,6199,15.9,119.4,7.93,3.89,6,7,False,,0,False
R005176,P0173,35.2,4906,12.7,45.8,6.07,4.87,10,6,True,14:04,33,True
R005177,P0173,75.1,6266,18.6,92.4,5.01,4.26,6,6,True,14:26,49,True
R005178,P0173,49.2,6454,13.4,74.1,5.99,4.55,6,8,False,,0,False
R005179,P0173,98.6,13562,28.5,103.8,7.0,6.21,8,6,True,16:55,60,False
R005180,P0173,44.7,6976,17.2,22.0,6.86,3.49,7,2,True,14:48,28,False
R005181,P0173,53.2,5613,18.2,20.1,6.07,1.95,7,6,True,16:41,37,False
R005182,P0173,65.8,8863,22.6,129.5,4.03,4.73,4,3,True,14:03,71,False
R005183,P0173,52.5,5282,25.0,120.8,6.94,5.88,6,6,True,14:08,18,False
R005184,P0173,71.2,7849,35.3,72.6,5.45,5.74,3,5,False,,0,False
R005185,P0173,73.8,7310,22.8,79.0,6.17,5.59,6,4,True,15:04,63,False
R005186,P0173,33.8,3506,12.4,132.6,4.81,4.75,7,2,False,,0,False
R005187,P0173,64.7,7389,12.1,111.1,6.89,1.05,9,6,False,,0,True
R005188,P0173,61.6,6230,5.6,134.5,5.85,0.72,6,5,True,13:13,45,False
R005189,P0173,44.7,3124,14.8,70.1,6.39,7.1,8,5,True,13:28,57,False
R005190,P0173,95.5,9248,34.7,112.6,5.23,5.92,7,4,False,,0,False
R005191,P0174,39.4,5241,6.9,205.2,5.98,7.51,2,4,False,,0,False
R005192,P0174,16.2,1754,2.0,102.1,5.63,7.44,5,6,False,,0,False
R005193,P0174,22.6,2824,2.4,274.8,6.2,6.24,3,2,False,,0,False
R005194,P0174,0.0,351,3.5,205.9,5.84,5.97,5,5,False,,0,False
R005195,P0174,0.0,42,0.0,266.7,6.22,4.8,4,6,False,,0,False
R005196,P0174,46.4,5230,15.2,203.6,6.58,1.66,2,5,False,,0,False
R005197,P0174,31.3,3852,0.5,310.8,5.33,1.77,5,7,False,,0,False
R005198,P0174,51.2,6991,17.2,243.5,5.43,7.61,4,4,False,,0,False
R005199,P0174,31.1,3352,4.0,137.9,6.19,5.83,3,5,False,,0,False
R005200,P0174,51.4,5578,8.5,144.1,5.61,6.32,3,3,False,,0,False
R005201,P0174,10.3,696,0.7,204.5,7.21,6.14,4,5,False,,0,False
R005202,P0174,23.8,4427,14.1,115.4,4.63,6.77,5,5,True,13:13,17,False
R005203,P0174,36.9,4509,14.1,207.3,5.54,3.63,4,6,False,,0,False
R005204,P0174,7.5,1550,2.4,190.6,5.85,3.46,4,5,True,16:51,26,False
R005205,P0174,26.7,2108,15.8,252.7,6.28,6.95,4,5,False,,0,False
R005206,P0174,16.4,1539,0.0,232.1,6.86,7.74,4,5,False,,0,False
R005207,P0174,19.0,2764,2.2,167.3,7.76,6.48,5,5,False,,0,False
R005208,P0174,31.2,4602,0.0,170.7,7.3,9.04,2,5,True,13:06,32,False
R005209,P0174,7.5,1108,1.2,157.3,6.18,7.11,5,5,False,,0,False
R005210,P0174,0.0,0,6.4,218.3,5.33,2.61,3,5,True,14:25,55,False
R005211,P0174,46.0,4185,13.6,161.6,7.76,3.53,5,7,True,17:49,62,False
R005212,P0174,10.2,1808,5.3,191.6,5.97,6.83,2,5,False,,0,False
R005213,P0174,35.9,3421,5.7,141.2,7.26,7.72,4,4,False,,0,False
R005214,P0174,20.2,2297,1.2,281.4,7.08,6.27,3,3,False,,0,False
R005215,P0174,24.1,2572,0.7,261.1,6.66,5.83,3,3,True,13:10,90,False
R005216,P0174,47.8,5002,21.7,155.3,5.85,6.53,4,4,False,,0,True
R005217,P0174,21.8,1698,1.0,171.6,6.12,3.0,3,3,False,,0,False
R005218,P0174,7.0,731,5.6,166.3,7.45,4.8,5,5,False,,0,False
R005219,P0174,27.1,2679,8.8,135.8,6.43,6.57,3,4,False,,0,False
R005220,P0174,23.7,3939,7.0,237.8,5.71,7.87,4,5,False,,0,False
R005221,P0175,38.7,4545,5.9,274.0,3.78,9.16,4,5,False,,0,False
R005222,P0175,35.1,2861,5.2,266.6,5.56,10.43,4,5,False,,0,False
R005223,P0175,32.6,3376,9.8,271.6,4.75,8.94,3,1,False,,0,False
R005224,P0175,10.5,1146,1.2,252.8,5.53,8.72,6,6,False,,0,False
R005225,P0175,9.8,1040,8.6,248.2,6.1,10.34,5,4,False,,0,False
R005226,P0175,40.9,4856,15.8,265.2,4.05,3.39,6,6,True,17:18,30,False
R005227,P0175,42.5,5520,5.3,295.1,3.59,3.32,5,5,False,,0,False
R005228,P0175,34.4,3611,12.6,208.5,3.58,10.1,6,5,False,,0,False
R005229,P0175,20.9,1128,2.9,189.6,3.24,7.91,3,3,True,13:05,33,False
R005230,P0175,34.2,4463,5.8,228.8,5.11,10.28,4,4,False,,0,False
R005231,P0175,54.7,7287,10.2,249.4,3.32,8.76,4,2,False,,0,False
R005232,P0175,11.0,2754,0.4,244.5,4.25,11.3,5,5,False,,0,False
R005233,P0175,69.7,8252,16.7,232.9,5.34,2.73,5,3,False,,0,False
R005234,P0175,14.3,1634,0.0,181.6,3.95,2.99,5,3,True,15:03,59,False
R005235,P0175,27.8,2454,15.7,237.3,3.6,9.31,5,6,False,,0,True
R005236,P0175,21.7,2695,20.3,292.5,3.81,11.77,6,7,False,,0,False
R005237,P0175,34.2,2907,12.6,324.9,4.99,9.58,6,4,True,15:11,90,False
R005238,P0175,44.8,5417,14.9,224.2,6.44,9.74,5,5,False,,0,False
R005239,P0175,23.5,3186,13.1,280.9,4.66,9.94,8,7,False,,0,False
R005240,P0175,41.4,3648,24.9,165.5,6.02,2.87,3,4,False,,0,False
R005241,P0175,60.7,6817,18.3,239.7,5.34,5.46,4,5,False,,0,False
R005242,P0175,20.9,2907,0.0,251.5,5.92,8.91,5,5,False,,0,False
R005243,P0175,50.1,6008,10.9,197.4,3.65,9.0,4,4,False,,0,False
R005244,P0175,33.0,2361,2.3,349.5,5.0,9.02,4,5,False,,0,False
R005245,P0175,10.0,1037,10.8,293.7,3.46,8.28,8,6,False,,0,True
R005246,P0175,37.9,4685,3.7,176.0,6.28,7.88,4,4,False,,0,True
R005247,P0175,40.3,6116,8.0,198.7,5.89,3.77,4,3,False,,0,False
R005248,P0175,38.1,4417,19.9,195.9,4.38,3.58,5,5,False,,0,False
R005249,P0175,12.8,1354,2.4,286.4,2.83,9.3,6,2,False,,0,False
R005250,P0175,17.9,2016,6.7,291.0,4.47,8.48,5,5,False,,0,False
R005251,P0176,118.6,12312,23.9,245.7,9.33,4.43,6,5,True,14:23,37,False
R005252,P0176,166.4,22014,47.5,306.8,6.91,2.7,7,5,True,16:39,38,False
R005253,P0176,126.5,11154,30.6,243.7,11.08,3.6,8,6,True,15:58,10,True
R005254,P0176,93.1,8864,12.4,197.3,9.65,2.83,5,4,False,,0,False
R005255,P0176,101.3,12614,31.8,200.9,8.64,4.49,6,6,True,16:49,79,True
R005256,P0176,123.7,10503,48.1,178.0,7.82,1.84,7,6,True,17:49,15,False
R005257,P0176,114.8,13770,40.7,234.5,9.66,0.77,6,7,False,,0,False
R005258,P0176,89.5,5775,15.7,224.2,9.65,1.7,8,6,False,,0,False
R005259,P0176,114.2,11454,25.6,267.5,7.09,3.57,6,4,True,16:04,64,False
R005260,P0176,104.0,11123,37.9,208.4,9.33,4.28,6,6,True,14:55,10,False
R005261,P0176,121.7,11875,47.4,232.9,6.97,3.22,8,5,False,,0,False
R005262,P0176,109.7,14579,32.1,274.6,8.89,5.11,6,8,True,16:57,31,False
R005263,P0176,108.2,10406,40.9,224.0,8.61,1.92,6,4,False,,0,False
R005264,P0176,86.4,10706,28.9,232.4,9.88,2.24,7,5,False,,0,False
R005265,P0176,93.6,9468,38.3,263.9,9.09,3.52,6,6,False,,0,False
R005266,P0176,13.4,2451,3.2,221.9,9.6,1.52,6,4,False,,0,True
R005267,P0176,105.6,13393,18.8,239.5,7.43,3.98,6,5,False,,0,False
R005268,P0176,90.1,9688,33.8,285.1,8.88,4.34,8,4,False,,0,False
R005269,P0176,99.6,10604,30.4,241.9,9.0,2.22,6,3,True,15:06,21,False
R005270,P0176,91.1,9817,14.8,187.1,9.68,0.0,9,5,False,,0,False
R005271,P0176,107.8,8904,12.9,262.1,8.83,1.51,9,7,False,,0,False
R005272,P0176,100.5,11185,37.1,269.3,7.96,2.88,5,6,False,,0,False
R005273,P0176,9.3,1375,0.0,244.7,8.01,3.0,6,6,True,13:51,42,True
R005274,P0176,132.2,16811,53.3,171.6,6.87,3.24,7,5,True,15:08,53,False
R005275,P0176,123.1,11379,53.9,222.7,7.1,3.59,9,7,True,13:31,48,True
R005276,P0176,90.8,10061,30.1,423.9,8.26,2.1,8,6,False,,0,True
R005277,P0176,104.1,8577,27.7,248.5,11.47,1.76,6,4,False,,0,False
R005278,P0176,104.9,9714,18.3,195.1,8.86,2.0,7,5,True,14:37,91,False
R005279,P0176,111.3,11435,34.1,290.2,8.64,3.24,7,4,False,,0,False
R005280,P0176,100.3,12488,21.8,144.6,8.6,3.32,7,3,False,,0,False
R005281,P0177,61.2,5347,20.3,176.4,2.25,9.4,6,5,False,,0,False
R005282,P0177,76.8,8794,22.6,165.3,2.75,8.41,6,6,True,14:15,25,False
R005283,P0177,71.3,5764,25.0,263.2,3.62,8.8,5,4,False,,0,False
R005284,P0177,63.0,6344,20.1,190.3,1.62,10.64,5,4,False,,0,False
R005285,P0177,63.5,7720,28.1,286.3,3.13,7.97,6,4,False,,0,False
R005286,P0177,73.4,7973,11.4,223.9,4.23,4.13,6,6,False,,0,False
R005287,P0177,58.0,8532,21.0,130.5,3.51,1.42,8,7,False,,0,False
R005288,P0177,95.2,10077,9.6,296.7,3.45,8.4,6,4,False,,0,False
R005289,P0177,36.3,3314,5.6,210.3,3.24,8.83,7,4,False,,0,False
R005290,P0177,41.9,6145,19.7,252.2,3.15,9.39,8,5,True,17:48,10,False
R005291,P0177,73.5,5954,16.3,186.3,3.03,8.87,7,4,False,,0,False
R005292,P0177,64.7,7235,0.0,218.7,3.3,9.96,8,7,False,,0,False
R005293,P0177,64.8,6795,26.9,270.9,2.64,1.39,7,5,False,,0,False
R005294,P0177,63.2,7230,13.5,236.5,1.16,0.92,7,3,False,,0,False
R005295,P0177,95.7,10168,19.8,314.6,3.26,8.75,6,5,False,,0,False
R005296,P0177,69.3,7049,15.8,248.8,3.21,5.43,7,5,False,,0,False
R005297,P0177,82.4,9514,17.4,219.2,1.85,9.29,6,4,False,,0,False
R005298,P0177,94.8,10999,38.4,127.1,2.47,9.0,7,6,False,,0,False
R005299,P0177,54.5,4267,21.1,256.9,3.55,8.38,7,5,True,14:30,45,False
R005300,P0177,27.2,1648,1.2,186.5,2.32,3.37,10,6,False,,0,False
R005301,P0177,38.2,4108,10.2,170.1,2.16,1.97,7,5,False,,0,False
R005302,P0177,89.9,9388,18.8,316.9,3.04,10.73,6,2,False,,0,False
R005303,P0177,74.4,9096,28.6,208.2,2.13,8.47,8,6,False,,0,False
R005304,P0177,61.1,5766,14.5,226.1,2.47,9.32,6,5,True,16:39,15,False
R005305,P0177,55.2,6184,11.3,209.5,3.18,10.13,7,7,False,,0,False
R005306,P0177,66.0,5742,18.1,230.0,3.66,8.5,9,6,False,,0,False
R005307,P0177,46.3,4520,6.2,275.3,4.62,3.01,5,5,False,,0,False
R005308,P0177,69.9,5760,20.0,315.3,3.03,2.17,7,7,False,,0,False
R005309,P0177,64.1,7233,19.9,154.7,3.17,10.58,7,6,False,,0,False
R005310,P0177,59.1,4741,18.8,132.0,2.95,8.34,7,4,False,,0,False
R005311,P0178,63.1,5107,15.7,22.9,9.65,3.41,3,5,False,,0,False
R005312,P0178,41.6,4401,10.0,85.1,6.9,4.06,4,7,True,17:19,53,False
R005313,P0178,5.4,286,14.8,89.7,8.75,5.52,5,4,True,15:40,25,True
R005314,P0178,31.9,2193,14.1,366.4,8.45,6.47,4,8,False,,0,True
R005315,P0178,68.5,8540,16.3,117.1,7.13,7.36,3,4,True,13:34,60,False
R005316,P0178,58.3,6646,6.6,112.7,8.1,2.49,5,3,False,,0,False
R005317,P0178,41.5,3019,6.1,174.6,7.41,1.4,3,3,False,,0,True
R005318,P0178,92.5,11278,39.3,133.4,6.67,4.4,3,5,True,17:11,24,False
R005319,P0178,82.6,9224,33.9,67.0,9.8,4.87,4,6,True,13:10,34,False
R005320,P0178,83.8,6642,24.7,344.0,8.48,5.89,5,5,True,17:49,50,True
R005321,P0178,36.1,4230,8.1,116.1,9.47,6.67,4,8,False,,0,False
R005322,P0178,35.5,4580,9.7,93.4,8.38,5.65,5,5,True,16:40,62,False
R005323,P0178,42.8,5476,3.9,71.0,7.33,0.43,4,3,False,,0,False
R005324,P0178,36.7,3004,6.8,55.6,6.79,2.11,5,7,False,,0,False
R005325,P0178,35.9,4375,13.6,151.8,7.85,5.36,3,4,False,,0,False
R005326,P0178,53.6,6517,19.8,82.0,6.08,3.2,8,7,True,16:32,35,True
R005327,P0178,72.3,9900,30.8,51.9,10.32,3.76,3,4,True,17:55,60,False
R005328,P0178,55.1,5197,25.2,35.2,7.43,5.99,7,5,True,15:58,42,True
R005329,P0178,73.0,8024,27.3,92.6,8.67,2.89,3,6,False,,0,False
R005330,P0178,61.7,6332,7.4,117.6,7.91,1.77,4,5,False,,0,False
R005331,P0178,55.7,5495,9.2,108.3,8.24,1.97,4,4,False,,0,True
R005332,P0178,74.1,6357,37.9,51.0,9.95,5.09,4,4,True,15:03,46,True
R005333,P0178,66.4,9853,38.1,91.8,7.08,2.45,4,4,False,,0,False
R005334,P0178,38.5,4230,13.8,188.8,9.38,7.15,6,6,False,,0,True
R005335,P0178,73.7,6511,10.7,118.3,6.22,4.17,4,3,True,16:37,48,False
R005336,P0178,57.6,4231,19.9,128.1,8.37,5.71,5,5,False,,0,False
R005337,P0178,27.3,2890,6.8,48.9,7.22,1.2,5,5,False,,0,False
R005338,P0178,51.1,5272,15.4,53.2,6.02,1.09,6,5,False,,0,False
R005339,P0178,16.0,2724,1.3,39.4,6.58,4.13,5,4,True,14:08,66,True
R005340,P0178,99.7,13184,37.9,52.1,6.56,6.28,5,5,False,,0,False
R005341,P0179,18.0,1882,12.3,54.1,5.48,6.62,5,6,False,,0,False
R005342,P0179,17.8,2030,5.2,0.0,6.44,5.81,6,8,False,,0,False
R005343,P0179,0.0,0,2.4,79.1,7.16,7.47,6,4,False,,0,False
R005344,P0179,0.0,0,0.0,64.4,6.0,7.32,3,5,False,,0,False
R005345,P0179,36.2,4351,13.4,18.4,8.14,6.79,6,6,False,,0,False
R005346,P0179,0.0,1143,0.0,49.2,5.23,2.17,6,6,False,,0,False
R005347,P0179,0.0,147,0.0,7.8,5.52,1.52,6,6,False,,0,False
R005348,P0179,8.6,0,3.9,1.6,5.52,7.09,5,6,True,16:57,21,False
R005349,P0179,16.6,511,1.7,22.5,7.09,7.53,6,4,True,16:36,111,False
R005350,P0179,0.0,1363,0.0,39.1,6.31,6.56,5,3,True,15:56,21,True
R005351,P0179,0.0,0,0.0,83.7,7.74,6.88,9,8,True,15:42,10,False
R005352,P0179,23.5,2669,2.1,50.6,6.32,5.59,6,5,False,,0,False
R005353,P0179,0.0,0,3.9,16.6,8.51,2.75,5,6,True,17:10,31,True
R005354,P0179,25.7,2537,9.9,68.8,6.21,2.56,5,3,False,,0,False
R005355,P0179,0.0,226,0.0,0.0,6.67,6.65,5,6,False,,0,False
R005356,P0179,7.1,2784,2.8,47.8,7.16,6.0,6,6,True,13:00,45,False
R005357,P0179,0.0,319,0.0,0.0,6.58,6.5,8,6,True,13:23,46,False
R005358,P0179,0.0,1290,5.1,33.2,6.66,6.98,4,4,False,,0,False
R005359,P0179,0.0,1332,0.0,40.9,5.02,5.73,4,6,False,,0,False
R005360,P0179,0.0,0,0.0,0.0,6.8,1.76,5,4,False,,0,False
R005361,P0179,14.6,882,1.2,35.2,5.74,3.15,5,3,False,,0,False
R005362,P0179,0.0,308,2.2,0.0,7.08,5.98,4,5,True,14:38,39,False
R005363,P0179,0.0,0,0.0,60.3,7.86,7.17,6,5,False,,0,False
R005364,P0179,0.0,771,3.3,0.0,8.33,8.77,5,5,False,,0,False
R005365,P0179,12.0,2057,4.9,27.1,7.48,6.9,6,5,False,,0,False
R005366,P0179,0.0,0,8.5,131.7,7.9,7.8,6,4,True,13:11,73,False
R005367,P0179,26.7,2930,0.3,122.0,6.73,3.58,7,7,True,13:14,93,False
R005368,P0179,8.6,868,0.2,5.0,8.08,2.18,7,6,False,,0,False
R005369,P0179,0.0,218,0.0,0.4,6.66,7.36,6,6,False,,0,False
R005370,P0179,0.0,0,0.0,73.8,7.53,8.15,4,5,False,,0,False
R005371,P0180,25.5,2895,16.3,212.3,3.1,6.84,4,4,True,13:00,41,False
R005372,P0180,30.1,3343,12.1,221.6,3.92,7.36,6,5,False,,0,False
R005373,P0180,56.4,7067,23.6,213.0,3.41,6.69,7,5,False,,0,True
R005374,P0180,47.4,5785,15.3,241.3,2.95,7.95,5,6,False,,0,False
R005375,P0180,40.4,3905,16.2,210.7,4.55,7.1,7,5,False,,0,False
R005376,P0180,5.5,558,0.0,231.2,3.3,1.58,7,4,False,,0,True
R005377,P0180,25.8,3011,9.4,150.1,4.23,1.93,6,3,False,,0,False
R005378,P0180,0.0,181,4.6,252.6,4.66,7.39,4,6,False,,0,False
R005379,P0180,31.3,1448,13.5,165.1,3.35,6.99,6,6,False,,0,False
R005380,P0180,53.7,7461,17.6,244.6,4.82,6.32,6,5,False,,0,False
R005381,P0180,32.3,3203,8.8,196.1,5.39,7.61,5,4,True,15:43,80,False
R005382,P0180,13.0,1527,10.5,196.4,3.62,6.57,4,5,True,14:10,92,False
R005383,P0180,62.1,4977,8.4,179.6,2.5,3.21,6,3,True,15:14,36,False
R005384,P0180,47.6,3650,8.2,223.6,3.53,1.61,6,4,False,,0,False
R005385,P0180,52.3,6034,15.2,205.6,3.65,6.44,5,5,False,,0,False
R005386,P0180,28.7,2314,9.6,228.5,4.12,7.41,5,5,True,17:30,67,False
R005387,P0180,7.2,837,8.4,182.3,4.7,6.6,7,7,False,,0,True
R005388,P0180,27.0,2505,13.4,207.1,3.54,6.09,4,5,False,,0,False
R005389,P0180,25.9,4089,14.4,195.6,3.21,7.06,5,3,True,17:19,73,False
R005390,P0180,9.4,1834,0.0,226.7,2.68,2.73,5,6,True,13:16,65,True
R005391,P0180,28.8,1873,4.2,185.3,4.04,4.06,5,4,False,,0,False
R005392,P0180,43.4,6272,19.9,218.1,2.89,6.38,5,4,False,,0,False
R005393,P0180,46.8,5816,16.6,302.7,4.56,6.28,5,1,True,14:12,54,False
R005394,P0180,25.4,3807,16.0,218.8,4.71,4.32,8,6,False,,0,False
R005395,P0180,29.8,3714,14.8,129.4,5.01,6.59,4,4,False,,0,False
R005396,P0180,46.0,3860,10.2,142.1,9.14,6.76,6,3,False,,0,True
R005397,P0180,25.6,4591,2.7,268.0,4.03,1.24,5,5,True,17:33,21,False
R005398,P0180,46.6,4948,12.3,222.3,2.96,2.54,6,4,False,,0,False
R005399,P0180,45.8,5568,1.1,203.8,4.12,8.75,8,5,True,16:16,61,False
R005400,P0180,55.6,6275,12.2,239.2,5.08,6.23,5,5,False,,0,False
R005401,P0181,42.5,3174,0.0,279.4,3.97,9.14,4,6,False,,0,False
R005402,P0181,48.4,5284,9.2,240.9,5.62,8.76,4,3,False,,0,False
R005403,P0181,48.3,4591,2.2,200.7,8.77,7.47,7,5,True,13:15,17,True
R005404,P0181,45.5,5715,13.7,147.5,5.74,7.78,4,5,False,,0,False
R005405,P0181,51.0,6747,19.1,194.5,4.78,7.92,4,4,False,,0,False
R005406,P0181,14.3,2848,9.5,219.3,4.06,3.16,5,6,False,,0,True
R005407,P0181,30.4,3499,0.0,173.3,5.44,2.3,4,4,False,,0,False
R005408,P0181,57.2,4594,16.4,219.5,5.56,9.06,3,5,False,,0,False
R005409,P0181,38.5,4335,8.5,212.8,6.34,7.73,5,7,False,,0,False
R005410,P0181,39.3,5279,17.2,256.9,4.36,7.07,6,4,False,,0,False
R005411,P0181,9.8,2174,3.3,194.0,3.98,6.85,5,5,False,,0,True
R005412,P0181,23.5,2651,11.0,152.5,3.96,7.33,5,5,False,,0,False
R005413,P0181,66.6,8821,16.6,376.1,4.8,4.99,4,5,False,,0,True
R005414,P0181,26.6,3291,14.7,203.8,7.61,2.59,4,4,False,,0,True
R005415,P0181,6.5,913,0.0,229.3,4.39,7.1,6,7,False,,0,False
R005416,P0181,56.0,6367,35.2,166.4,5.97,6.01,3,4,False,,0,False
R005417,P0181,13.7,670,11.5,214.6,5.41,6.14,5,6,True,13:22,97,False
R005418,P0181,49.4,8614,16.8,166.5,5.44,7.16,5,4,True,13:28,36,False
R005419,P0181,9.6,2434,6.0,201.3,4.01,8.21,4,5,False,,0,False
R005420,P0181,42.1,3826,7.5,143.7,5.47,1.28,4,5,False,,0,False
R005421,P0181,35.8,4792,19.5,158.2,5.94,2.46,6,5,False,,0,False
R005422,P0181,8.3,570,8.2,258.3,4.06,7.61,2,3,False,,0,False
R005423,P0181,11.1,1480,1.8,212.6,5.0,8.09,5,3,True,15:56,29,True
R005424,P0181,57.0,6410,6.0,226.0,3.55,5.83,5,8,False,,0,False
R005425,P0181,54.3,6192,21.4,196.4,4.07,6.23,4,5,False,,0,False
R005426,P0181,27.9,4116,11.1,139.8,6.2,6.89,4,4,False,,0,False
R005427,P0181,56.5,7539,10.4,171.5,4.52,3.61,6,5,True,16:57,10,False
R005428,P0181,81.1,8259,10.5,149.2,2.88,2.1,4,4,False,,0,False
R005429,P0181,0.0,849,0.0,152.4,5.2,8.83,7,6,False,,0,False
R005430,P0181,18.5,841,12.1,175.7,5.31,8.64,5,4,False,,0,False
R005431,P0182,26.5,4201,0.0,150.1,5.56,6.74,5,5,False,,0,False
R005432,P0182,45.8,4947,9.9,128.0,3.11,8.4,6,5,True,14:01,10,False
R005433,P0182,10.7,890,1.1,163.5,6.84,6.56,3,4,False,,0,False
R005434,P0182,37.0,3369,15.3,164.8,4.23,8.12,5,5,False,,0,False
R005435,P0182,0.0,0,0.0,97.2,5.2,8.59,6,8,False,,0,False
R005436,P0182,31.8,2829,7.1,148.9,4.0,2.35,5,4,False,,0,False
R005437,P0182,51.9,5885,13.3,88.8,4.4,2.97,4,6,False,,0,False
R005438,P0182,0.0,101,0.0,84.3,4.55,6.67,3,5,False,,0,False
R005439,P0182,42.9,5881,17.1,31.3,5.3,7.55,4,5,False,,0,False
R005440,P0182,27.8,1617,8.1,155.5,4.7,7.78,5,6,False,,0,False
R005441,P0182,44.7,2751,7.0,126.5,5.19,8.11,6,4,False,,0,True
R005442,P0182,48.5,4207,3.7,116.8,4.93,5.8,4,3,False,,0,False
R005443,P0182,16.8,1848,5.4,178.9,4.01,3.27,4,8,False,,0,False
R005444,P0182,46.2,4475,8.0,183.4,5.01,3.18,6,7,False,,0,False
R005445,P0182,38.8,5275,9.4,4.2,6.36,8.77,5,2,False,,0,False
R005446,P0182,17.1,3131,7.5,316.1,5.1,7.79,5,4,True,13:32,12,True
R005447,P0182,34.8,3638,9.4,197.5,4.42,7.81,6,5,False,,0,False
R005448,P0182,10.6,1591,5.4,132.3,6.12,6.51,4,4,False,,0,False
R005449,P0182,21.6,512,4.8,125.6,4.8,6.99,6,3,False,,0,False
R005450,P0182,11.3,1050,1.3,78.7,4.98,2.46,5,4,False,,0,False
R005451,P0182,9.9,383,6.8,125.8,4.87,1.54,3,1,False,,0,False
R005452,P0182,56.5,7132,18.5,58.0,5.66,7.63,7,8,False,,0,False
R005453,P0182,53.6,6413,18.6,148.1,7.01,7.26,6,7,False,,0,False
R005454,P0182,29.9,4629,20.4,93.1,3.21,7.66,4,3,True,16:37,42,False
R005455,P0182,9.3,2522,10.3,146.0,6.48,9.26,8,6,False,,0,False
R005456,P0182,0.0,0,6.3,66.9,5.35,8.01,6,5,False,,0,False
R005457,P0182,16.7,2260,7.4,111.0,2.46,2.53,7,6,False,,0,False
R005458,P0182,34.7,3528,22.8,136.4,4.47,0.85,5,7,False,,0,False
R005459,P0182,15.9,814,13.7,92.6,4.48,8.21,6,6,False,,0,False
R005460,P0182,18.2,1832,5.8,126.9,3.31,7.23,7,5,False,,0,False
R005461,P0183,41.0,4396,10.7,131.2,7.66,6.54,4,4,True,14:41,44,False
R005462,P0183,57.8,8756,13.9,182.3,8.21,5.3,5,6,False,,0,True
R005463,P0183,41.3,3908,0.0,115.6,8.42,6.11,5,4,True,15:12,40,False
R005464,P0183,25.0,3368,8.5,175.6,4.61,4.27,5,5,False,,0,False
R005465,P0183,54.1,5068,20.9,111.7,7.95,4.97,3,4,False,,0,True
R005466,P0183,37.4,4348,11.5,208.4,6.83,3.49,7,9,True,15:14,37,False
R005467,P0183,91.3,9761,33.6,184.0,6.7,1.24,9,8,True,14:09,78,True
R005468,P0183,48.2,4527,12.4,175.6,6.5,6.0,6,4,False,,0,False
R005469,P0183,44.1,5313,17.0,194.9,5.72,7.12,5,7,False,,0,False
R005470,P0183,76.7,8622,25.0,140.6,6.46,5.49,4,5,True,17:30,17,False
R005471,P0183,38.7,3868,5.1,108.6,6.25,4.88,4,3,False,,0,False
R005472,P0183,77.8,7987,12.7,103.5,5.14,8.07,5,3,False,,0,False
R005473,P0183,57.4,5438,16.3,155.7,5.27,2.44,5,4,False,,0,False
R005474,P0183,56.2,5544,21.8,75.2,8.08,1.15,3,4,True,14:43,76,True
R005475,P0183,25.1,3154,8.3,221.9,5.45,6.66,4,7,False,,0,False
R005476,P0183,41.9,5073,10.0,188.6,8.53,2.25,5,6,False,,0,False
R005477,P0183,33.9,3366,9.6,245.8,6.37,4.94,5,2,False,,0,False
R005478,P0183,68.2,8625,23.7,178.2,4.94,6.65,4,5,True,14:14,60,False
R005479,P0183,63.5,8249,22.4,199.6,5.77,6.52,7,6,False,,0,True
R005480,P0183,52.7,6089,17.8,136.9,6.08,2.23,8,5,False,,0,False
R005481,P0183,54.8,6538,13.0,152.9,6.07,2.72,5,4,True,15:41,10,False
R005482,P0183,53.8,7009,21.6,167.7,5.54,5.07,8,8,True,15:39,41,True
R005483,P0183,54.6,8517,18.7,110.9,6.41,5.54,3,2,False,,0,False
R005484,P0183,32.4,3563,14.5,234.5,9.14,5.53,5,4,True,16:47,15,True
R005485,P0183,65.1,7076,33.7,134.1,6.18,7.38,4,5,True,13:02,10,False
R005486,P0183,52.1,4030,14.4,231.3,5.72,6.75,6,5,True,14:12,43,True
R005487,P0183,39.3,3191,4.3,158.3,8.21,1.03,3,5,False,,0,False
R005488,P0183,91.7,10420,42.9,128.1,5.05,1.97,4,5,True,16:00,58,False
R005489,P0183,65.0,5284,9.6,136.4,6.01,4.62,5,4,False,,0,False
R005490,P0183,40.0,4411,12.9,171.6,5.25,6.56,6,3,True,16:18,15,False
R005491,P0184,21.9,3039,2.3,75.5,3.18,7.62,8,5,False,,0,False
R005492,P0184,9.3,449,0.9,160.1,5.03,6.62,4,5,False,,0,False
R005493,P0184,0.0,922,0.9,100.7,5.0,6.12,5,5,False,,0,False
R005494,P0184,1.5,0,0.0,202.9,5.23,7.99,6,6,False,,0,False
R005495,P0184,2.9,0,2.1,108.4,5.53,7.81,6,4,True,17:40,82,False
R005496,P0184,1.1,207,0.3,184.2,4.97,1.73,4,5,False,,0,False
R005497,P0184,0.0,284,0.0,178.2,3.84,1.9,4,4,False,,0,False
R005498,P0184,23.7,3319,5.5,306.9,4.73,6.05,4,4,False,,0,True
R005499,P0184,0.0,0,0.0,163.7,4.62,7.23,6,7,True,16:49,36,False
R005500,P0184,20.7,2486,8.2,136.5,5.18,4.49,6,5,False,,0,False
R005501,P0184,0.8,341,6.8,213.8,4.39,5.21,6,5,False,,0,False
R005502,P0184,20.0,2971,4.9,127.0,3.97,8.08,5,6,False,,0,False
R005503,P0184,12.1,1494,7.7,182.7,3.4,3.3,8,7,True,13:42,35,True
R005504,P0184,2.6,322,14.4,91.1,3.38,3.94,5,2,True,13:35,41,False
R005505,P0184,26.4,3356,5.8,159.4,3.15,7.28,7,6,False,,0,False
R005506,P0184,0.0,0,0.0,152.2,5.39,6.97,6,3,False,,0,True
R005507,P0184,26.4,1294,20.8,193.0,4.2,7.81,6,4,False,,0,False
R005508,P0184,17.7,1346,4.7,149.2,4.41,7.56,7,7,False,,0,False
R005509,P0184,33.0,3088,15.4,168.5,6.22,7.1,4,5,False,,0,False
R005510,P0184,0.0,695,3.9,192.5,3.99,2.41,6,5,False,,0,False
R005511,P0184,0.4,1304,0.0,135.1,4.78,3.78,6,4,False,,0,False
R005512,P0184,0.0,0,0.6,141.0,4.82,6.93,7,7,False,,0,False
R005513,P0184,0.0,0,0.6,146.0,5.84,7.01,6,7,False,,0,True
R005514,P0184,21.6,2474,7.0,79.2,8.64,7.66,5,5,False,,0,True
R005515,P0184,22.7,2892,0.0,188.0,3.68,6.8,5,4,True,17:11,10,False
R005516,P0184,19.3,2984,6.3,141.4,4.77,6.98,4,4,False,,0,False
R005517,P0184,54.8,6630,4.7,108.4,4.62,2.44,7,5,True,16:06,47,False
R005518,P0184,8.8,0,0.2,140.6,3.64,2.19,7,6,True,17:13,65,False
R005519,P0184,0.0,0,0.0,121.7,4.07,5.25,5,6,False,,0,False
R005520,P0184,5.2,0,0.0,88.3,5.73,6.44,5,5,False,,0,True
R005521,P0185,26.6,1236,0.0,120.1,4.61,8.24,8,3,False,,0,False
R005522,P0185,43.9,3497,13.7,134.8,7.35,8.19,10,7,False,,0,False
R005523,P0185,29.4,3550,7.3,152.4,5.89,9.08,9,6,False,,0,False
R005524,P0185,40.1,3791,5.2,201.9,3.56,9.14,9,5,False,,0,False
R005525,P0185,24.9,3149,8.4,155.1,5.98,7.2,7,6,False,,0,False
R005526,P0185,30.6,4858,5.1,179.0,4.62,2.0,9,4,False,,0,False
R005527,P0185,35.2,3717,19.8,109.3,5.85,3.1,8,7,False,,0,False
R005528,P0185,39.3,4308,0.0,55.2,4.64,6.62,8,7,False,,0,False
R005529,P0185,34.0,2989,7.3,138.2,5.86,8.0,9,4,False,,0,False
R005530,P0185,8.3,1531,0.0,90.1,6.2,8.46,7,5,False,,0,False
R005531,P0185,9.5,1791,1.9,108.1,6.2,8.88,4,6,False,,0,True
R005532,P0185,16.7,2017,8.1,176.0,5.44,7.26,7,5,False,,0,False
R005533,P0185,31.7,2603,14.0,159.1,8.33,3.09,6,5,False,,0,False
R005534,P0185,4.2,1469,9.9,179.9,6.67,1.58,7,4,False,,0,False
R005535,P0185,29.8,3438,4.3,280.1,3.76,9.81,10,8,False,,0,True
R005536,P0185,34.6,3176,5.4,191.0,3.76,5.19,7,7,False,,0,False
R005537,P0185,53.7,3789,13.9,177.2,5.44,9.61,9,7,False,,0,False
R005538,P0185,5.7,0,0.0,144.5,6.47,8.42,7,5,True,14:30,21,True
R005539,P0185,34.0,6110,12.4,174.9,6.58,7.61,8,4,False,,0,False
R005540,P0185,11.6,1573,5.3,93.3,4.58,2.26,9,4,False,,0,False
R005541,P0185,18.0,598,4.6,39.6,4.68,2.46,7,7,False,,0,False
R005542,P0185,19.0,79,9.3,96.7,6.45,6.82,9,6,False,,0,False
R005543,P0185,27.1,3366,15.4,69.5,5.52,7.86,9,4,False,,0,False
R005544,P0185,43.1,5672,24.2,223.9,4.7,7.94,10,7,False,,0,False
R005545,P0185,0.0,865,7.6,96.0,5.33,7.93,7,4,False,,0,False
R005546,P0185,25.5,4099,17.8,36.0,6.7,8.23,8,5,False,,0,False
R005547,P0185,20.9,2619,4.4,77.5,6.7,3.09,8,7,False,,0,False
R005548,P0185,7.6,1780,2.5,54.9,6.96,4.53,6,3,False,,0,False
R005549,P0185,13.6,1435,0.0,101.4,5.95,7.68,9,5,False,,0,False
R005550,P0185,24.0,1563,7.8,79.7,5.54,9.14,8,6,False,,0,False
R005551,P0186,47.9,5838,18.1,74.1,5.93,5.63,6,5,False,,0,False
R005552,P0186,30.8,2337,12.7,156.3,7.81,5.06,5,5,False,,0,False
R005553,P0186,49.7,4450,25.5,67.5,6.15,5.39,5,4,False,,0,False
R005554,P0186,87.5,9145,44.8,77.1,6.57,5.02,7,6,False,,0,False
R005555,P0186,98.1,9140,17.7,43.9,10.24,4.08,5,4,False,,0,True
R005556,P0186,42.1,3875,15.3,150.6,6.7,1.56,5,3,False,,0,False
R005557,P0186,89.7,7532,20.0,115.1,5.34,2.63,6,4,False,,0,False
R005558,P0186,74.6,9789,27.0,73.7,7.44,5.24,7,5,False,,0,False
R005559,P0186,65.2,6770,15.8,127.9,7.04,6.23,6,5,False,,0,True
R005560,P0186,96.5,9557,23.5,184.3,5.47,5.91,5,5,False,,0,False
R005561,P0186,83.7,9012,21.0,52.4,5.65,7.12,6,3,False,,0,False
R005562,P0186,75.2,6353,18.4,115.7,5.67,4.87,6,5,False,,0,False
R005563,P0186,36.4,5855,0.0,77.8,7.23,0.74,7,4,False,,0,False
R005564,P0186,69.9,9331,28.3,55.0,7.25,2.15,5,4,False,,0,False
R005565,P0186,86.4,10543,24.1,53.5,6.35,4.63,6,6,True,15:52,10,True
R005566,P0186,81.5,8477,24.2,71.7,5.8,4.52,6,4,False,,0,False
R005567,P0186,91.8,10244,33.4,68.3,6.68,6.81,7,5,False,,0,False
R005568,P0186,62.9,5658,16.3,153.4,7.36,5.12,4,4,False,,0,False
R005569,P0186,71.8,9211,24.8,265.4,7.81,4.86,5,6,False,,0,True
R005570,P0186,50.6,4540,15.3,77.3,6.08,1.67,3,4,False,,0,False
R005571,P0186,42.0,5209,23.2,0.0,6.6,1.49,6,5,False,,0,False
R005572,P0186,66.5,9661,19.0,69.0,6.75,5.61,4,4,False,,0,False
R005573,P0186,69.1,6956,38.3,61.8,7.17,4.09,6,4,False,,0,False
R005574,P0186,69.4,7548,17.6,165.4,7.55,6.34,5,5,False,,0,True
R005575,P0186,74.0,6176,9.3,138.9,8.49,5.63,7,6,False,,0,False
R005576,P0186,35.6,4466,7.9,84.2,7.22,4.92,6,5,True,14:22,91,False
R005577,P0186,39.8,2714,11.2,39.9,7.3,0.73,9,6,False,,0,True
R005578,P0186,53.3,2808,16.4,108.4,7.65,1.49,6,7,False,,0,False
R005579,P0186,95.7,6432,32.3,20.3,6.86,6.8,6,6,False,,0,False
R005580,P0186,81.8,8838,19.2,78.6,6.53,4.87,5,5,False,,0,True
R005581,P0187,48.4,4234,9.1,155.9,6.43,7.21,5,4,False,,0,False
R005582,P0187,85.0,8328,25.1,132.9,5.73,7.34,5,4,True,15:14,71,False
R005583,P0187,57.7,6677,13.4,264.6,7.24,8.36,5,7,False,,0,False
R005584,P0187,47.1,4578,21.6,168.0,7.43,7.47,3,4,False,,0,False
R005585,P0187,83.6,10566,23.1,102.6,6.27,8.17,7,5,False,,0,False
R005586,P0187,60.3,7990,28.0,168.3,5.62,2.45,2,3,False,,0,False
R005587,P0187,38.6,5760,2.8,147.7,8.09,1.38,7,7,False,,0,False
R005588,P0187,74.3,9480,13.3,133.3,7.07,7.9,4,3,False,,0,False
R005589,P0187,70.8,8780,17.4,154.3,5.85,8.75,5,3,True,15:28,25,True
R005590,P0187,68.5,7839,19.5,235.4,7.82,5.51,7,7,False,,0,False
R005591,P0187,96.6,7634,34.5,159.8,6.9,9.51,5,5,False,,0,False
R005592,P0187,67.8,7225,28.7,217.3,6.36,8.44,6,5,False,,0,False
R005593,P0187,68.8,7607,6.5,213.6,7.96,3.88,4,4,False,,0,False
R005594,P0187,64.1,8220,37.4,199.2,5.91,2.2,6,5,False,,0,False
R005595,P0187,60.0,5770,22.0,169.1,7.59,6.72,5,5,False,,0,False
R005596,P0187,46.8,4761,19.6,191.1,7.47,7.18,5,4,False,,0,False
R005597,P0187,57.8,6363,16.4,139.9,8.1,7.98,3,1,False,,0,False
R005598,P0187,65.5,9120,13.7,134.2,5.57,8.1,5,4,False,,0,False
R005599,P0187,66.3,5942,25.4,199.2,6.88,7.62,7,5,False,,0,False
R005600,P0187,63.7,7295,20.1,192.1,5.28,1.86,4,4,False,,0,False
R005601,P0187,65.6,7360,23.3,173.8,8.16,1.36,3,5,False,,0,False
R005602,P0187,98.8,9596,35.0,217.5,7.71,5.12,7,6,False,,0,True
R005603,P0187,22.1,2571,3.9,140.2,6.4,6.64,6,7,False,,0,False
R005604,P0187,83.7,9051,37.8,217.2,6.95,7.35,5,3,True,14:08,48,False
R005605,P0187,94.6,8388,11.4,225.4,7.85,7.69,6,4,False,,0,False
R005606,P0187,99.3,7849,17.1,99.2,6.34,5.41,5,5,False,,0,False
R005607,P0187,78.6,8494,14.6,229.4,6.84,1.82,6,5,False,,0,False
R005608,P0187,70.1,7348,14.0,126.8,8.06,0.5,6,5,False,,0,False
R005609,P0187,39.1,5329,12.5,62.3,7.3,10.46,5,5,False,,0,False
R005610,P0187,55.1,5122,18.3,134.5,8.19,7.34,7,6,True,13:42,10,False
R005611,P0188,30.5,4136,9.1,143.2,8.4,11.99,4,6,False,,0,False
R005612,P0188,17.3,1667,15.8,112.9,8.68,8.85,4,4,False,,0,False
R005613,P0188,43.3,4524,14.6,99.2,10.02,10.1,5,5,False,,0,False
R005614,P0188,53.7,5830,4.0,95.3,9.31,8.26,2,2,False,,0,False
R005615,P0188,18.8,542,0.0,106.6,8.0,10.2,5,5,False,,0,False
R005616,P0188,32.4,2650,11.0,113.7,8.79,2.84,9,4,True,13:07,70,True
R005617,P0188,52.6,5157,8.7,137.2,9.59,2.62,5,4,True,15:18,41,False
R005618,P0188,65.0,7697,24.0,232.1,9.3,9.54,6,10,False,,0,False
R005619,P0188,31.0,3479,15.9,60.3,9.34,11.35,4,4,False,,0,False
R005620,P0188,67.4,9849,29.7,198.0,8.61,12.56,5,2,False,,0,False
R005621,P0188,56.8,5133,22.0,84.0,7.25,10.33,5,5,False,,0,False
R005622,P0188,39.9,5067,10.2,89.0,8.62,9.26,5,4,False,,0,False
R005623,P0188,73.4,9188,27.9,130.0,8.77,3.22,1,3,False,,0,False
R005624,P0188,81.8,9075,17.1,162.4,8.99,2.32,2,3,False,,0,False
R005625,P0188,8.8,535,0.0,141.8,7.18,10.54,4,6,False,,0,False
R005626,P0188,26.2,2345,9.1,174.9,7.88,10.23,5,5,False,,0,False
R005627,P0188,41.4,3933,16.4,112.1,9.16,10.44,5,3,False,,0,False
R005628,P0188,45.1,4989,6.0,192.8,8.88,8.56,6,6,False,,0,False
R005629,P0188,26.1,3329,9.3,78.8,9.44,9.55,5,4,False,,0,False
R005630,P0188,80.7,5928,22.9,147.5,7.93,4.26,6,5,False,,0,False
R005631,P0188,44.6,5658,2.7,66.6,6.99,3.16,5,5,False,,0,False
R005632,P0188,35.1,2922,15.6,105.2,8.83,9.66,2,4,False,,0,False
R005633,P0188,25.5,3316,15.7,165.6,8.51,9.76,5,4,False,,0,False
R005634,P0188,5.0,0,0.0,171.5,8.37,12.47,3,4,False,,0,True
R005635,P0188,32.6,4792,13.8,110.2,8.71,10.31,2,6,False,,0,True
R005636,P0188,40.0,3871,2.6,174.8,8.29,10.16,6,4,False,,0,False
R005637,P0188,41.6,5693,12.7,123.8,7.99,2.16,6,5,False,,0,False
R005638,P0188,29.4,3782,0.0,149.9,9.43,4.03,4,4,False,,0,False
R005639,P0188,39.6,4688,3.5,220.2,8.68,10.24,2,4,True,14:42,17,False
R005640,P0188,45.7,3309,14.0,72.2,9.62,7.84,5,3,False,,0,False
R005641,P0189,28.6,2805,3.6,129.7,5.16,8.83,7,3,False,,0,False
R005642,P0189,8.1,716,0.6,87.0,3.67,8.33,7,4,False,,0,False
R005643,P0189,48.9,4789,21.8,180.3,3.01,7.26,9,6,False,,0,False
R005644,P0189,28.3,2530,5.6,169.5,1.95,7.54,6,4,False,,0,True
R005645,P0189,7.4,886,0.0,190.7,2.95,8.87,9,9,False,,0,False
R005646,P0189,59.1,6455,15.8,129.8,2.51,3.85,7,7,False,,0,False
R005647,P0189,38.3,3024,18.6,240.5,1.22,3.23,7,7,False,,0,False
R005648,P0189,0.0,631,1.0,189.8,1.75,7.31,5,7,False,,0,False
R005649,P0189,22.9,2134,20.3,207.1,2.11,9.42,8,7,False,,0,False
R005650,P0189,2.2,0,6.1,177.3,2.62,7.69,8,6,False,,0,False
R005651,P0189,34.9,5365,3.3,170.9,2.43,7.38,9,5,False,,0,False
R005652,P0189,35.0,4245,12.6,212.6,3.17,8.85,7,6,False,,0,False
R005653,P0189,0.0,635,0.0,221.8,2.17,3.34,9,3,False,,0,False
R005654,P0189,14.8,1596,7.8,219.4,2.54,4.94,7,6,False,,0,False
R005655,P0189,23.4,3044,0.0,215.2,2.61,8.4,8,6,False,,0,False
R005656,P0189,33.8,4835,6.5,240.4,1.58,8.29,6,5,False,,0,False
R005657,P0189,0.0,0,0.4,125.9,4.14,6.66,8,7,False,,0,False
R005658,P0189,8.3,398,7.3,157.0,3.54,8.57,7,6,False,,0,False
R005659,P0189,29.6,4470,12.8,148.5,4.67,8.8,8,8,True,14:28,54,False
R005660,P0189,0.5,16,4.2,112.4,4.93,1.59,8,6,False,,0,False
R005661,P0189,35.1,4707,9.7,161.4,3.95,2.68,8,6,False,,0,False
R005662,P0189,0.0,0,8.9,398.0,5.12,7.58,7,7,False,,0,True
R005663,P0189,0.0,0,0.0,154.0,2.58,7.93,7,6,False,,0,True
R005664,P0189,14.5,537,1.5,130.6,3.99,7.2,7,4,True,16:53,40,False
R005665,P0189,12.4,1352,0.1,84.1,2.7,7.48,7,5,False,,0,False
R005666,P0189,0.0,0,2.9,189.8,3.77,8.94,7,6,False,,0,False
R005667,P0189,23.1,4402,13.2,95.1,5.65,0.7,6,2,False,,0,True
R005668,P0189,0.0,1888,0.0,200.0,3.54,2.61,6,5,False,,0,False
R005669,P0189,32.0,2183,13.2,202.7,1.9,8.42,5,7,False,,0,False
R005670,P0189,14.5,0,3.4,200.5,2.52,7.69,8,7,False,,0,False
R005671,P0190,54.4,4873,24.9,35.1,4.7,6.47,5,4,False,,0,False
R005672,P0190,37.7,3809,10.6,0.0,6.26,5.14,8,4,False,,0,False
R005673,P0190,40.7,3490,12.7,57.8,3.98,5.55,7,6,False,,0,False
R005674,P0190,78.8,9366,12.2,0.0,5.0,6.0,7,7,True,13:06,18,False
R005675,P0190,63.3,5992,29.9,34.0,5.71,4.62,6,6,False,,0,False
R005676,P0190,54.8,6086,10.1,0.0,4.98,1.34,8,5,False,,0,False
R005677,P0190,64.6,6319,14.1,76.9,7.23,0.91,6,4,False,,0,False
R005678,P0190,65.7,6197,13.6,56.5,4.82,3.99,7,2,False,,0,False
R005679,P0190,77.3,11590,27.8,46.5,5.66,5.22,9,5,True,16:10,43,True
R005680,P0190,85.2,8600,24.6,90.5,4.77,5.69,7,4,False,,0,False
R005681,P0190,65.4,7464,12.3,57.7,4.08,5.93,5,3,False,,0,False
R005682,P0190,42.3,4659,6.3,87.2,7.17,4.51,6,4,True,15:31,64,False
R005683,P0190,92.8,9796,30.1,2.1,6.13,3.63,8,6,False,,0,False
R005684,P0190,58.6,7222,6.2,20.3,5.38,2.83,8,5,False,,0,False
R005685,P0190,51.3,7715,19.8,54.9,7.32,3.43,7,4,False,,0,False
R005686,P0190,38.7,5329,13.8,33.1,4.88,7.19,7,5,False,,0,False
R005687,P0190,101.7,12525,19.0,0.0,7.17,5.66,7,2,False,,0,False
R005688,P0190,81.4,6995,21.9,0.0,4.02,3.32,8,8,False,,0,False
R005689,P0190,63.8,8127,10.2,12.1,5.46,5.42,8,5,False,,0,False
R005690,P0190,33.6,3104,4.5,15.7,7.47,0.25,6,5,False,,0,False
R005691,P0190,69.1,7712,13.6,43.9,8.03,2.86,7,4,False,,0,False
R005692,P0190,49.5,5266,7.3,0.0,5.94,6.1,4,1,False,,0,True
R005693,P0190,19.8,882,4.8,52.8,5.58,6.73,6,6,True,14:04,34,False
R005694,P0190,83.9,9329,27.1,97.7,5.96,3.78,5,5,False,,0,True
R005695,P0190,51.7,6433,10.4,17.5,4.38,6.67,6,4,True,13:30,83,True
R005696,P0190,55.5,7823,10.1,24.1,5.94,4.83,6,4,True,13:47,15,False
R005697,P0190,55.6,8108,21.4,21.5,6.14,2.96,9,7,False,,0,False
R005698,P0190,52.5,6137,8.0,0.0,4.43,3.48,8,7,False,,0,False
R005699,P0190,82.0,10691,35.1,0.0,6.7,5.66,6,5,False,,0,False
R005700,P0190,70.0,8912,20.6,0.0,5.32,4.74,5,7,False,,0,False
R005701,P0191,9.1,1767,3.5,121.5,6.54,9.04,3,4,True,17:59,75,True
R005702,P0191,65.6,7433,5.2,164.9,5.51,9.85,3,4,True,15:13,78,False
R005703,P0191,24.9,1862,4.4,65.0,4.93,8.44,3,4,False,,0,False
R005704,P0191,34.4,4327,11.4,167.6,5.0,9.0,5,4,True,14:41,21,False
R005705,P0191,0.3,735,5.7,170.0,5.9,9.44,3,3,True,13:34,45,False
R005706,P0191,13.5,1115,2.9,117.9,6.17,3.87,5,6,False,,0,False
R005707,P0191,14.2,932,10.0,80.3,5.45,2.93,4,4,False,,0,False
R005708,P0191,0.0,1116,7.7,81.3,3.37,8.58,4,2,False,,0,False
R005709,P0191,12.8,1925,9.7,83.4,5.02,11.68,5,5,True,13:40,29,False
R005710,P0191,0.0,0,4.2,38.7,4.54,9.1,3,5,False,,0,False
R005711,P0191,10.1,1225,5.4,123.4,4.75,8.28,3,4,False,,0,True
R005712,P0191,13.3,712,5.9,171.9,5.22,8.0,3,2,False,,0,False
R005713,P0191,38.5,3216,5.7,177.9,4.86,4.45,4,6,True,14:54,57,False
R005714,P0191,22.7,991,10.8,109.0,5.97,3.86,5,6,False,,0,False
R005715,P0191,10.9,0,0.1,110.9,5.04,7.52,4,6,True,17:39,59,False
R005716,P0191,18.3,2558,8.6,66.8,5.78,9.15,3,2,False,,0,False
R005717,P0191,20.7,2513,5.0,102.5,5.76,8.92,4,4,False,,0,False
R005718,P0191,36.6,5003,22.3,102.1,5.07,11.54,4,4,True,13:20,105,False
R005719,P0191,20.6,1407,2.8,56.6,5.93,10.37,4,1,True,15:25,97,False
R005720,P0191,0.0,901,0.0,213.8,5.83,1.92,5,7,False,,0,False
R005721,P0191,12.8,128,0.0,155.3,9.25,3.49,4,4,False,,0,True
R005722,P0191,36.2,4687,6.3,111.6,4.7,7.06,2,2,False,,0,False
R005723,P0191,29.6,4927,9.9,109.4,5.26,9.54,4,3,False,,0,False
R005724,P0191,14.9,2865,3.8,106.0,6.96,10.99,3,4,False,,0,True
R005725,P0191,27.0,3055,11.6,104.3,4.27,7.99,4,7,True,15:23,44,False
R005726,P0191,5.9,857,3.5,79.0,4.38,8.26,4,6,False,,0,False
R005727,P0191,11.8,1326,0.0,158.1,8.35,2.89,3,5,True,15:35,46,False
R005728,P0191,0.0,0,0.0,106.5,5.25,2.87,3,4,False,,0,False
R005729,P0191,28.2,2171,14.7,168.6,5.16,9.8,5,6,False,,0,False
R005730,P0191,10.5,1545,1.0,169.1,6.14,9.84,2,2,False,,0,False
R005731,P0192,66.5,6409,20.9,85.9,6.14,8.49,4,6,False,,0,False
R005732,P0192,41.4,6949,13.8,96.8,8.84,9.63,7,7,False,,0,False
R005733,P0192,25.1,3874,8.0,44.0,8.47,9.62,7,5,False,,0,False
R005734,P0192,70.5,7115,9.8,27.3,7.03,8.99,5,5,True,16:38,23,True
R005735,P0192,14.6,1575,0.0,158.2,6.4,8.14,6,5,False,,0,False
R005736,P0192,72.1,5691,23.4,154.9,7.79,1.74,5,4,False,,0,True
R005737,P0192,48.5,5029,4.4,76.9,7.49,2.26,8,7,False,,0,False
R005738,P0192,76.0,7997,18.8,112.9,6.56,9.26,7,3,False,,0,False
R005739,P0192,53.9,7274,18.7,74.3,6.45,7.83,6,7,False,,0,False
R005740,P0192,58.5,6415,17.9,72.5,6.7,8.27,7,5,False,,0,False
R005741,P0192,47.0,3443,20.7,0.1,8.03,8.46,6,5,True,17:46,40,False
R005742,P0192,43.1,5954,21.9,185.5,3.85,7.32,6,4,False,,0,False
R005743,P0192,66.5,7004,14.9,57.4,6.22,1.19,5,6,False,,0,False
R005744,P0192,79.1,8137,28.3,102.1,7.39,2.3,6,7,False,,0,False
R005745,P0192,52.3,4520,24.4,24.1,7.42,7.39,5,4,False,,0,False
R005746,P0192,95.2,9760,40.1,104.9,5.36,8.2,7,5,False,,0,False
R005747,P0192,37.2,5548,1.0,60.1,6.36,7.89,6,5,False,,0,False
R005748,P0192,34.7,4400,15.5,289.1,7.3,8.55,6,6,False,,0,True
R005749,P0192,47.2,6447,5.9,110.0,7.75,7.45,5,5,False,,0,False
R005750,P0192,74.1,8471,35.0,50.3,9.35,2.37,6,7,False,,0,False
R005751,P0192,33.6,2953,8.7,21.8,7.23,3.86,5,4,False,,0,True
R005752,P0192,54.6,5370,16.5,158.5,8.32,8.91,7,8,False,,0,False
R005753,P0192,42.4,3281,5.7,48.9,7.0,8.25,6,6,False,,0,False
R005754,P0192,56.5,6692,19.0,97.8,5.86,6.74,6,6,True,16:17,14,False
R005755,P0192,70.8,7314,25.1,105.9,7.12,8.76,9,6,False,,0,False
R005756,P0192,54.7,4763,22.2,41.6,11.01,7.62,4,6,False,,0,True
R005757,P0192,51.5,5114,18.6,95.3,6.1,3.68,6,7,True,17:21,59,False
R005758,P0192,64.4,9055,19.7,101.1,5.65,1.71,7,5,False,,0,False
R005759,P0192,87.8,8085,28.8,41.5,10.49,8.93,6,4,False,,0,True
R005760,P0192,75.6,7263,39.7,200.7,7.9,10.07,6,3,False,,0,False
R005761,P0193,23.2,2932,11.4,354.1,2.89,6.04,4,4,False,,0,False
R005762,P0193,63.2,6607,21.5,375.5,3.06,9.61,4,4,True,13:09,31,True
R005763,P0193,41.6,3713,1.2,329.4,5.38,9.41,5,6,False,,0,False
R005764,P0193,65.3,7984,9.8,197.4,6.35,10.98,4,3,True,16:14,42,False
R005765,P0193,17.9,3758,8.8,345.7,5.91,11.13,4,3,False,,0,False
R005766,P0193,67.6,7359,22.6,259.1,3.35,3.09,3,4,False,,0,False
R005767,P0193,20.4,1390,3.3,219.8,4.35,4.88,1,2,False,,0,False
R005768,P0193,24.8,2880,4.0,253.7,3.64,9.14,1,4,False,,0,False
R005769,P0193,19.1,3820,2.7,328.6,3.54,8.74,2,4,True,15:58,83,False
R005770,P0193,65.6,6457,11.9,318.8,2.95,10.51,4,4,False,,0,True
R005771,P0193,62.2,8047,21.6,359.4,3.93,9.51,3,2,False,,0,False
R005772,P0193,24.9,2970,16.2,281.5,5.12,10.27,3,3,False,,0,False
R005773,P0193,40.9,3175,16.9,313.4,4.12,2.95,2,5,False,,0,False
R005774,P0193,80.7,9323,25.0,181.9,4.32,3.91,3,6,False,,0,False
R005775,P0193,46.2,5970,12.0,337.5,7.31,10.58,2,2,False,,0,True
R005776,P0193,58.3,7108,14.5,248.6,2.72,9.99,2,2,False,,0,False
R005777,P0193,23.6,2176,3.0,347.5,4.5,9.87,2,4,False,,0,False
R005778,P0193,0.0,0,0.0,266.0,3.36,10.2,1,4,False,,0,False
R005779,P0193,25.0,3090,3.8,311.1,4.28,9.2,6,6,False,,0,False
R005780,P0193,74.7,8445,26.5,227.8,5.17,3.12,2,3,False,,0,False
R005781,P0193,86.9,7183,22.8,203.0,4.58,2.62,3,3,False,,0,True
R005782,P0193,37.1,4907,7.4,290.7,3.78,8.2,4,4,False,,0,False
R005783,P0193,21.3,1644,11.2,247.5,6.43,10.06,5,2,False,,0,False
R005784,P0193,37.9,4150,13.8,356.9,5.46,7.12,2,4,False,,0,False
R005785,P0193,38.0,4338,3.0,282.6,1.97,8.42,2,4,False,,0,False
R005786,P0193,43.2,4821,15.9,458.4,5.1,9.02,5,5,False,,0,True
R005787,P0193,50.2,7298,12.9,309.7,4.26,2.71,1,3,False,,0,False
R005788,P0193,58.7,6656,8.7,234.3,5.41,2.79,3,2,False,,0,False
R005789,P0193,2.3,0,0.0,344.9,5.24,9.58,2,6,False,,0,False
R005790,P0193,40.1,4234,7.7,269.7,5.24,8.81,2,3,False,,0,False
R005791,P0194,92.5,11827,33.5,70.0,6.73,7.41,7,7,False,,0,False
R005792,P0194,62.0,6880,39.1,107.9,5.61,6.52,8,6,False,,0,False
R005793,P0194,59.1,6237,14.3,90.1,6.4,7.67,10,5,True,13:24,60,False
R005794,P0194,25.4,2876,9.8,33.4,5.99,7.05,6,5,False,,0,False
R005795,P0194,76.2,10923,29.9,55.7,6.31,5.31,8,2,False,,0,False
R005796,P0194,73.5,7993,19.3,7.8,7.91,1.76,7,4,False,,0,True
R005797,P0194,71.6,5425,21.5,92.6,5.1,3.41,6,5,False,,0,False
R005798,P0194,90.1,8879,12.9,125.7,6.65,9.09,7,6,False,,0,False
R005799,P0194,82.9,9217,22.7,46.2,5.03,9.62,7,6,False,,0,False
R005800,P0194,48.3,4759,13.2,75.1,5.39,6.43,7,5,False,,0,False
R005801,P0194,54.3,5674,21.0,5.7,5.19,7.79,9,8,True,17:42,77,False
R005802,P0194,89.3,11600,24.2,0.0,6.58,6.66,6,5,False,,0,False
R005803,P0194,85.9,7592,14.9,74.9,6.53,3.24,6,4,False,,0,False
R005804,P0194,60.2,6453,30.8,293.5,5.56,2.31,6,6,False,,0,True
R005805,P0194,5.1,0,10.1,126.2,7.07,6.71,8,4,False,,0,True
R005806,P0194,94.5,9159,14.3,135.0,6.47,5.61,9,5,True,17:15,32,False
R005807,P0194,95.2,12082,20.1,38.4,4.07,8.56,7,6,False,,0,False
R005808,P0194,61.4,7848,29.2,141.9,6.61,6.19,6,6,False,,0,False
R005809,P0194,76.6,9153,26.4,0.0,10.85,7.77,8,5,False,,0,True
R005810,P0194,59.0,6279,5.8,93.0,6.29,4.49,7,7,False,,0,False
R005811,P0194,93.8,10235,15.2,83.6,7.1,3.36,8,6,False,,0,False
R005812,P0194,66.6,5336,22.8,42.6,5.79,6.71,9,8,False,,0,False
R005813,P0194,89.4,10176,44.0,126.8,6.89,6.83,6,3,False,,0,False
R005814,P0194,87.5,10123,17.6,0.0,7.03,6.49,8,4,True,14:14,45,False
R005815,P0194,68.5,7581,15.0,90.8,7.78,8.2,7,5,False,,0,False
R005816,P0194,73.6,6994,25.5,95.1,5.48,6.13,7,6,False,,0,True
R005817,P0194,68.9,6358,20.3,193.2,4.65,2.78,7,7,False,,0,False
R005818,P0194,44.3,4051,14.3,92.9,6.72,2.91,6,4,False,,0,False
R005819,P0194,81.6,8883,35.5,134.8,6.93,7.73,8,5,False,,0,False
R005820,P0194,85.5,9769,32.7,79.8,6.83,7.66,8,5,False,,0,False
R005821,P0195,79.5,9605,20.5,182.1,4.45,8.99,6,4,True,15:38,20,False
R005822,P0195,71.7,7596,17.6,210.8,1.44,7.19,8,4,False,,0,False
R005823,P0195,78.2,10680,9.5,414.1,2.19,9.0,7,6,False,,0,True
R005824,P0195,91.8,10094,33.6,191.9,3.93,11.13,8,8,True,15:58,10,False
R005825,P0195,63.8,4639,20.5,177.7,3.45,9.92,8,5,False,,0,False
R005826,P0195,82.6,9547,21.4,227.3,1.72,3.85,8,5,False,,0,False
R005827,P0195,110.6,14182,47.0,241.0,1.34,4.2,8,6,True,17:57,40,False
R005828,P0195,99.3,9489,36.0,238.7,2.79,9.78,10,8,False,,0,True
R005829,P0195,99.6,12049,17.9,223.8,2.55,7.33,8,7,False,,0,False
R005830,P0195,122.7,16030,54.4,175.1,2.71,7.58,7,4,False,,0,False
R005831,P0195,87.6,8730,22.6,223.8,2.39,8.13,8,4,False,,0,False
R005832,P0195,82.3,8422,22.4,191.5,2.71,8.76,6,4,False,,0,False
R005833,P0195,89.4,10252,37.1,271.3,2.77,1.17,7,7,False,,0,False
R005834,P0195,119.6,12675,35.9,253.7,1.22,2.23,7,7,False,,0,False
R005835,P0195,105.7,10199,32.5,228.0,2.53,8.55,6,4,True,15:09,49,False
R005836,P0195,110.9,12148,21.7,282.2,4.73,8.2,8,6,False,,0,False
R005837,P0195,68.2,7716,18.0,134.0,1.17,9.66,7,5,False,,0,False
R005838,P0195,118.8,10009,22.5,308.0,1.76,8.99,5,5,False,,0,False
R005839,P0195,95.0,12184,24.2,246.8,3.79,8.78,9,6,True,13:00,28,False
R005840,P0195,135.2,16867,17.8,222.1,2.02,3.3,6,7,False,,0,False
R005841,P0195,106.4,13103,27.3,185.3,3.67,3.14,7,4,False,,0,False
R005842,P0195,56.3,6720,11.0,186.3,2.26,8.23,6,4,False,,0,False
R005843,P0195,97.8,8867,42.6,223.8,3.31,9.82,9,6,False,,0,False
R005844,P0195,96.4,12157,31.9,260.6,2.7,8.03,6,5,False,,0,False
R005845,P0195,102.9,10804,46.0,187.8,1.22,8.64,6,4,False,,0,False
R005846,P0195,75.5,9713,36.9,253.1,2.73,9.17,6,3,False,,0,False
R005847,P0195,105.4,12153,35.8,257.2,2.62,2.0,6,7,False,,0,False
R005848,P0195,29.9,3707,9.8,211.2,1.53,1.67,6,5,False,,0,True
R005849,P0195,82.4,6808,21.1,217.5,2.84,9.8,9,6,False,,0,False
R005850,P0195,90.3,8467,27.0,236.3,3.06,7.76,5,6,False,,0,False
R005851,P0196,42.4,6877,11.9,48.7,6.21,9.29,10,4,False,,0,False
R005852,P0196,60.5,9069,13.7,255.1,4.98,7.55,8,6,False,,0,False
R005853,P0196,63.4,5535,30.4,99.0,3.9,7.13,9,7,False,,0,False
R005854,P0196,41.1,6196,17.7,172.3,6.32,8.75,6,6,False,,0,False
R005855,P0196,52.4,5390,8.2,171.4,6.99,8.68,9,6,False,,0,False
R005856,P0196,68.2,7735,32.1,187.9,5.33,2.74,6,3,False,,0,False
R005857,P0196,62.2,5246,16.1,144.6,6.07,2.15,10,7,True,14:21,35,True
R005858,P0196,44.0,3952,6.6,180.5,4.43,9.96,10,10,False,,0,False
R005859,P0196,35.0,4398,2.7,199.2,5.12,8.41,7,4,False,,0,False
R005860,P0196,46.2,4850,24.1,143.7,5.63,8.1,7,5,False,,0,False
R005861,P0196,18.1,1061,0.0,41.1,4.69,9.11,8,3,False,,0,False
R005862,P0196,32.1,3442,3.5,212.8,7.25,7.93,6,4,True,17:51,42,False
R005863,P0196,21.4,2209,0.0,43.3,5.92,2.04,9,4,False,,0,False
R005864,P0196,33.1,2966,9.2,80.2,5.34,2.19,9,5,False,,0,False
R005865,P0196,19.4,2243,9.3,103.6,5.57,8.65,8,2,False,,0,True
R005866,P0196,31.2,2844,12.3,85.7,5.17,8.53,9,5,False,,0,False
R005867,P0196,39.4,3520,16.8,171.8,4.87,9.37,6,7,True,16:07,23,False
R005868,P0196,55.1,5367,14.5,221.5,5.71,7.02,8,5,False,,0,False
R005869,P0196,40.4,3089,0.9,178.5,5.74,10.87,7,8,False,,0,False
R005870,P0196,85.8,9720,29.5,90.0,5.82,3.94,7,6,False,,0,False
R005871,P0196,28.9,3738,19.2,146.8,7.27,4.39,8,6,False,,0,False
R005872,P0196,65.3,9334,11.3,146.0,4.95,9.22,6,6,False,,0,False
R005873,P0196,66.8,7178,20.8,51.0,5.65,8.96,7,5,False,,0,False
R005874,P0196,56.0,7186,9.7,146.5,5.24,7.82,10,6,False,,0,False
R005875,P0196,65.4,7278,10.4,110.8,5.54,9.34,10,6,False,,0,True
R005876,P0196,13.0,1792,1.4,203.5,5.08,9.88,7,6,True,15:01,35,True
R005877,P0196,0.0,867,1.5,158.1,4.0,2.83,9,5,False,,0,False
R005878,P0196,31.2,3329,7.0,136.6,8.93,4.56,8,6,False,,0,True
R005879,P0196,28.1,1158,3.9,246.0,6.47,9.55,8,8,False,,0,False
R005880,P0196,61.8,6871,20.8,71.9,6.55,9.2,9,5,False,,0,False
R005881,P0197,66.5,8040,19.8,320.8,2.29,9.35,7,4,False,,0,False
R005882,P0197,63.1,7677,13.5,352.7,2.28,9.8,7,3,True,20:05,58,False
R005883,P0197,72.6,6600,10.9,413.3,1.5,8.31,9,5,True,19:44,18,False
R005884,P0197,67.1,8630,16.0,359.2,0.79,9.56,9,5,False,,0,True
R005885,P0197,71.8,7549,13.4,298.1,2.73,10.0,7,4,False,,0,False
R005886,P0197,64.0,5858,15.6,321.6,2.75,3.45,9,3,False,,0,False
R005887,P0197,71.7,9535,6.9,490.1,1.26,3.15,6,5,False,,0,False
R005888,P0197,64.2,7319,30.3,381.5,1.97,9.16,8,7,False,,0,False
R005889,P0197,85.9,8197,20.0,553.3,2.52,11.3,8,7,False,,0,True
R005890,P0197,59.5,7850,15.0,353.6,5.42,7.9,6,4,False,,0,False
R005891,P0197,57.8,5469,21.9,347.6,3.66,9.14,6,2,False,,0,False
R005892,P0197,65.5,5010,16.1,388.5,0.12,9.77,6,6,False,,0,False
R005893,P0197,58.2,6480,23.6,314.4,6.46,0.31,7,6,False,,0,True
R005894,P0197,54.7,7073,16.0,368.7,3.44,3.81,7,5,True,19:35,55,False
R005895,P0197,60.9,9437,6.6,343.2,2.71,10.58,7,6,True,21:49,52,False
R005896,P0197,78.1,9280,7.1,300.9,1.51,8.86,9,5,False,,0,True
R005897,P0197,16.0,2483,0.0,338.2,1.64,8.6,6,5,False,,0,True
R005898,P0197,72.3,6313,23.4,339.3,3.39,8.74,8,5,True,20:08,41,False
R005899,P0197,55.5,6067,24.1,365.9,2.38,8.88,7,5,False,,0,False
R005900,P0197,86.1,10872,23.5,290.2,2.87,3.01,4,5,False,,0,False
R005901,P0197,37.5,2880,14.8,370.8,1.99,3.92,6,6,False,,0,False
R005902,P0197,82.7,9991,21.7,363.6,3.47,7.06,7,6,False,,0,False
R005903,P0197,52.3,6552,21.1,333.5,5.76,9.84,5,3,True,20:25,71,True
R005904,P0197,47.4,4618,14.4,299.5,3.36,7.73,7,6,False,,0,False
R005905,P0197,64.7,8009,21.0,372.7,1.52,11.36,7,4,True,20:55,77,False
R005906,P0197,79.8,10955,12.4,299.6,1.12,9.98,6,6,False,,0,False
R005907,P0197,47.5,4007,15.1,532.8,2.63,2.37,8,6,True,21:06,52,True
R005908,P0197,104.2,11476,25.0,359.8,1.13,4.22,6,4,False,,0,False
R005909,P0197,87.0,8846,13.0,407.6,0.88,9.65,6,7,False,,0,False
R005910,P0197,76.4,6019,13.0,415.1,2.39,10.28,8,5,False,,0,True
R005911,P0198,51.7,8293,18.7,109.0,6.02,7.08,1,2,False,,0,False
R005912,P0198,67.2,7904,24.5,48.8,7.79,9.03,4,4,False,,0,False
R005913,P0198,59.6,8224,33.3,214.1,6.07,7.55,2,5,False,,0,False
R005914,P0198,38.2,3900,0.6,181.6,6.2,7.97,5,4,False,,0,False
R005915,P0198,65.3,6879,24.4,159.0,7.22,6.21,4,4,True,14:18,51,False
R005916,P0198,28.1,2815,11.4,326.6,6.99,1.85,5,6,True,15:02,87,True
R005917,P0198,45.1,4758,20.8,116.3,5.62,2.49,5,6,False,,0,False
R005918,P0198,67.1,5626,33.3,107.2,3.43,7.83,5,5,False,,0,True
R005919,P0198,83.1,9324,26.7,78.7,6.42,8.13,4,2,False,,0,False
R005920,P0198,52.4,4046,16.4,95.3,5.66,6.31,4,4,False,,0,False
R005921,P0198,74.6,7649,31.5,105.9,4.99,7.44,6,3,False,,0,False
R005922,P0198,39.7,4568,14.6,194.0,5.26,6.57,4,6,False,,0,False
R005923,P0198,1.4,87,12.3,135.8,5.34,1.95,6,4,False,,0,False
R005924,P0198,64.0,7892,35.6,106.5,6.82,2.95,3,6,False,,0,False
R005925,P0198,43.0,5781,12.2,110.3,5.64,8.77,1,5,False,,0,False
R005926,P0198,30.7,3037,12.3,152.0,5.91,7.93,4,4,False,,0,False
R005927,P0198,53.7,5013,24.2,80.2,6.7,7.17,7,4,True,13:50,84,False
R005928,P0198,43.7,7064,10.5,195.8,5.7,5.97,3,2,False,,0,False
R005929,P0198,47.0,4065,23.4,65.8,5.51,5.2,6,6,False,,0,False
R005930,P0198,41.5,6921,1.7,93.6,4.57,2.49,4,4,False,,0,False
R005931,P0198,53.1,5655,13.3,30.0,7.45,2.87,5,5,False,,0,False
R005932,P0198,65.4,8299,11.8,169.2,5.41,8.9,3,4,False,,0,False
R005933,P0198,56.1,6808,17.8,0.0,4.76,8.81,5,5,False,,0,False
R005934,P0198,6.5,1528,0.0,109.5,5.18,7.11,4,5,False,,0,True
R005935,P0198,70.2,6251,23.8,99.9,6.58,7.68,4,5,True,17:54,26,False
R005936,P0198,35.4,3994,18.0,138.1,6.36,6.79,3,3,False,,0,False
R005937,P0198,70.7,7495,29.3,119.7,6.04,1.95,4,4,False,,0,False
R005938,P0198,23.0,3096,10.2,65.4,5.25,0.67,2,3,False,,0,True
R005939,P0198,37.6,3152,12.3,100.4,5.99,8.1,3,5,False,,0,False
R005940,P0198,59.8,5671,21.2,87.6,5.79,8.31,4,5,False,,0,False
R005941,P0199,79.4,8738,18.7,12.3,2.99,9.36,2,4,False,,0,False
R005942,P0199,111.5,11981,38.7,72.9,2.82,10.41,3,5,False,,0,False
R005943,P0199,114.7,13731,23.1,57.9,2.26,10.23,2,6,False,,0,False
R005944,P0199,90.6,12465,41.1,0.0,1.15,8.77,4,4,False,,0,False
R005945,P0199,70.0,7616,25.7,30.9,3.69,11.43,2,4,False,,0,False
R005946,P0199,53.9,5755,17.2,0.0,2.85,3.26,3,4,False,,0,False
R005947,P0199,93.1,9483,32.5,0.0,2.35,3.71,3,5,False,,0,False
R005948,P0199,101.1,8693,44.4,0.0,1.68,11.0,3,4,False,,0,False
R005949,P0199,71.1,8035,18.9,15.8,1.87,9.53,4,4,True,17:00,37,False
R005950,P0199,117.3,15582,49.4,51.0,3.29,10.86,2,4,False,,0,False
R005951,P0199,98.1,9469,27.2,0.0,2.85,10.82,4,6,False,,0,True
R005952,P0199,90.1,9199,18.5,27.4,2.98,12.95,5,4,False,,0,False
R005953,P0199,94.1,9414,36.4,0.0,2.39,6.21,1,4,False,,0,False
R005954,P0199,82.3,7439,21.3,80.4,2.38,3.77,4,5,False,,0,False
R005955,P0199,82.1,10595,37.2,2.2,2.49,10.06,3,5,False,,0,False
R005956,P0199,117.2,13141,24.2,17.4,1.61,11.04,4,6,False,,0,False
R005957,P0199,23.6,2285,6.5,17.4,1.7,11.28,4,5,False,,0,True
R005958,P0199,101.1,9983,32.2,42.4,1.52,9.41,3,3,False,,0,False
R005959,P0199,83.2,10615,41.9,0.0,3.94,9.07,3,6,False,,0,False
R005960,P0199,85.2,8890,26.9,27.2,1.4,3.53,4,4,False,,0,True
R005961,P0199,86.8,10343,10.4,0.0,1.07,2.55,5,5,False,,0,False
R005962,P0199,72.2,7997,10.6,40.7,0.91,11.58,5,5,False,,0,False
R005963,P0199,102.3,12110,40.3,76.2,0.16,9.15,2,4,False,,0,False
R005964,P0199,59.4,6191,15.3,37.8,0.4,9.25,3,3,True,15:48,58,True
R005965,P0199,83.9,6971,29.2,0.0,2.55,10.3,5,9,True,16:12,84,False
R005966,P0199,102.8,11897,25.1,0.0,2.56,11.62,3,4,False,,0,False
R005967,P0199,102.7,10227,41.6,0.0,2.29,2.38,3,4,True,13:42,10,False
R005968,P0199,73.3,7553,17.6,53.1,3.03,2.3,2,2,False,,0,False
R005969,P0199,84.4,8356,18.9,143.5,2.23,10.48,4,3,False,,0,True
R005970,P0199,87.8,9244,38.5,79.5,2.67,10.87,4,4,False,,0,False
R005971,P0200,6.9,1653,9.1,386.4,0.82,6.47,6,7,False,,0,False
R005972,P0200,16.4,3359,12.3,290.0,3.74,10.08,7,7,False,,0,False
R005973,P0200,34.6,4828,10.6,307.8,2.94,7.79,8,6,False,,0,False
R005974,P0200,27.6,3701,5.6,285.8,4.2,7.09,5,7,False,,0,False
R005975,P0200,69.4,9768,21.5,260.1,4.18,8.37,5,6,False,,0,False
R005976,P0200,35.6,3070,7.9,235.5,4.03,1.76,4,6,False,,0,False
R005977,P0200,57.9,5072,7.1,362.9,4.48,3.12,5,5,False,,0,False
R005978,P0200,20.9,3603,0.0,369.6,2.89,7.83,7,4,False,,0,False
R005979,P0200,54.7,7316,6.0,342.3,4.77,8.32,7,4,False,,0,True
R005980,P0200,16.5,1865,0.0,289.9,2.27,6.73,6,7,False,,0,False
R005981,P0200,48.3,5707,20.0,347.5,4.4,8.92,5,4,False,,0,False
R005982,P0200,36.7,5212,11.0,328.2,3.84,9.98,5,6,False,,0,False
R005983,P0200,44.5,6110,11.6,316.1,6.61,5.86,5,5,False,,0,True
R005984,P0200,47.6,5389,4.3,351.9,4.07,3.65,6,5,False,,0,False
R005985,P0200,21.4,2738,0.0,288.2,2.7,6.82,8,7,False,,0,False
R005986,P0200,57.4,5655,11.2,389.5,1.58,7.94,6,4,False,,0,False
R005987,P0200,48.6,4230,10.0,296.8,2.59,6.11,4,5,False,,0,False
R005988,P0200,57.6,5054,20.8,430.8,2.66,8.13,5,4,False,,0,False
R005989,P0200,67.1,7360,13.9,243.3,3.45,8.04,5,3,False,,0,False
R005990,P0200,51.1,5274,10.6,295.4,3.52,3.47,5,3,False,,0,False
R005991,P0200,36.5,2957,3.7,296.1,4.08,3.44,4,6,False,,0,False
R005992,P0200,13.3,2663,6.0,376.1,3.02,8.5,5,6,False,,0,False
R005993,P0200,2.5,0,0.0,401.2,5.42,7.2,5,5,False,,0,True
R005994,P0200,76.1,6617,6.9,310.5,3.02,8.75,4,4,False,,0,False
R005995,P0200,42.9,5743,6.4,324.3,2.4,9.34,4,4,False,,0,False
R005996,P0200,5.6,645,0.0,366.3,4.29,9.48,8,6,False,,0,False
R005997,P0200,9.0,2209,12.3,226.6,5.22,2.65,4,4,True,13:33,10,True
R005998,P0200,2.5,0,6.3,257.1,2.57,3.72,5,6,False,,0,False
R005999,P0200,16.9,2635,10.8,371.0,4.39,7.41,5,3,False,,0,False
R006000,P0200,35.0,3777,0.0,302.0,1.74,7.03,7,7,False,,0,False
R006001,P0201,20.2,1392,12.1,424.9,2.78,7.14,2,3,False,,0,True
R006002,P0201,42.8,4069,21.5,327.6,2.93,8.84,4,5,False,,0,False
R006003,P0201,0.0,1498,0.0,308.9,3.75,5.92,3,2,False,,0,False
R006004,P0201,37.8,4758,14.3,371.6,7.75,7.21,1,3,False,,0,True
R006005,P0201,34.8,5303,4.1,285.8,2.97,8.0,2,3,False,,0,False
R006006,P0201,7.9,975,0.0,334.0,9.0,3.11,4,4,False,,0,True
R006007,P0201,35.5,4506,20.5,305.2,2.3,1.45,2,4,True,15:51,39,True
R006008,P0201,38.0,5112,13.1,275.7,2.16,8.11,4,6,False,,0,False
R006009,P0201,0.0,14,2.6,255.1,3.72,7.88,2,2,False,,0,False
R006010,P0201,0.0,124,6.4,253.7,3.74,8.09,1,3,False,,0,False
R006011,P0201,0.0,0,0.0,218.2,2.94,8.07,2,4,False,,0,False
R006012,P0201,0.0,0,0.9,341.4,2.38,5.77,4,3,False,,0,False
R006013,P0201,9.1,1988,8.5,366.6,3.35,2.02,3,5,False,,0,False
R006014,P0201,0.0,474,0.0,282.7,3.06,2.22,1,4,False,,0,False
R006015,P0201,6.5,1042,2.8,293.3,4.11,8.34,4,2,True,15:51,46,False
R006016,P0201,22.8,2558,5.4,279.3,3.37,8.79,4,3,True,14:17,55,False
R006017,P0201,0.0,0,10.9,313.0,2.82,7.81,2,2,False,,0,False
R006018,P0201,31.3,3769,14.6,294.5,2.89,7.11,1,4,False,,0,False
R006019,P0201,1.2,0,14.2,323.1,3.16,7.85,3,4,False,,0,False
R006020,P0201,7.0,658,0.0,374.1,2.99,2.22,3,4,False,,0,False
R006021,P0201,0.0,0,0.0,362.6,4.02,2.48,1,3,False,,0,True
R006022,P0201,13.6,872,2.2,353.5,2.98,7.7,2,4,False,,0,False
R006023,P0201,10.6,453,4.2,411.3,2.64,7.79,4,7,False,,0,False
R006024,P0201,0.0,10,0.0,330.1,1.97,9.08,3,4,False,,0,False
R006025,P0201,25.9,3496,9.3,387.8,1.97,7.32,3,4,False,,0,False
R006026,P0201,29.6,4812,4.0,327.5,3.33,8.91,1,3,False,,0,False
R006027,P0201,3.9,531,0.0,351.5,3.82,2.66,2,4,True,15:12,49,False
R006028,P0201,7.6,1256,1.5,301.6,3.41,3.62,4,3,False,,0,False
R006029,P0201,0.0,0,10.1,312.2,4.34,9.41,2,3,False,,0,False
R006030,P0201,12.7,825,0.0,276.6,2.26,9.22,1,2,False,,0,False
R006031,P0202,0.1,886,9.1,0.0,7.96,6.26,5,5,False,,0,True
R006032,P0202,15.9,1866,17.9,89.7,6.35,7.55,4,4,True,13:17,51,False
R006033,P0202,0.0,476,10.3,3.5,8.34,6.96,5,3,False,,0,False
R006034,P0202,4.6,1271,11.6,42.7,7.61,7.91,7,8,False,,0,False
R006035,P0202,0.0,0,0.0,0.0,8.35,7.38,5,6,False,,0,False
R006036,P0202,8.9,1545,10.8,0.0,7.78,3.93,3,5,False,,0,False
R006037,P0202,0.0,236,0.0,42.1,8.56,1.81,7,6,False,,0,False
R006038,P0202,18.1,2223,11.5,27.5,12.05,5.55,5,5,False,,0,True
R006039,P0202,0.0,0,0.0,29.0,7.36,8.61,5,6,False,,0,False
R006040,P0202,0.0,364,0.1,24.7,5.35,6.9,6,6,False,,0,False
R006041,P0202,17.4,2609,0.2,109.4,7.8,8.86,4,6,False,,0,False
R006042,P0202,0.0,0,0.5,0.0,8.03,7.51,5,3,False,,0,False
R006043,P0202,10.7,1037,4.5,63.5,6.64,1.23,4,6,True,13:50,57,False
R006044,P0202,0.0,364,0.0,14.7,7.11,4.13,6,7,False,,0,False
R006045,P0202,6.8,1284,3.8,0.0,6.95,5.36,5,4,False,,0,False
R006046,P0202,7.4,930,6.3,0.0,8.36,9.25,2,1,True,17:08,53,False
R006047,P0202,0.0,0,0.0,21.6,7.62,8.59,6,6,False,,0,False
R006048,P0202,24.4,3981,7.2,0.0,8.41,6.3,3,4,False,,0,False
R006049,P0202,0.8,372,0.0,0.0,6.48,7.12,5,6,False,,0,True
R006050,P0202,4.1,0,0.0,21.2,9.49,3.85,5,3,False,,0,False
R006051,P0202,0.0,0,2.1,84.5,7.72,1.5,5,3,False,,0,False
R006052,P0202,0.0,473,11.8,1.4,8.77,7.4,5,6,False,,0,False
R006053,P0202,0.0,1220,7.3,0.0,6.78,7.1,5,4,False,,0,False
R006054,P0202,6.6,932,1.6,56.1,8.15,7.19,6,6,False,,0,True
R006055,P0202,0.0,0,0.0,10.1,6.73,6.28,7,4,False,,0,False
R006056,P0202,0.0,0,1.6,0.0,8.74,5.63,3,4,True,15:55,34,True
R006057,P0202,20.8,2953,2.0,330.0,5.57,2.39,5,4,False,,0,True
R006058,P0202,0.0,0,0.1,27.6,7.27,3.09,6,3,False,,0,False
R006059,P0202,0.0,1056,0.0,269.5,8.34,6.39,5,5,False,,0,True
R006060,P0202,0.0,0,0.0,0.0,5.66,5.78,6,4,False,,0,False
R006061,P0203,83.1,9614,34.9,149.8,6.16,3.53,4,5,True,14:27,34,False
R006062,P0203,45.0,4938,12.1,115.5,4.75,6.34,6,5,False,,0,False
R006063,P0203,48.0,4772,17.5,188.2,5.29,4.43,3,3,False,,0,False
R006064,P0203,58.9,7018,19.1,201.3,7.38,3.96,6,6,False,,0,False
R006065,P0203,25.6,3112,10.6,193.1,5.07,5.68,5,5,False,,0,True
R006066,P0203,61.1,5039,18.3,166.8,7.3,4.33,5,6,False,,0,False
R006067,P0203,69.1,8035,29.9,237.6,4.82,1.67,3,4,False,,0,False
R006068,P0203,50.0,6034,24.6,187.5,7.41,3.77,4,4,True,14:40,133,False
R006069,P0203,62.2,6949,11.6,192.2,5.19,4.64,5,6,False,,0,False
R006070,P0203,63.0,8044,34.6,153.7,5.9,4.01,6,6,False,,0,False
R006071,P0203,52.7,4347,20.7,180.2,6.43,4.16,4,4,True,17:12,39,False
R006072,P0203,58.0,6387,26.1,224.8,5.58,5.31,4,6,False,,0,False
R006073,P0203,26.0,4042,22.0,213.9,6.63,0.52,4,5,True,15:08,56,False
R006074,P0203,24.2,1331,13.0,265.5,6.24,2.15,4,4,False,,0,False
R006075,P0203,34.8,3769,8.9,175.8,4.74,4.93,3,4,False,,0,False
R006076,P0203,38.6,3259,5.9,144.6,7.41,6.01,7,7,False,,0,True
R006077,P0203,63.8,6725,19.4,183.6,6.56,8.26,6,5,False,,0,False
R006078,P0203,73.0,8412,24.6,211.6,5.74,5.5,3,3,False,,0,False
R006079,P0203,24.3,2407,11.6,236.4,6.3,3.78,5,1,True,13:24,110,False
R006080,P0203,66.6,6290,19.0,237.0,6.83,2.74,6,6,True,17:44,73,False
R006081,P0203,78.5,10009,27.3,286.8,6.71,2.01,4,4,False,,0,False
R006082,P0203,45.5,3489,10.9,141.6,6.4,5.28,6,6,False,,0,True
R006083,P0203,43.3,4848,7.8,235.7,5.94,4.3,6,3,True,14:29,16,False
R006084,P0203,57.1,7638,13.7,232.7,6.3,3.87,8,6,False,,0,False
R006085,P0203,13.3,1949,8.9,246.6,4.8,4.35,4,2,True,14:07,49,True
R006086,P0203,42.6,4690,13.7,192.0,4.44,4.23,5,4,True,13:53,37,False
R006087,P0203,86.9,9400,13.9,247.0,7.58,0.64,6,6,False,,0,False
R006088,P0203,68.5,4782,19.9,147.2,8.81,2.12,5,5,True,13:44,36,True
R006089,P0203,47.3,4613,19.9,194.2,5.17,3.24,5,7,False,,0,False
R006090,P0203,21.4,1441,7.8,214.8,7.37,5.62,4,5,True,14:42,10,True
R006091,P0204,24.7,2455,17.1,73.1,6.83,9.01,7,5,True,13:45,32,False
R006092,P0204,37.7,3996,10.8,139.4,6.82,8.94,6,5,False,,0,False
R006093,P0204,32.3,4654,5.8,13.8,6.24,10.5,6,6,False,,0,False
R006094,P0204,57.1,7214,15.6,112.5,7.27,9.72,7,5,False,,0,False
R006095,P0204,22.7,2534,2.7,19.6,5.52,8.04,3,4,True,17:00,87,True
R006096,P0204,69.5,6767,26.7,38.7,7.49,4.15,4,5,True,13:14,60,False
R006097,P0204,69.1,7162,38.3,109.0,6.63,2.78,6,8,True,17:33,10,True
R006098,P0204,49.0,6184,16.0,157.0,5.53,8.26,6,8,False,,0,False
R006099,P0204,33.0,4990,7.6,65.9,9.33,9.69,4,3,True,13:23,45,False
R006100,P0204,60.3,7328,19.7,134.5,4.53,9.27,7,7,True,14:10,68,False
R006101,P0204,65.3,9182,31.0,165.1,5.23,8.78,6,6,False,,0,False
R006102,P0204,26.8,3217,9.6,116.2,6.63,8.04,5,4,False,,0,False
R006103,P0204,47.9,4530,7.2,75.5,7.09,2.51,7,3,True,17:28,29,False
R006104,P0204,32.0,2735,18.6,73.2,5.89,2.91,8,6,False,,0,False
R006105,P0204,51.7,6237,19.9,142.6,5.6,8.67,6,4,False,,0,False
R006106,P0204,32.5,4512,14.4,193.1,7.31,9.06,8,6,False,,0,True
R006107,P0204,73.4,10557,16.2,24.9,7.41,8.38,8,4,False,,0,True
R006108,P0204,53.7,6660,16.7,82.9,6.26,7.96,4,4,True,16:55,18,True
R006109,P0204,41.6,4199,6.3,92.0,5.09,7.9,7,9,True,15:56,63,False
R006110,P0204,28.8,2266,3.3,284.5,4.48,1.52,6,2,True,17:48,86,True
R006111,P0204,52.9,4483,0.0,8.1,6.78,3.93,5,4,False,,0,False
R006112,P0204,53.7,6426,24.9,9.6,8.38,8.56,6,5,False,,0,False
R006113,P0204,54.3,4964,18.5,145.2,5.0,8.28,6,5,True,14:58,62,False
R006114,P0204,33.7,5163,8.7,49.2,6.84,9.09,4,8,False,,0,False
R006115,P0204,13.3,1541,9.4,84.0,4.28,8.67,7,6,False,,0,False
R006116,P0204,40.5,4655,8.8,92.3,4.52,8.89,5,4,False,,0,False
R006117,P0204,25.8,1758,15.8,41.2,7.31,3.08,4,4,False,,0,False
R006118,P0204,28.2,3424,11.1,25.5,10.34,3.08,6,5,False,,0,True
R006119,P0204,56.2,5824,9.8,93.1,4.6,8.49,6,6,False,,0,False
R006120,P0204,40.5,4161,23.3,119.3,8.23,9.68,7,6,True,14:06,31,False
R006121,P0205,46.0,7351,13.1,149.1,4.87,8.35,2,1,False,,0,False
R006122,P0205,63.9,6530,26.0,129.7,3.94,7.54,3,5,True,13:14,43,False
R006123,P0205,53.1,5000,28.2,354.8,4.0,8.76,4,4,True,16:45,47,True
R006124,P0205,87.2,9382,31.1,55.8,4.39,8.66,3,3,False,,0,False
R006125,P0205,51.7,7917,30.8,101.0,3.52,7.02,5,5,False,,0,True
R006126,P0205,45.6,4164,13.9,126.8,3.76,3.53,3,4,True,16:41,25,False
R006127,P0205,54.0,6469,21.0,103.6,4.57,1.92,5,6,False,,0,False
R006128,P0205,62.2,7541,32.7,110.6,3.53,6.01,5,5,False,,0,False
R006129,P0205,67.7,8367,13.6,151.1,4.02,7.56,4,5,False,,0,False
R006130,P0205,75.0,7480,22.3,69.6,4.1,7.97,4,3,False,,0,False
R006131,P0205,62.8,7270,19.3,105.1,4.54,8.04,5,3,True,16:17,72,False
R006132,P0205,56.0,4938,28.2,146.5,3.1,9.76,4,4,False,,0,False
R006133,P0205,75.0,7477,27.4,60.8,3.28,3.86,3,4,False,,0,False
R006134,P0205,53.8,6348,13.2,86.7,4.99,1.16,5,3,True,15:58,35,False
R006135,P0205,38.2,3763,7.2,90.2,4.75,7.95,3,4,False,,0,False
R006136,P0205,6.7,131,2.9,142.0,3.84,9.27,5,5,False,,0,False
R006137,P0205,58.1,6590,27.3,91.4,5.06,7.82,2,4,True,16:05,40,True
R006138,P0205,44.6,3918,1.2,79.4,4.2,9.4,5,4,False,,0,False
R006139,P0205,12.9,1723,2.9,62.3,2.75,7.53,3,4,False,,0,False
R006140,P0205,69.6,6840,23.7,117.6,2.72,1.78,5,7,False,,0,False
R006141,P0205,50.1,5638,1.7,121.1,3.48,3.03,4,5,False,,0,False
R006142,P0205,66.3,8626,17.5,123.6,3.39,6.26,4,4,False,,0,False
R006143,P0205,17.2,1128,6.5,139.3,1.47,7.92,3,5,False,,0,False
R006144,P0205,80.7,7050,2.1,211.3,4.05,8.63,4,5,False,,0,False
R006145,P0205,70.8,9317,25.1,71.7,2.38,6.98,3,6,False,,0,False
R006146,P0205,30.1,4652,21.9,124.2,4.2,7.67,1,1,False,,0,False
R006147,P0205,46.5,5784,6.1,126.9,2.82,2.6,2,4,False,,0,False
R006148,P0205,44.6,4227,14.6,137.0,3.47,3.18,3,5,False,,0,False
R006149,P0205,57.4,6977,4.3,76.0,3.35,11.02,4,2,False,,0,False
R006150,P0205,53.8,6431,10.3,69.7,3.82,9.07,4,4,True,14:34,68,False
R006151,P0206,99.7,12295,25.5,150.6,2.38,10.32,6,5,False,,0,False
R006152,P0206,100.7,10819,47.4,62.0,3.99,10.07,6,5,False,,0,False
R006153,P0206,20.3,1133,0.0,100.7,4.37,8.09,8,7,False,,0,True
R006154,P0206,85.6,8911,30.6,78.3,3.16,7.87,6,6,False,,0,False
R006155,P0206,94.0,8958,26.2,22.4,4.29,8.77,6,5,False,,0,False
R006156,P0206,95.3,8268,42.4,103.1,2.07,3.32,7,6,False,,0,False
R006157,P0206,69.1,8994,28.1,177.7,2.43,1.65,5,4,False,,0,False
R006158,P0206,88.4,10005,21.6,87.8,3.94,7.7,6,6,False,,0,False
R006159,P0206,66.4,6477,16.0,117.3,4.18,8.77,7,5,False,,0,False
R006160,P0206,96.6,11295,35.4,15.4,2.14,8.78,7,6,True,13:02,63,False
R006161,P0206,94.3,9386,32.1,126.5,4.25,9.22,9,6,True,15:49,55,True
R006162,P0206,80.7,7341,21.2,95.5,2.48,7.25,6,3,False,,0,False
R006163,P0206,86.9,8641,37.7,175.9,1.99,3.33,6,4,True,17:54,39,False
R006164,P0206,98.1,11702,21.4,40.9,3.94,3.1,9,5,False,,0,False
R006165,P0206,98.5,10756,36.3,113.8,2.47,8.99,6,3,False,,0,False
R006166,P0206,88.3,8743,30.7,134.9,0.6,9.25,7,4,False,,0,False
R006167,P0206,70.3,7422,28.8,95.7,3.48,8.4,7,5,False,,0,False
R006168,P0206,87.1,10855,27.1,140.1,2.92,8.23,8,4,True,17:58,17,False
R006169,P0206,85.6,11793,40.9,129.2,1.33,9.46,10,6,False,,0,False
R006170,P0206,92.1,12645,27.2,121.6,2.65,3.45,6,5,False,,0,False
R006171,P0206,44.1,6395,14.5,126.7,3.15,3.35,4,6,False,,0,False
R006172,P0206,92.2,11405,12.9,175.8,2.51,8.07,7,6,True,14:04,37,False
R006173,P0206,97.6,11725,44.5,118.2,1.53,8.45,8,7,False,,0,False
R006174,P0206,81.6,7827,32.6,266.5,2.85,9.75,7,4,False,,0,True
R006175,P0206,99.7,13375,36.0,78.2,2.27,7.42,7,5,False,,0,False
R006176,P0206,101.6,12434,47.3,183.4,0.56,9.25,6,6,False,,0,False
R006177,P0206,112.7,14540,28.7,109.0,4.05,2.43,7,3,False,,0,False
R006178,P0206,122.3,15848,38.0,112.8,1.52,3.6,5,7,True,16:54,73,True
R006179,P0206,87.3,10455,36.6,73.5,2.36,9.4,7,5,True,15:24,63,False
R006180,P0206,108.5,13132,31.9,54.8,3.17,7.72,6,4,False,,0,False
R006181,P0207,37.7,3728,4.7,357.9,5.78,8.68,5,6,False,,0,False
R006182,P0207,68.4,6512,11.9,244.3,4.52,8.75,5,4,False,,0,False
R006183,P0207,43.0,5291,7.6,310.1,2.72,7.75,4,6,False,,0,False
R006184,P0207,68.8,6664,33.7,260.4,4.51,8.98,6,6,True,14:58,63,False
R006185,P0207,50.9,3454,10.7,349.3,4.29,8.05,4,5,False,,0,False
R006186,P0207,30.1,2094,12.3,328.3,3.93,3.31,7,6,False,,0,False
R006187,P0207,50.0,4947,4.2,395.0,3.89,3.79,4,6,False,,0,False
R006188,P0207,38.4,4173,23.5,597.0,1.73,9.05,4,5,False,,0,True
R006189,P0207,58.6,4383,13.2,215.5,3.47,6.35,4,5,False,,0,False
R006190,P0207,52.4,4509,17.2,293.7,6.94,6.33,3,4,True,16:02,46,False
R006191,P0207,38.9,6182,17.7,246.6,5.38,7.68,5,5,False,,0,False
R006192,P0207,46.6,5662,26.9,328.6,4.33,8.92,6,6,False,,0,False
R006193,P0207,40.3,4657,13.7,279.1,3.27,2.02,5,4,False,,0,False
R006194,P0207,48.5,5858,23.3,306.7,3.86,2.74,6,6,False,,0,False
R006195,P0207,35.8,3992,8.7,296.5,3.99,7.77,5,3,False,,0,False
R006196,P0207,81.2,7989,46.5,283.1,4.43,8.79,3,3,False,,0,False
R006197,P0207,44.6,4731,10.6,306.1,4.67,7.91,5,7,False,,0,False
R006198,P0207,57.8,7360,20.6,324.8,4.87,7.39,3,5,False,,0,False
R006199,P0207,52.7,3596,13.9,251.5,6.78,8.69,5,4,False,,0,False
R006200,P0207,26.5,2617,5.9,244.1,3.04,2.02,5,7,True,13:41,42,False
R006201,P0207,60.2,5564,11.0,323.8,4.4,4.12,4,6,True,17:19,52,False
R006202,P0207,51.9,5443,26.6,557.2,2.82,8.74,4,4,False,,0,True
R006203,P0207,51.2,4571,29.9,299.2,4.59,7.86,4,4,False,,0,False
R006204,P0207,20.6,2781,5.5,233.9,4.89,6.96,6,5,False,,0,False
R006205,P0207,32.9,3532,11.6,224.5,4.78,9.68,5,2,False,,0,False
R006206,P0207,49.5,6221,8.7,264.7,2.86,7.61,3,3,False,,0,False
R006207,P0207,11.0,330,0.0,332.2,4.8,1.99,6,6,False,,0,True
R006208,P0207,31.8,3835,7.6,315.9,4.89,3.42,6,4,False,,0,False
R006209,P0207,70.3,7129,25.6,398.6,2.46,8.05,5,3,True,13:20,25,False
R006210,P0207,50.6,5415,5.4,289.2,5.0,7.64,5,3,False,,0,False
R006211,P0208,55.0,6685,4.2,0.0,2.87,6.31,4,8,False,,0,False
R006212,P0208,70.8,8381,30.0,0.0,4.85,7.48,4,6,False,,0,False
R006213,P0208,66.3,8515,17.9,21.4,5.44,6.95,7,3,True,13:06,35,True
R006214,P0208,64.6,6235,22.7,72.5,4.41,7.2,7,7,False,,0,False
R006215,P0208,105.4,13367,46.4,0.0,4.46,7.71,7,3,False,,0,False
R006216,P0208,67.4,8136,9.7,0.0,4.57,2.24,5,4,False,,0,False
R006217,P0208,27.4,3877,13.0,0.0,2.01,1.81,7,3,False,,0,False
R006218,P0208,68.9,7287,15.8,0.0,7.44,5.7,5,5,False,,0,True
R006219,P0208,106.8,11957,30.2,0.0,3.86,8.46,7,4,False,,0,False
R006220,P0208,65.6,7993,20.4,38.6,3.67,7.54,6,3,False,,0,True
R006221,P0208,66.0,6771,25.9,39.6,4.38,9.26,5,6,False,,0,False
R006222,P0208,34.3,4397,2.7,39.4,2.61,3.73,6,3,False,,0,False
R006223,P0208,69.5,6229,11.3,52.4,3.91,1.8,5,6,False,,0,False
R006224,P0208,106.3,13765,39.3,43.2,4.96,0.88,5,7,False,,0,True
R006225,P0208,44.6,6724,3.2,0.0,3.26,6.2,8,6,False,,0,True
R006226,P0208,74.0,8185,33.5,57.9,4.64,8.08,6,4,False,,0,False
R006227,P0208,98.9,9734,41.3,0.0,2.4,6.26,6,8,False,,0,False
R006228,P0208,63.3,7257,20.9,16.8,3.2,5.76,6,4,False,,0,False
R006229,P0208,82.9,8407,30.8,53.8,3.52,6.68,6,4,True,13:29,43,False
R006230,P0208,33.0,2644,14.0,29.4,2.06,3.21,6,5,False,,0,False
R006231,P0208,101.0,11719,27.7,0.0,3.42,2.5,4,5,False,,0,False
R006232,P0208,77.5,11024,19.3,0.0,3.31,6.37,8,6,True,16:54,45,False
R006233,P0208,63.1,4959,27.3,0.0,2.66,6.63,6,6,False,,0,False
R006234,P0208,68.8,9366,30.3,0.0,2.41,6.88,4,5,False,,0,False
R006235,P0208,56.5,5945,16.0,0.0,3.67,6.19,4,3,False,,0,False
R006236,P0208,67.4,6604,10.6,0.0,4.25,6.36,6,4,False,,0,False
R006237,P0208,82.5,8404,26.3,20.9,1.35,2.98,5,5,False,,0,False
R006238,P0208,70.6,6834,20.3,103.7,5.82,3.35,6,7,True,17:53,36,True
R006239,P0208,68.4,6840,8.8,22.7,4.78,5.87,5,7,True,16:32,13,False
R006240,P0208,79.2,8186,18.9,20.5,3.52,6.64,6,4,False,,0,False
R006241,P0209,76.6,8687,36.4,123.3,5.51,4.25,7,4,True,16:47,47,True
R006242,P0209,65.2,7727,22.0,192.2,4.99,4.9,7,7,False,,0,True
R006243,P0209,83.8,9749,17.8,146.0,3.34,6.01,7,7,True,16:08,48,False
R006244,P0209,107.4,12609,42.7,85.2,6.29,5.68,7,4,False,,0,False
R006245,P0209,103.8,11838,19.8,200.3,6.68,7.16,6,7,False,,0,False
R006246,P0209,91.7,11773,26.0,248.6,3.76,2.48,6,5,False,,0,False
R006247,P0209,68.6,5116,16.4,142.8,3.0,2.28,8,6,False,,0,False
R006248,P0209,75.8,9423,31.7,192.6,5.17,5.42,5,3,False,,0,False
R006249,P0209,57.3,5626,28.9,148.8,4.42,5.14,7,6,True,17:39,67,True
R006250,P0209,91.8,10013,28.6,175.5,5.99,3.95,9,5,False,,0,False
R006251,P0209,56.2,5669,18.1,175.2,4.09,4.57,6,7,False,,0,False
R006252,P0209,74.2,8959,37.9,127.1,4.89,6.86,6,5,True,14:24,23,False
R006253,P0209,91.0,9987,32.3,113.6,10.15,1.78,5,4,True,13:51,12,True
R006254,P0209,63.0,7227,25.4,209.4,3.9,2.41,6,5,False,,0,False
R006255,P0209,92.8,8271,18.6,168.7,4.99,6.68,7,6,False,,0,False
R006256,P0209,93.6,8690,20.8,130.5,5.82,5.78,7,7,False,,0,False
R006257,P0209,44.6,5947,18.3,123.4,5.94,7.31,5,2,False,,0,False
R006258,P0209,67.7,7722,35.8,177.9,5.36,6.45,8,8,True,16:34,55,False
R006259,P0209,115.9,11270,25.3,358.4,4.84,6.33,7,5,False,,0,True
R006260,P0209,63.8,7606,13.6,214.0,5.0,1.36,7,4,False,,0,False
R006261,P0209,67.3,5977,15.3,161.6,4.2,2.24,5,4,False,,0,False
R006262,P0209,60.5,5087,12.2,67.6,3.69,6.81,5,4,False,,0,False
R006263,P0209,66.6,5979,10.0,209.4,5.61,5.58,5,6,True,17:36,58,True
R006264,P0209,48.3,4617,25.8,210.2,4.73,6.49,8,8,False,,0,False
R006265,P0209,83.7,9125,29.1,140.0,3.04,4.51,9,6,True,14:50,84,False
R006266,P0209,83.3,9091,14.3,147.4,5.04,4.66,5,6,True,15:53,33,False
R006267,P0209,97.3,10628,19.9,57.6,4.25,1.76,8,3,True,16:52,68,True
R006268,P0209,44.9,5475,9.7,175.9,5.65,1.53,5,5,False,,0,True
R006269,P0209,85.3,8222,19.3,39.6,4.91,3.78,8,3,False,,0,False
R006270,P0209,70.0,7265,21.7,146.9,6.12,4.93,5,4,False,,0,True
R006271,P0210,35.5,3737,15.3,38.6,5.27,8.1,5,5,False,,0,False
R006272,P0210,43.9,5360,6.6,0.0,5.03,9.54,2,3,False,,0,False
R006273,P0210,63.8,6564,5.3,107.9,5.75,9.1,3,5,False,,0,False
R006274,P0210,13.2,1948,2.6,25.2,5.89,9.85,5,6,False,,0,False
R006275,P0210,72.8,8354,37.3,32.4,4.76,9.43,3,4,False,,0,False
R006276,P0210,24.7,1980,11.7,6.0,5.44,2.85,5,7,False,,0,True
R006277,P0210,25.1,2079,12.5,22.8,3.89,3.86,4,4,False,,0,False
R006278,P0210,32.1,2789,10.8,0.0,5.12,7.76,4,4,False,,0,False
R006279,P0210,22.1,2175,7.6,69.9,6.34,7.34,4,3,False,,0,True
R006280,P0210,63.6,6797,20.1,0.0,4.92,7.49,7,6,False,,0,False
R006281,P0210,27.2,3408,9.0,44.2,5.74,8.22,5,4,False,,0,False
R006282,P0210,36.9,4186,11.0,0.0,4.58,10.25,6,6,True,17:01,40,False
R006283,P0210,48.0,4516,16.4,39.0,2.9,2.1,3,4,False,,0,False
R006284,P0210,54.9,4588,19.3,6.5,4.3,3.91,5,7,False,,0,False
R006285,P0210,59.0,7029,18.0,23.0,2.29,7.64,5,4,False,,0,False
R006286,P0210,44.2,3753,7.7,0.0,5.49,7.66,3,3,False,,0,False
R006287,P0210,51.3,5746,19.7,0.0,7.0,9.93,4,4,False,,0,False
R006288,P0210,21.0,2191,9.8,15.4,5.75,7.82,3,5,False,,0,True
R006289,P0210,23.3,3137,0.0,0.0,3.83,8.83,6,5,False,,0,False
R006290,P0210,32.5,5842,15.9,73.7,6.18,4.3,5,5,False,,0,False
R006291,P0210,14.5,2079,1.6,0.0,4.16,1.57,6,5,False,,0,False
R006292,P0210,58.1,6811,17.5,67.6,4.89,8.74,6,7,False,,0,False
R006293,P0210,48.3,6304,13.4,0.0,4.08,8.02,5,4,False,,0,False
R006294,P0210,68.9,6566,20.6,0.0,3.68,7.83,5,5,False,,0,False
R006295,P0210,0.3,773,0.2,0.0,4.23,7.91,5,6,False,,0,False
R006296,P0210,32.9,4420,13.4,0.0,4.83,6.02,3,6,False,,0,False
R006297,P0210,40.3,4877,17.0,98.5,5.17,1.04,3,4,False,,0,False
R006298,P0210,23.8,2687,6.8,8.4,5.72,2.97,7,3,False,,0,False
R006299,P0210,30.9,3693,6.9,24.7,4.09,7.21,5,6,False,,0,False
R006300,P0210,46.8,4805,9.3,0.0,5.64,9.14,5,4,False,,0,False
R006301,P0211,47.1,4453,5.4,75.0,6.53,6.95,2,4,False,,0,False
R006302,P0211,52.6,7178,15.6,66.9,5.96,6.66,4,4,False,,0,False
R006303,P0211,54.5,5311,19.3,116.0,6.78,7.8,3,4,False,,0,False
R006304,P0211,84.2,11381,27.0,169.7,6.73,6.25,3,3,True,14:38,71,False
R006305,P0211,27.3,3258,4.6,123.1,4.48,7.44,6,5,False,,0,False
R006306,P0211,52.5,5858,16.1,75.5,4.81,2.22,4,5,False,,0,False
R006307,P0211,53.9,4428,11.9,54.3,4.49,1.81,3,3,True,14:15,80,False
R006308,P0211,36.2,2517,19.3,103.9,5.75,4.84,5,3,False,,0,True
R006309,P0211,35.2,4078,13.9,132.1,6.04,6.89,5,5,True,14:59,55,False
R006310,P0211,67.6,6962,18.4,115.0,6.36,7.23,2,4,False,,0,False
R006311,P0211,66.0,7265,7.7,113.1,6.08,6.82,3,2,False,,0,False
R006312,P0211,46.2,4439,13.3,134.8,5.53,7.55,4,5,False,,0,False
R006313,P0211,39.4,4295,23.7,89.7,9.49,2.96,2,2,False,,0,True
R006314,P0211,24.6,2625,8.4,52.9,4.64,3.75,1,3,True,16:29,38,True
R006315,P0211,51.5,5002,15.6,61.9,5.56,5.8,5,2,False,,0,False
R006316,P0211,25.1,2507,0.0,76.1,5.38,6.42,3,6,False,,0,False
R006317,P0211,89.4,9872,39.3,137.2,6.55,5.49,4,5,True,17:57,37,False
R006318,P0211,63.3,5776,8.7,126.8,4.27,7.98,4,4,False,,0,False
R006319,P0211,46.4,4164,20.8,113.6,4.91,6.68,4,3,False,,0,False
R006320,P0211,37.6,6360,19.8,84.1,5.96,2.09,5,4,False,,0,False
R006321,P0211,44.6,3726,14.9,146.1,6.71,0.53,3,5,False,,0,False
R006322,P0211,15.1,1568,1.4,134.0,5.86,7.54,1,4,False,,0,False
R006323,P0211,54.6,5106,17.2,8.4,5.11,5.4,4,5,False,,0,False
R006324,P0211,62.6,7421,14.9,81.5,4.53,6.2,3,2,False,,0,False
R006325,P0211,63.0,6060,31.1,95.9,5.34,5.75,3,5,False,,0,False
R006326,P0211,45.2,4217,8.2,32.6,4.35,6.84,2,2,False,,0,False
R006327,P0211,60.4,7382,14.4,169.3,6.95,0.0,4,6,False,,0,False
R006328,P0211,52.4,6542,17.6,83.2,3.68,2.79,2,4,False,,0,False
R006329,P0211,69.9,5137,16.0,87.5,5.51,6.42,2,4,False,,0,False
R006330,P0211,22.6,2047,0.0,225.4,6.52,6.57,2,5,False,,0,False
R006331,P0212,49.1,5848,13.6,124.4,3.46,3.09,2,3,False,,0,False
R006332,P0212,62.7,6771,25.6,59.8,3.99,6.44,5,7,False,,0,False
R006333,P0212,76.1,8359,31.6,88.7,4.37,3.93,3,5,False,,0,False
R006334,P0212,43.4,4420,4.1,62.8,6.25,5.94,4,7,False,,0,False
R006335,P0212,66.5,8642,22.2,0.0,4.7,5.03,3,6,True,17:12,62,False
R006336,P0212,50.9,5149,13.7,78.6,4.52,1.96,3,5,False,,0,False
R006337,P0212,56.1,5821,12.9,0.0,7.18,2.76,2,6,False,,0,True
R006338,P0212,52.4,6482,12.5,66.2,6.25,3.74,4,4,False,,0,False
R006339,P0212,37.4,4091,14.4,51.9,6.52,6.11,4,5,False,,0,False
R006340,P0212,66.2,6674,17.4,0.0,5.72,3.64,3,5,False,,0,False
R006341,P0212,42.7,2939,24.6,10.9,6.92,4.59,4,5,False,,0,False
R006342,P0212,45.7,4520,13.4,207.1,6.52,5.87,2,5,False,,0,True
R006343,P0212,59.7,5330,36.4,0.1,7.23,2.49,5,4,False,,0,True
R006344,P0212,43.2,3857,17.7,74.2,5.44,2.2,3,5,False,,0,False
R006345,P0212,58.3,6182,24.9,0.0,6.87,7.25,3,3,False,,0,False
R006346,P0212,37.9,4151,6.3,54.2,5.53,6.53,2,5,False,,0,False
R006347,P0212,7.6,1211,3.7,51.8,3.34,4.66,4,5,False,,0,True
R006348,P0212,33.3,3739,10.1,0.0,6.79,6.16,4,5,False,,0,True
R006349,P0212,55.5,6110,31.2,43.5,5.19,3.16,5,5,False,,0,False
R006350,P0212,63.9,8161,16.9,0.0,5.26,2.11,4,2,False,,0,False
R006351,P0212,39.2,4639,3.2,60.9,5.41,1.52,5,5,True,14:01,77,False
R006352,P0212,12.6,1135,0.0,53.9,5.15,4.17,1,2,True,14:07,33,True
R006353,P0212,57.1,5619,17.5,0.0,5.38,4.35,3,6,False,,0,False
R006354,P0212,47.4,4538,15.9,86.3,5.25,4.55,2,4,False,,0,False
R006355,P0212,79.3,8599,11.3,0.7,5.56,4.51,2,3,True,17:11,43,True
R006356,P0212,62.7,8149,28.0,116.6,5.03,6.14,4,9,False,,0,False
R006357,P0212,36.3,6710,6.6,118.9,10.78,3.25,3,3,True,15:08,33,True
R006358,P0212,71.6,7394,25.2,0.0,6.25,0.14,4,6,False,,0,False
R006359,P0212,83.9,10167,21.1,121.2,6.47,5.38,4,5,False,,0,True
R006360,P0212,65.7,8647,25.6,0.0,5.66,5.46,5,5,False,,0,False
R006361,P0213,35.2,4407,2.8,243.0,2.52,8.31,2,2,False,,0,False
R006362,P0213,28.4,2295,2.4,219.9,1.8,4.96,1,2,False,,0,False
R006363,P0213,20.9,2281,12.8,251.3,3.15,7.99,1,3,False,,0,False
R006364,P0213,13.9,795,4.5,194.9,3.18,5.99,2,6,False,,0,False
R006365,P0213,25.2,2934,14.9,201.0,1.6,5.28,1,4,False,,0,False
R006366,P0213,41.2,4357,13.3,93.4,1.07,3.96,4,5,False,,0,False
R006367,P0213,20.0,2701,5.0,236.6,1.37,2.65,3,3,False,,0,False
R006368,P0213,16.6,1475,6.8,208.6,2.85,6.69,2,4,False,,0,False
R006369,P0213,0.0,0,0.1,234.1,1.88,6.32,2,3,False,,0,False
R006370,P0213,46.0,4958,12.7,216.2,0.59,6.85,4,7,False,,0,False
R006371,P0213,2.0,0,0.0,232.1,1.28,7.16,2,3,False,,0,False
R006372,P0213,9.7,1231,0.0,202.5,0.0,5.74,2,6,False,,0,False
R006373,P0213,42.9,5714,19.8,171.9,3.09,3.64,3,6,False,,0,True
R006374,P0213,30.3,2780,8.8,215.2,1.03,2.52,2,4,False,,0,False
R006375,P0213,0.0,30,2.3,153.0,2.51,6.59,3,3,False,,0,False
R006376,P0213,14.6,275,5.2,215.7,2.11,7.43,1,5,False,,0,False
R006377,P0213,0.0,0,5.1,202.1,1.17,7.71,1,4,True,16:05,57,False
R006378,P0213,9.6,1762,9.0,203.6,3.84,6.2,2,4,True,16:06,17,False
R006379,P0213,30.8,4928,0.0,182.2,2.1,6.86,2,4,True,15:41,10,False
R006380,P0213,0.0,153,4.8,223.6,2.23,2.86,4,8,True,14:38,35,False
R006381,P0213,0.0,0,9.3,254.5,1.98,3.31,2,5,False,,0,False
R006382,P0213,26.5,3914,6.7,147.5,0.63,7.44,4,8,False,,0,False
R006383,P0213,6.5,810,0.0,201.1,5.81,6.13,3,5,True,17:51,95,True
R006384,P0213,9.8,1618,1.3,235.2,3.36,4.24,2,2,False,,0,False
R006385,P0213,1.9,0,5.2,158.0,2.8,8.02,2,5,False,,0,False
R006386,P0213,45.9,4889,16.8,134.4,2.37,6.91,3,3,False,,0,False
R006387,P0213,51.0,5400,11.8,191.2,2.26,2.26,3,3,False,,0,False
R006388,P0213,0.0,0,1.9,133.9,3.11,2.15,1,5,True,16:10,47,True
R006389,P0213,34.0,5033,16.0,243.0,1.73,6.49,3,7,False,,0,True
R006390,P0213,14.1,131,0.0,164.9,2.73,5.5,3,6,False,,0,True
R006391,P0214,15.5,2004,11.6,2.1,1.0,8.61,8,6,False,,0,False
R006392,P0214,62.3,8479,17.5,120.2,1.17,8.55,7,5,False,,0,False
R006393,P0214,44.3,4870,9.4,0.0,1.52,8.01,9,5,False,,0,False
R006394,P0214,28.7,2355,16.1,15.1,0.51,6.04,8,5,False,,0,False
R006395,P0214,26.7,4175,13.2,25.3,1.07,8.24,9,5,False,,0,False
R006396,P0214,16.7,1627,14.2,0.0,0.68,3.62,8,6,True,13:37,10,False
R006397,P0214,15.3,1688,11.7,33.1,0.0,3.64,9,6,True,13:33,106,False
R006398,P0214,61.9,8472,14.1,50.8,0.9,6.96,9,5,True,17:18,64,True
R006399,P0214,34.5,2396,14.4,98.0,0.98,6.55,9,9,False,,0,False
R006400,P0214,34.5,3571,16.5,34.3,1.93,9.98,7,6,False,,0,False
R006401,P0214,41.0,5468,11.1,0.0,1.02,7.87,10,6,False,,0,False
R006402,P0214,48.0,4067,10.8,2.7,0.55,8.18,8,6,False,,0,False
R006403,P0214,25.1,4411,11.9,16.6,0.0,2.45,8,5,True,13:39,48,False
R006404,P0214,7.6,1148,5.9,0.0,0.0,3.77,7,5,False,,0,False
R006405,P0214,43.0,7122,22.6,12.1,1.96,9.89,8,6,True,16:26,86,False
R006406,P0214,37.3,4240,9.5,0.0,1.65,6.53,9,4,False,,0,False
R006407,P0214,79.1,7415,34.2,0.0,1.16,7.56,8,6,False,,0,False
R006408,P0214,53.0,5892,29.0,0.0,1.16,9.74,8,5,False,,0,False
R006409,P0214,38.0,4900,17.3,12.4,0.09,8.82,8,6,False,,0,False
R006410,P0214,55.0,5786,28.1,0.0,0.09,3.54,8,8,False,,0,False
R006411,P0214,59.4,6161,19.3,48.4,0.0,1.55,7,5,False,,0,False
R006412,P0214,39.4,4432,14.4,39.9,0.0,7.1,9,5,False,,0,False
R006413,P0214,28.1,1799,1.8,31.1,2.08,7.66,8,5,False,,0,False
R006414,P0214,27.6,4160,2.2,61.5,1.47,5.74,8,6,False,,0,False
R006415,P0214,28.2,2341,0.9,47.5,1.33,7.04,7,4,False,,0,False
R006416,P0214,10.9,1011,4.4,0.0,0.44,7.79,9,3,True,16:13,83,True
R006417,P0214,39.6,4742,9.0,225.5,0.84,2.61,10,7,False,,0,True
R006418,P0214,10.1,1395,0.2,14.9,2.26,3.16,10,7,False,,0,False
R006419,P0214,21.5,758,0.0,16.2,4.34,8.96,9,5,False,,0,False
R006420,P0214,39.0,5747,7.3,0.0,5.45,8.68,8,4,True,15:22,44,True
R006421,P0215,3.5,820,0.0,218.0,6.02,7.92,5,5,False,,0,False
R006422,P0215,44.1,5779,18.4,133.8,5.71,9.04,4,3,False,,0,False
R006423,P0215,23.2,1662,6.4,301.2,6.32,8.71,3,5,False,,0,False
R006424,P0215,8.8,1285,7.9,122.2,3.78,7.19,5,4,False,,0,False
R006425,P0215,33.4,3057,0.0,259.0,4.9,6.13,5,6,False,,0,False
R006426,P0215,17.6,2798,12.8,172.7,6.94,2.96,5,5,False,,0,False
R006427,P0215,0.0,193,8.8,147.7,5.4,2.58,6,5,False,,0,False
R006428,P0215,0.0,0,0.0,227.6,6.06,9.06,2,4,False,,0,False
R006429,P0215,33.8,1518,14.4,225.3,5.62,8.31,3,1,False,,0,False
R006430,P0215,11.4,1809,5.6,237.1,6.44,8.58,4,3,False,,0,False
R006431,P0215,28.1,2670,4.2,226.2,7.0,8.79,5,7,False,,0,False
R006432,P0215,13.0,1889,3.6,166.9,5.53,7.68,4,4,False,,0,False
R006433,P0215,14.7,1976,12.3,201.0,6.78,2.31,6,5,False,,0,False
R006434,P0215,40.5,4009,5.7,262.0,4.11,5.08,5,5,False,,0,False
R006435,P0215,0.0,832,12.3,178.1,4.71,6.85,2,5,False,,0,False
R006436,P0215,17.4,1878,5.9,228.9,6.1,7.06,5,5,False,,0,False
R006437,P0215,71.5,9187,22.9,236.6,5.98,9.81,5,4,True,13:07,46,False
R006438,P0215,51.3,3800,16.2,279.5,5.53,9.6,3,4,False,,0,False
R006439,P0215,8.9,496,5.1,170.9,7.47,6.63,4,4,False,,0,False
R006440,P0215,29.5,3589,5.2,182.4,6.82,3.31,4,6,False,,0,False
R006441,P0215,56.1,4668,30.0,158.0,6.49,2.22,3,4,False,,0,False
R006442,P0215,33.0,2606,11.9,188.8,4.93,9.71,4,3,False,,0,False
R006443,P0215,8.8,998,0.0,231.3,5.69,9.02,2,6,False,,0,False
R006444,P0215,51.3,7815,12.0,192.1,6.73,9.39,3,6,False,,0,False
R006445,P0215,27.9,2534,11.9,190.6,6.02,7.06,5,4,False,,0,True
R006446,P0215,13.9,728,2.0,279.0,6.14,6.26,5,7,False,,0,False
R006447,P0215,31.5,3699,9.0,193.9,4.48,3.1,1,3,False,,0,False
R006448,P0215,25.6,1885,7.9,209.9,6.6,2.83,5,5,False,,0,False
R006449,P0215,33.1,3086,8.0,251.4,8.34,10.47,3,5,False,,0,True
R006450,P0215,8.4,1539,5.4,174.1,5.72,9.06,4,5,False,,0,False
R006451,P0216,18.9,1920,7.9,163.7,6.61,7.1,9,6,False,,0,False
R006452,P0216,25.2,2330,5.0,126.5,4.04,6.94,10,6,False,,0,True
R006453,P0216,1.0,0,7.5,164.1,5.79,6.85,8,6,False,,0,False
R006454,P0216,0.0,1447,0.0,147.2,5.68,7.64,5,4,False,,0,False
R006455,P0216,4.5,0,5.6,92.7,2.75,6.24,8,5,False,,0,False
R006456,P0216,0.0,1559,3.8,126.2,5.85,2.9,6,5,False,,0,False
R006457,P0216,0.0,63,8.6,137.4,2.53,2.79,6,5,True,16:41,52,False
R006458,P0216,25.2,3281,7.5,186.1,4.85,6.89,8,6,False,,0,False
R006459,P0216,0.0,562,10.2,147.3,5.52,6.73,8,5,True,13:26,56,False
R006460,P0216,9.7,322,0.1,32.7,3.91,6.35,6,4,False,,0,False
R006461,P0216,15.3,989,0.0,148.2,4.38,7.12,7,4,False,,0,False
R006462,P0216,8.9,441,4.5,107.1,4.38,5.94,6,4,False,,0,True
R006463,P0216,21.8,3612,0.0,149.9,7.29,1.15,6,3,False,,0,False
R006464,P0216,43.5,6247,17.3,206.8,6.95,2.91,8,8,False,,0,False
R006465,P0216,3.2,228,0.0,92.0,3.89,7.1,8,5,True,17:42,71,False
R006466,P0216,1.6,0,0.0,205.6,5.37,6.86,5,3,False,,0,False
R006467,P0216,0.0,386,0.0,105.9,4.22,7.37,7,6,False,,0,False
R006468,P0216,19.4,3175,0.0,232.4,5.02,4.86,5,4,False,,0,False
R006469,P0216,0.0,258,0.0,28.9,4.95,7.88,7,5,False,,0,False
R006470,P0216,22.3,2570,1.7,150.2,5.43,2.23,8,4,False,,0,False
R006471,P0216,0.0,267,4.1,145.1,4.42,2.42,6,1,False,,0,False
R006472,P0216,7.4,0,0.0,142.7,6.07,6.33,7,6,True,17:56,58,False
R006473,P0216,18.3,2790,14.2,35.4,3.29,7.68,6,3,False,,0,False
R006474,P0216,14.3,583,2.5,143.8,3.65,7.98,6,6,False,,0,False
R006475,P0216,0.0,288,0.0,92.1,6.5,7.71,5,5,False,,0,False
R006476,P0216,0.0,816,0.0,190.0,5.5,9.2,7,5,False,,0,False
R006477,P0216,18.5,2639,0.0,117.9,5.48,3.6,7,5,False,,0,False
R006478,P0216,0.0,773,0.0,142.7,5.7,2.17,7,4,False,,0,False
R006479,P0216,0.0,0,0.0,197.6,4.0,6.26,8,4,False,,0,False
R006480,P0216,1.7,0,8.1,121.6,5.0,6.96,6,7,False,,0,False
R006481,P0217,20.9,2596,6.1,39.4,3.33,6.73,4,4,True,16:31,24,True
R006482,P0217,16.9,1122,4.9,101.4,3.99,6.86,4,5,False,,0,False
R006483,P0217,57.1,6068,25.6,0.0,1.8,5.56,5,6,True,15:08,10,False
R006484,P0217,22.0,1488,1.7,24.5,3.69,4.98,5,7,False,,0,False
R006485,P0217,0.0,0,0.0,12.3,3.22,5.88,5,6,True,16:44,35,False
R006486,P0217,30.7,2052,10.5,73.0,2.96,2.14,6,6,False,,0,False
R006487,P0217,29.2,2153,16.8,23.9,3.37,0.64,7,6,True,14:31,10,False
R006488,P0217,45.1,3516,8.0,31.2,2.53,6.86,3,4,True,16:16,31,False
R006489,P0217,22.4,3309,9.7,6.8,4.51,6.21,6,5,False,,0,False
R006490,P0217,33.2,1844,10.0,34.1,2.34,6.09,5,2,False,,0,False
R006491,P0217,24.9,1423,2.6,72.3,2.92,6.41,4,2,True,14:01,37,False
R006492,P0217,38.8,2758,14.0,57.3,3.45,6.78,3,6,False,,0,False
R006493,P0217,2.7,27,0.0,46.6,3.7,0.13,5,4,True,17:42,48,False
R006494,P0217,27.7,3133,8.6,78.1,2.51,1.26,6,5,True,17:13,52,True
R006495,P0217,18.7,1972,2.7,43.2,2.29,6.43,5,3,False,,0,False
R006496,P0217,47.8,4223,14.8,0.0,3.45,4.54,5,6,False,,0,False
R006497,P0217,4.9,145,0.0,55.1,4.5,5.71,5,5,False,,0,False
R006498,P0217,0.0,0,0.0,86.8,2.43,3.72,6,4,False,,0,False
R006499,P0217,16.4,2439,0.0,107.8,2.0,6.1,4,5,True,13:57,12,True
R006500,P0217,22.3,3396,7.7,251.1,4.45,0.0,4,6,False,,0,True
R006501,P0217,19.4,2361,12.9,20.5,3.58,4.67,5,4,True,14:34,69,False
R006502,P0217,32.6,2423,1.5,134.1,1.87,5.93,5,3,True,16:58,29,False
R006503,P0217,0.0,0,2.8,141.2,4.06,4.2,5,5,False,,0,False
R006504,P0217,68.6,6725,18.6,40.5,3.1,3.84,6,4,False,,0,False
R006505,P0217,18.2,2028,14.1,301.8,6.11,6.13,3,5,True,15:20,17,True
R006506,P0217,23.6,3988,14.4,54.1,3.26,4.51,6,5,False,,0,False
R006507,P0217,23.4,2830,8.8,30.6,1.66,2.9,3,4,False,,0,False
R006508,P0217,17.5,2074,4.4,47.2,3.19,3.29,3,5,True,13:41,23,False
R006509,P0217,15.6,1726,1.2,54.6,1.53,4.98,5,4,True,15:03,34,False
R006510,P0217,38.1,5218,8.6,51.4,2.25,4.61,5,4,False,,0,False
R006511,P0218,21.2,1696,0.0,76.7,2.92,3.86,4,4,False,,0,False
R006512,P0218,0.0,24,0.0,30.8,5.84,4.3,4,2,False,,0,True
R006513,P0218,14.1,2113,7.0,0.0,2.81,2.37,5,5,False,,0,False
R006514,P0218,7.6,1690,4.9,50.1,3.8,4.54,4,4,False,,0,True
R006515,P0218,20.9,1669,3.3,92.9,1.6,4.81,4,5,False,,0,False
R006516,P0218,1.6,553,0.0,124.4,3.55,0.97,4,5,False,,0,False
R006517,P0218,19.2,1412,4.0,100.4,2.93,3.28,4,6,True,13:18,48,False
R006518,P0218,1.3,0,0.0,369.3,2.71,4.79,6,3,True,16:47,47,True
R006519,P0218,24.2,3683,2.0,92.4,5.0,5.34,6,7,True,15:18,38,False
R006520,P0218,27.9,3782,4.5,92.0,4.43,5.44,3,4,False,,0,False
R006521,P0218,26.9,2026,13.5,95.2,2.73,5.32,8,4,True,15:49,37,True
R006522,P0218,3.6,557,0.0,53.1,2.58,7.26,6,7,False,,0,False
R006523,P0218,0.8,0,1.3,32.9,4.35,2.92,3,5,False,,0,False
R006524,P0218,15.7,2451,4.3,62.7,4.74,2.61,3,4,False,,0,False
R006525,P0218,0.0,0,5.1,83.8,4.66,4.88,3,3,True,13:00,62,True
R006526,P0218,20.4,3421,10.2,80.7,4.38,5.32,7,5,False,,0,False
R006527,P0218,28.6,3921,14.4,156.6,4.31,4.66,5,6,True,14:56,63,False
R006528,P0218,30.7,4150,12.9,97.7,3.82,4.07,3,4,False,,0,False
R006529,P0218,0.0,333,0.3,95.8,2.75,5.78,4,6,True,14:31,77,True
R006530,P0218,23.9,1336,2.7,2.6,5.03,2.29,4,6,False,,0,False
R006531,P0218,55.4,4505,21.3,56.0,4.93,2.08,3,4,False,,0,False
R006532,P0218,0.0,0,4.9,55.1,3.68,6.01,4,5,False,,0,False
R006533,P0218,32.1,2478,12.6,0.0,2.63,4.3,5,2,True,15:21,31,False
R006534,P0218,4.1,0,0.7,4.3,3.84,4.14,5,4,False,,0,False
R006535,P0218,41.5,5825,11.5,72.3,4.56,4.83,5,5,False,,0,False
R006536,P0218,10.0,1146,10.3,139.9,2.75,6.16,6,5,False,,0,False
R006537,P0218,0.0,0,3.8,126.0,5.59,1.42,5,4,False,,0,True
R006538,P0218,29.5,2929,9.7,148.7,3.75,1.86,5,4,False,,0,False
R006539,P0218,12.7,1207,0.0,76.2,3.21,6.31,4,5,False,,0,True
R006540,P0218,46.0,5886,10.8,128.6,3.33,4.71,2,5,True,17:15,81,False
R006541,P0219,36.2,3442,7.2,138.5,11.49,10.21,5,5,True,17:59,38,True
R006542,P0219,86.7,8277,31.1,88.1,8.2,8.11,4,5,False,,0,False
R006543,P0219,40.3,5126,8.0,154.2,8.53,8.57,5,4,False,,0,False
R006544,P0219,59.9,5069,23.1,139.3,9.78,9.09,4,4,False,,0,True
R006545,P0219,72.9,6522,26.3,203.8,9.85,8.5,4,5,False,,0,False
R006546,P0219,58.7,8396,32.8,151.0,10.05,3.95,4,5,False,,0,False
R006547,P0219,77.3,8946,14.2,197.5,7.72,4.69,7,4,False,,0,False
R006548,P0219,66.1,9273,11.8,221.1,10.14,8.64,7,5,False,,0,False
R006549,P0219,101.7,10755,36.3,173.8,10.47,10.46,6,4,True,17:39,25,False
R006550,P0219,57.6,6324,22.4,194.9,10.62,9.46,6,5,False,,0,False
R006551,P0219,84.5,11274,45.9,217.6,9.14,10.2,6,5,False,,0,False
R006552,P0219,65.0,5880,23.7,164.4,9.42,6.3,6,6,False,,0,False
R006553,P0219,73.2,8237,21.4,174.5,9.49,3.16,5,7,False,,0,False
R006554,P0219,70.4,8618,35.6,191.5,9.86,3.21,4,4,False,,0,False
R006555,P0219,81.6,11071,26.6,174.0,9.22,8.24,6,5,False,,0,False
R006556,P0219,28.0,2206,9.8,164.2,8.46,9.84,4,4,False,,0,True
R006557,P0219,52.1,5508,19.9,209.6,7.55,9.09,8,8,False,,0,False
R006558,P0219,72.0,9377,29.8,173.2,10.54,9.5,5,2,False,,0,True
R006559,P0219,66.5,6407,4.4,131.2,7.59,8.56,7,5,False,,0,False
R006560,P0219,56.1,7286,5.4,107.9,8.94,3.41,6,5,False,,0,False
R006561,P0219,26.7,2488,11.0,210.2,9.56,2.37,4,6,False,,0,False
R006562,P0219,59.4,6043,18.1,177.8,9.53,8.33,5,5,True,13:26,78,False
R006563,P0219,56.5,4710,20.8,182.7,10.14,9.92,5,4,False,,0,False
R006564,P0219,59.0,4566,12.5,196.4,11.13,9.28,5,3,True,13:29,97,False
R006565,P0219,36.4,3446,15.2,158.7,9.67,8.47,4,7,False,,0,False
R006566,P0219,84.7,7020,26.2,180.0,8.75,10.21,5,7,False,,0,False
R006567,P0219,40.1,5762,17.3,148.5,9.16,3.69,7,6,False,,0,False
R006568,P0219,54.5,5039,12.4,167.6,9.61,2.83,5,4,False,,0,False
R006569,P0219,67.7,5267,14.3,146.6,12.94,8.59,5,1,False,,0,True
R006570,P0219,68.5,7917,13.7,142.2,9.06,8.14,7,5,False,,0,False
R006571,P0220,68.9,8443,10.7,117.3,2.77,5.45,6,4,False,,0,False
R006572,P0220,48.6,5601,11.0,196.5,2.79,4.68,4,6,False,,0,False
R006573,P0220,69.3,7676,27.2,245.0,3.08,6.3,5,6,False,,0,False
R006574,P0220,49.2,5071,16.9,186.9,3.05,6.16,3,4,False,,0,True
R006575,P0220,35.5,3171,15.1,148.2,2.78,6.25,6,4,False,,0,False
R006576,P0220,50.1,4611,31.7,283.2,4.07,4.06,6,4,False,,0,False
R006577,P0220,27.6,3123,2.7,173.5,3.28,2.96,6,4,True,13:42,45,False
R006578,P0220,48.9,4701,10.4,155.7,2.28,8.33,4,5,False,,0,False
R006579,P0220,63.2,5651,20.1,263.5,2.31,6.69,5,6,False,,0,False
R006580,P0220,64.2,8227,24.9,211.0,2.64,7.89,6,4,False,,0,False
R006581,P0220,40.6,6869,1.3,143.7,0.9,6.1,6,4,False,,0,False
R006582,P0220,77.3,6897,39.0,194.4,2.12,7.65,7,8,False,,0,False
R006583,P0220,62.9,6879,17.3,234.0,3.25,3.37,6,4,False,,0,False
R006584,P0220,41.8,5714,12.6,197.6,2.39,2.23,5,4,True,17:27,10,False
R006585,P0220,6.8,1394,0.0,164.6,3.83,7.12,5,4,True,15:38,62,True
R006586,P0220,48.7,5057,26.1,240.5,2.07,5.89,4,5,False,,0,False
R006587,P0220,46.8,6317,11.2,153.7,2.25,6.36,6,7,False,,0,False
R006588,P0220,66.2,9095,10.9,177.7,3.42,6.09,5,3,False,,0,True
R006589,P0220,31.6,3317,9.3,244.8,5.04,6.31,4,7,False,,0,True
R006590,P0220,58.2,6864,30.9,175.4,3.23,1.49,5,4,False,,0,True
R006591,P0220,36.1,3949,12.0,250.5,1.84,2.47,4,5,False,,0,False
R006592,P0220,55.1,6464,9.9,209.6,2.73,7.73,6,5,False,,0,False
R006593,P0220,61.6,5779,26.3,100.6,2.74,6.82,6,7,False,,0,True
R006594,P0220,51.0,6595,15.7,211.2,4.05,7.07,5,4,False,,0,False
R006595,P0220,69.7,7436,33.2,154.4,1.7,6.15,5,6,False,,0,False
R006596,P0220,48.0,4886,16.5,95.4,2.54,5.44,6,5,False,,0,False
R006597,P0220,35.2,3175,10.4,176.5,2.46,3.78,8,7,False,,0,False
R006598,P0220,41.4,5111,14.9,151.8,2.81,2.62,3,7,False,,0,False
R006599,P0220,62.5,7327,23.6,153.7,0.52,8.08,4,6,False,,0,False
R006600,P0220,55.0,4751,23.9,150.7,2.25,6.18,6,4,False,,0,False
R006601,P0221,0.0,0,0.0,51.1,4.4,9.38,4,2,True,20:42,47,False
R006602,P0221,21.1,3165,6.6,194.4,5.7,6.65,4,5,False,,0,False
R006603,P0221,38.6,4496,0.0,216.6,4.85,6.78,7,5,True,19:35,45,False
R006604,P0221,20.1,1566,13.5,159.4,4.19,7.27,4,6,True,20:43,16,False
R006605,P0221,47.2,4221,5.2,227.2,4.9,8.46,5,5,False,,0,False
R006606,P0221,0.0,248,0.0,215.9,5.49,2.64,4,5,False,,0,False
R006607,P0221,25.4,4023,0.0,187.3,4.02,3.41,7,4,False,,0,False
R006608,P0221,34.0,2787,8.0,171.2,5.16,9.09,6,3,False,,0,False
R006609,P0221,34.9,3364,14.3,165.0,3.77,8.28,3,3,False,,0,False
R006610,P0221,55.8,6762,11.8,202.0,3.38,8.79,6,5,True,20:56,80,False
R006611,P0221,16.0,2228,4.1,73.7,5.63,8.44,3,4,False,,0,False
R006612,P0221,36.6,4518,17.4,105.4,4.29,8.55,6,3,True,20:50,23,False
R006613,P0221,47.9,3918,17.7,209.7,3.68,2.09,3,5,False,,0,False
R006614,P0221,47.4,5208,7.3,110.8,7.44,2.62,7,6,True,21:13,26,False
R006615,P0221,38.5,4461,16.4,133.1,4.03,8.76,6,4,True,19:50,10,False
R006616,P0221,0.0,0,5.2,159.8,4.92,7.01,5,5,True,19:41,68,False
R006617,P0221,31.2,3880,5.6,105.8,5.1,7.47,4,5,False,,0,False
R006618,P0221,25.1,2808,13.5,101.6,5.59,7.51,5,4,False,,0,False
R006619,P0221,44.9,5088,14.1,118.3,5.86,6.96,5,5,False,,0,False
R006620,P0221,18.4,771,5.0,155.3,5.17,2.44,3,4,False,,0,False
R006621,P0221,26.0,3205,3.8,165.0,4.53,2.91,6,6,True,19:43,42,False
R006622,P0221,5.0,316,4.1,122.8,4.11,7.47,3,4,True,21:15,45,False
R006623,P0221,5.1,0,0.0,201.0,5.52,6.58,5,6,True,20:08,61,True
R006624,P0221,5.6,1525,6.1,175.2,4.31,7.56,6,4,True,21:35,66,False
R006625,P0221,26.3,2720,15.0,102.5,5.05,6.0,4,5,False,,0,False
R006626,P0221,21.2,2162,0.7,143.9,5.8,7.21,4,3,False,,0,False
R006627,P0221,31.4,2354,0.0,184.6,4.51,1.22,7,6,False,,0,False
R006628,P0221,8.0,638,3.0,171.9,6.24,1.47,5,4,False,,0,False
R006629,P0221,20.3,1064,5.6,234.9,4.55,8.41,4,2,True,20:10,46,False
R006630,P0221,30.6,3181,17.0,56.9,7.2,7.7,5,6,True,20:25,12,False
R006631,P0222,59.9,6339,22.6,141.0,5.03,7.48,6,4,False,,0,False
R006632,P0222,63.5,7998,18.2,206.0,6.06,7.76,6,5,False,,0,False
R006633,P0222,72.0,9093,17.5,169.6,5.2,6.18,6,6,False,,0,False
R006634,P0222,68.4,8833,22.3,219.8,7.09,8.14,6,5,False,,0,False
R006635,P0222,68.8,7200,16.2,308.1,5.83,7.71,8,4,False,,0,False
R006636,P0222,95.7,13631,37.6,194.0,5.46,4.93,6,6,False,,0,False
R006637,P0222,84.7,7676,25.5,222.1,7.27,1.67,6,6,False,,0,False
R006638,P0222,83.8,9453,17.8,188.9,4.66,7.85,6,4,False,,0,False
R006639,P0222,51.8,4486,34.2,286.9,4.51,6.66,4,6,True,17:08,74,False
R006640,P0222,67.5,7138,16.9,235.9,5.24,6.81,6,6,False,,0,False
R006641,P0222,71.1,7426,15.4,193.3,6.05,5.54,7,4,False,,0,True
R006642,P0222,76.8,10732,33.3,262.9,7.06,7.27,7,6,False,,0,False
R006643,P0222,55.1,4852,15.8,269.6,4.96,3.52,7,6,False,,0,False
R006644,P0222,46.3,4657,8.6,146.5,7.95,2.85,5,4,False,,0,True
R006645,P0222,99.6,13813,36.8,253.0,4.7,6.91,5,4,False,,0,False
R006646,P0222,60.2,5094,10.5,224.8,8.18,6.21,7,7,False,,0,True
R006647,P0222,81.2,11048,17.9,218.6,5.24,6.07,5,6,False,,0,False
R006648,P0222,112.7,12885,47.7,298.8,5.8,5.7,6,5,False,,0,True
R006649,P0222,57.1,6065,15.6,241.2,7.26,7.1,7,6,False,,0,False
R006650,P0222,84.4,10193,15.9,234.8,8.98,1.98,7,4,False,,0,False
R006651,P0222,17.2,2555,10.1,202.0,5.53,3.2,6,4,False,,0,True
R006652,P0222,66.1,8649,16.6,222.0,6.41,7.49,6,5,False,,0,False
R006653,P0222,36.5,3674,7.8,144.7,6.76,6.89,4,5,False,,0,False
R006654,P0222,62.4,6635,30.0,269.0,4.57,6.15,9,6,False,,0,True
R006655,P0222,74.7,8758,19.8,266.4,6.96,9.45,5,2,False,,0,False
R006656,P0222,51.4,5333,13.8,192.8,5.1,7.93,4,6,False,,0,False
R006657,P0222,70.3,7890,18.8,255.4,4.06,1.03,6,3,True,16:03,43,False
R006658,P0222,55.0,6822,26.2,165.4,6.21,1.95,6,8,False,,0,False
R006659,P0222,50.0,4815,22.4,292.9,5.3,6.55,7,7,True,16:33,36,False
R006660,P0222,44.8,4989,0.4,270.0,7.28,7.19,5,6,False,,0,False
R006661,P0223,2.1,1311,0.0,76.0,0.56,5.47,8,6,False,,0,False
R006662,P0223,29.8,3902,19.9,35.8,0.0,7.08,7,5,False,,0,False
R006663,P0223,44.8,3406,12.0,63.7,0.0,6.69,7,5,False,,0,False
R006664,P0223,0.9,61,3.4,90.8,0.68,5.75,8,9,False,,0,False
R006665,P0223,36.0,3930,23.6,93.8,0.0,7.91,8,6,False,,0,False
R006666,P0223,51.9,5088,22.0,92.6,0.69,0.0,6,4,False,,0,True
R006667,P0223,32.4,3178,7.8,120.1,2.06,2.59,7,4,False,,0,False
R006668,P0223,0.0,574,0.0,121.3,1.62,6.33,6,4,False,,0,False
R006669,P0223,0.0,0,0.0,120.1,2.66,7.74,8,4,False,,0,False
R006670,P0223,27.8,1732,8.5,82.5,1.6,8.59,7,6,True,17:58,89,False
R006671,P0223,6.5,0,1.0,86.2,0.53,7.47,7,6,False,,0,True
R006672,P0223,53.4,6841,14.7,73.2,0.32,6.87,6,4,False,,0,False
R006673,P0223,0.0,29,0.0,0.0,0.16,1.61,8,5,True,14:24,55,False
R006674,P0223,36.5,3225,6.0,62.1,0.0,2.82,5,4,False,,0,False
R006675,P0223,0.0,0,1.8,89.9,0.0,6.85,8,9,False,,0,False
R006676,P0223,14.5,674,7.9,44.1,0.0,7.71,5,4,False,,0,False
R006677,P0223,13.1,1168,0.0,106.0,2.94,8.05,6,5,False,,0,False
R006678,P0223,15.8,0,4.9,80.3,1.24,7.73,8,7,False,,0,False
R006679,P0223,9.2,1022,0.0,0.0,0.56,4.8,5,5,False,,0,False
R006680,P0223,15.8,1505,2.1,51.7,0.93,2.53,8,5,False,,0,False
R006681,P0223,0.0,1473,4.6,0.0,0.19,3.89,7,4,False,,0,False
R006682,P0223,52.1,6239,27.7,34.1,1.2,6.01,6,3,False,,0,False
R006683,P0223,0.0,0,0.0,411.0,0.0,5.71,7,6,False,,0,True
R006684,P0223,39.5,2170,1.7,64.5,0.14,6.82,8,7,False,,0,False
R006685,P0223,22.1,2746,17.6,124.2,0.0,7.71,9,4,False,,0,False
R006686,P0223,0.0,846,0.0,53.1,0.95,7.55,6,6,False,,0,False
R006687,P0223,33.3,4038,12.1,81.3,1.14,1.86,7,3,True,13:38,61,False
R006688,P0223,0.0,0,5.4,55.8,1.61,2.66,9,6,False,,0,False
R006689,P0223,38.4,2446,11.2,95.0,2.29,6.3,6,6,False,,0,False
R006690,P0223,70.5,7727,16.0,106.6,0.7,6.61,6,5,False,,0,False
R006691,P0224,36.6,3437,10.1,27.5,6.32,4.15,4,2,False,,0,False
R006692,P0224,36.4,4359,15.4,62.5,6.93,1.37,7,5,False,,0,False
R006693,P0224,35.1,4344,4.0,89.9,6.08,3.78,6,5,False,,0,False
R006694,P0224,61.9,5145,7.9,15.7,6.75,3.81,5,5,True,17:31,27,True
R006695,P0224,15.5,2137,3.2,12.3,6.3,4.15,6,6,False,,0,False
R006696,P0224,3.1,286,8.9,94.9,6.95,2.71,6,4,False,,0,False
R006697,P0224,22.2,3364,8.9,40.0,6.01,2.98,7,5,True,17:40,51,False
R006698,P0224,31.6,3335,14.1,29.9,6.16,4.2,6,5,False,,0,False
R006699,P0224,3.3,1663,5.3,38.3,5.03,3.82,4,4,False,,0,False
R006700,P0224,2.7,0,1.1,29.6,5.69,4.21,7,6,False,,0,True
R006701,P0224,18.7,1500,12.0,0.0,8.08,2.39,3,5,False,,0,False
R006702,P0224,44.8,6716,15.3,69.7,3.9,4.75,6,5,True,14:32,65,False
R006703,P0224,29.7,3538,4.5,28.2,5.9,0.55,5,2,False,,0,False
R006704,P0224,25.8,2311,5.7,61.9,5.73,0.0,6,5,True,14:44,63,True
R006705,P0224,14.6,1126,15.9,0.0,5.64,4.12,6,5,False,,0,False
R006706,P0224,30.1,2846,16.6,0.0,6.75,5.34,6,5,False,,0,False
R006707,P0224,0.0,0,6.6,30.3,7.84,4.06,6,6,False,,0,False
R006708,P0224,20.8,2916,7.1,47.1,7.56,4.41,4,6,False,,0,False
R006709,P0224,26.8,3889,16.5,60.8,5.01,4.41,4,4,False,,0,False
R006710,P0224,6.1,626,0.1,59.5,6.77,3.41,4,4,False,,0,False
R006711,P0224,40.0,5089,16.4,12.8,6.36,0.85,5,4,True,17:28,10,True
R006712,P0224,39.6,2676,10.7,39.6,5.88,4.72,5,7,True,14:06,18,False
R006713,P0224,31.7,4029,10.0,157.1,6.59,2.93,6,8,False,,0,False
R006714,P0224,20.6,1505,3.4,12.4,6.78,4.99,6,4,False,,0,False
R006715,P0224,15.7,2692,3.6,141.3,7.69,4.39,6,6,False,,0,False
R006716,P0224,18.1,1651,0.5,35.1,6.22,6.2,7,3,False,,0,False
R006717,P0224,50.5,5609,15.4,50.4,6.9,2.7,4,4,False,,0,False
R006718,P0224,36.9,4873,10.0,66.1,7.24,2.23,3,7,False,,0,False
R006719,P0224,33.8,3895,12.0,48.5,6.12,4.09,5,4,False,,0,False
R006720,P0224,0.0,548,0.0,39.4,5.11,2.23,5,5,True,16:54,76,True
R006721,P0225,23.9,1943,0.0,210.0,4.72,3.88,5,2,True,13:17,48,False
R006722,P0225,68.5,8053,16.6,238.2,5.88,5.32,4,7,False,,0,False
R006723,P0225,71.9,9249,17.5,203.3,5.17,3.9,5,3,False,,0,False
R006724,P0225,44.2,5355,10.8,235.1,4.45,2.55,5,2,False,,0,False
R006725,P0225,38.8,5523,14.6,235.7,6.83,5.16,5,7,False,,0,False
R006726,P0225,61.4,7862,30.2,214.0,4.65,0.95,5,4,True,17:10,75,True
R006727,P0225,12.9,3357,0.0,280.0,4.51,1.46,5,3,True,17:04,51,True
R006728,P0225,47.4,4931,22.4,225.9,3.93,4.42,7,6,True,16:45,52,False
R006729,P0225,60.4,6803,24.4,250.2,4.59,3.35,5,6,True,17:34,29,False
R006730,P0225,58.8,6189,10.9,179.9,5.99,5.65,7,4,False,,0,False
R006731,P0225,6.7,1211,0.0,179.6,4.67,4.7,7,8,True,15:02,29,True
R006732,P0225,46.9,5504,10.9,182.2,6.83,5.03,7,5,True,17:51,13,False
R006733,P0225,38.8,2446,16.2,195.2,5.64,2.82,4,1,False,,0,False
R006734,P0225,73.0,6418,29.6,164.5,4.62,1.65,8,5,True,15:04,53,True
R006735,P0225,58.0,4848,22.4,170.7,4.72,6.2,5,4,False,,0,False
R006736,P0225,49.2,6554,8.9,185.3,5.32,4.86,6,2,False,,0,False
R006737,P0225,57.8,7102,19.4,133.2,5.47,4.71,5,4,True,15:56,37,False
R006738,P0225,53.9,6643,10.6,178.9,5.69,4.69,6,4,True,13:59,47,False
R006739,P0225,85.7,9532,16.9,228.0,3.38,4.84,4,4,False,,0,False
R006740,P0225,25.6,1454,14.5,98.8,6.21,0.38,5,5,True,17:30,50,True
R006741,P0225,12.0,1662,7.7,103.7,4.79,2.79,4,3,False,,0,True
R006742,P0225,51.1,3089,12.5,286.8,5.27,5.49,6,3,False,,0,False
R006743,P0225,59.2,6573,23.7,229.6,6.25,4.11,4,6,True,16:05,42,True
R006744,P0225,66.4,7111,24.2,234.9,5.78,4.16,7,7,False,,0,False
R006745,P0225,98.8,12378,40.9,119.4,4.48,5.76,5,4,True,14:31,54,False
R006746,P0225,46.8,5431,14.6,226.0,3.82,3.78,3,3,False,,0,False
R006747,P0225,47.7,6085,23.9,172.2,4.09,2.5,4,5,True,13:33,39,False
R006748,P0225,29.9,3550,6.7,180.9,4.45,2.0,6,6,False,,0,False
R006749,P0225,57.1,6216,26.9,256.2,4.67,5.7,6,7,True,17:18,29,False
R006750,P0225,77.1,7064,36.7,185.2,4.32,3.35,6,4,True,16:10,42,False
R006751,P0226,12.9,2445,0.9,233.6,2.98,8.12,4,6,False,,0,False
R006752,P0226,0.0,89,0.0,229.6,9.07,8.08,7,4,False,,0,True
R006753,P0226,46.3,4720,9.5,279.5,4.02,6.76,4,3,False,,0,False
R006754,P0226,17.8,1405,3.4,258.1,3.89,6.01,5,4,False,,0,False
R006755,P0226,34.8,3628,4.2,168.0,3.58,8.51,7,5,False,,0,False
R006756,P0226,32.6,3228,5.1,230.1,4.29,3.79,5,4,False,,0,False
R006757,P0226,2.5,521,2.1,232.7,2.84,2.94,5,5,False,,0,False
R006758,P0226,21.8,2161,0.0,262.7,3.41,9.14,5,4,False,,0,False
R006759,P0226,6.4,664,7.9,214.4,4.59,9.35,3,8,True,13:03,15,False
R006760,P0226,20.0,2362,8.7,223.2,3.69,8.48,6,3,False,,0,False
R006761,P0226,0.0,0,5.2,141.2,4.14,7.67,3,3,False,,0,False
R006762,P0226,48.4,5165,17.1,246.7,3.21,7.52,3,5,True,16:18,20,False
R006763,P0226,21.0,3324,5.3,240.9,3.08,4.52,4,10,False,,0,False
R006764,P0226,46.8,5490,14.0,320.1,1.88,1.62,4,6,False,,0,False
R006765,P0226,0.0,0,5.4,211.5,2.0,9.18,3,4,False,,0,False
R006766,P0226,6.9,2645,10.0,237.1,6.34,7.33,5,5,False,,0,True
R006767,P0226,62.1,7985,13.8,304.1,5.7,7.35,5,7,False,,0,False
R006768,P0226,38.1,3957,9.5,343.6,2.07,8.56,4,4,False,,0,True
R006769,P0226,0.0,302,0.1,265.3,3.77,9.19,7,6,False,,0,False
R006770,P0226,12.9,990,8.9,389.4,2.25,2.19,6,4,True,16:13,24,True
R006771,P0226,26.5,4710,9.3,364.9,1.72,3.06,5,5,False,,0,False
R006772,P0226,7.8,1129,9.1,192.0,3.46,8.16,5,4,False,,0,False
R006773,P0226,6.3,2136,7.6,213.6,6.15,9.45,5,5,False,,0,False
R006774,P0226,10.5,41,2.1,175.3,1.51,7.14,3,3,True,17:35,43,False
R006775,P0226,30.9,2246,5.4,211.7,4.65,8.12,5,7,False,,0,False
R006776,P0226,27.3,3808,15.2,287.1,5.09,8.06,5,6,True,17:19,56,False
R006777,P0226,35.5,3839,6.2,230.8,3.75,3.58,4,4,False,,0,False
R006778,P0226,17.7,728,0.0,199.1,3.04,2.5,8,6,False,,0,True
R006779,P0226,5.3,745,1.3,405.1,4.5,8.89,5,3,False,,0,True
R006780,P0226,11.8,929,0.0,165.6,3.87,9.26,5,3,False,,0,False
R006781,P0227,135.9,13293,34.5,7.2,4.84,11.54,4,5,False,,0,False
R006782,P0227,89.9,11175,20.7,21.1,5.09,10.75,4,7,False,,0,False
R006783,P0227,94.5,8273,33.4,0.0,6.55,10.05,2,4,False,,0,False
R006784,P0227,86.5,9942,22.1,0.0,4.2,8.19,2,4,False,,0,False
R006785,P0227,109.2,13166,34.5,55.7,5.14,7.65,3,3,False,,0,False
R006786,P0227,100.5,8211,25.2,25.6,6.11,1.43,3,5,False,,0,False
R006787,P0227,107.1,10181,31.8,0.0,4.5,1.31,3,3,False,,0,False
R006788,P0227,83.8,9121,18.1,0.0,7.3,9.83,2,2,True,15:16,43,True
R006789,P0227,105.2,12043,44.7,0.0,5.16,8.94,5,4,False,,0,False
R006790,P0227,117.6,15891,26.7,0.0,3.13,9.82,4,4,False,,0,False
R006791,P0227,116.9,11264,33.4,0.0,4.45,7.96,1,3,True,13:22,52,False
R006792,P0227,136.1,16647,60.0,47.5,2.98,9.0,3,4,False,,0,False
R006793,P0227,104.5,11816,30.9,0.0,8.07,3.79,4,4,False,,0,False
R006794,P0227,122.7,14106,31.1,0.0,4.46,4.58,5,6,False,,0,False
R006795,P0227,117.5,10339,22.8,65.6,4.27,9.35,4,4,False,,0,True
R006796,P0227,129.7,15601,44.9,6.4,5.84,10.53,2,4,False,,0,False
R006797,P0227,117.5,12521,38.4,0.0,5.28,9.36,5,5,False,,0,False
R006798,P0227,80.8,9587,23.0,0.0,3.84,10.2,4,5,False,,0,False
R006799,P0227,105.4,13302,26.2,36.3,2.95,10.08,3,4,False,,0,False
R006800,P0227,126.3,12268,23.4,4.0,4.21,4.62,3,6,False,,0,False
R006801,P0227,105.8,12129,18.7,4.8,4.24,4.09,4,5,False,,0,False
R006802,P0227,90.1,10611,34.2,0.0,3.76,9.64,3,4,False,,0,False
R006803,P0227,99.3,9312,33.5,0.0,5.36,6.6,3,5,False,,0,False
R006804,P0227,110.2,14013,28.2,0.0,5.35,10.02,3,4,False,,0,False
R006805,P0227,115.5,11257,26.3,18.5,4.79,9.13,3,5,False,,0,False
R006806,P0227,88.2,9438,38.4,0.0,4.76,10.74,1,1,False,,0,False
R006807,P0227,140.9,13584,69.3,48.4,4.88,4.27,2,5,False,,0,False
R006808,P0227,100.5,12689,11.8,0.0,2.36,3.6,5,6,False,,0,False
R006809,P0227,98.6,11040,33.5,30.7,3.56,9.65,5,5,False,,0,False
R006810,P0227,133.1,13541,45.3,0.0,4.38,9.89,2,5,False,,0,False
R006811,P0228,0.0,269,0.0,77.6,6.07,9.45,5,5,False,,0,False
R006812,P0228,33.6,2845,4.6,128.2,4.17,7.93,4,3,False,,0,False
R006813,P0228,0.0,574,0.0,60.5,4.25,8.45,6,5,False,,0,True
R006814,P0228,0.0,767,0.0,0.0,4.45,9.36,7,5,False,,0,False
R006815,P0228,0.0,408,1.8,121.2,5.15,9.39,10,7,False,,0,True
R006816,P0228,5.0,1823,1.4,0.0,3.98,2.59,5,5,False,,0,False
R006817,P0228,0.8,0,0.0,34.9,5.95,2.26,5,5,False,,0,False
R006818,P0228,0.0,0,2.3,54.8,5.36,10.11,6,4,False,,0,False
R006819,P0228,0.0,0,0.7,38.9,2.69,7.84,5,6,False,,0,False
R006820,P0228,27.4,3000,8.4,53.6,4.23,8.62,8,6,False,,0,False
R006821,P0228,16.1,2056,0.0,56.3,4.56,7.89,6,4,False,,0,False
R006822,P0228,21.9,2856,5.0,2.3,4.73,8.0,5,6,False,,0,False
R006823,P0228,7.6,1324,0.0,39.2,2.88,2.8,6,4,False,,0,False
R006824,P0228,40.0,4447,8.4,0.0,3.58,2.06,6,3,False,,0,False
R006825,P0228,50.2,5495,4.2,34.3,5.93,10.45,4,3,False,,0,False
R006826,P0228,55.5,5994,3.8,30.5,5.88,6.9,5,5,True,13:40,119,True
R006827,P0228,10.0,793,3.6,68.8,3.94,6.5,5,5,False,,0,False
R006828,P0228,23.6,1675,9.9,140.7,4.49,9.38,4,5,True,13:32,29,False
R006829,P0228,14.0,2563,8.1,96.5,4.12,7.7,6,3,False,,0,False
R006830,P0228,5.3,1027,11.4,308.7,5.67,3.7,5,7,False,,0,True
R006831,P0228,34.3,4523,0.9,0.0,5.34,2.33,4,6,False,,0,False
R006832,P0228,2.9,0,1.7,76.9,5.95,7.51,5,7,False,,0,False
R006833,P0228,30.9,3508,4.7,140.5,3.61,7.71,5,6,False,,0,False
R006834,P0228,9.2,222,7.0,52.7,6.31,10.73,6,5,False,,0,False
R006835,P0228,11.1,0,0.0,0.0,5.2,6.84,7,3,False,,0,False
R006836,P0228,17.9,1204,7.1,13.8,4.93,7.62,6,5,False,,0,False
R006837,P0228,0.0,746,0.0,13.0,4.42,2.46,4,5,False,,0,False
R006838,P0228,8.3,1792,0.0,23.1,4.66,3.45,4,2,False,,0,False
R006839,P0228,11.4,365,13.5,166.1,5.39,7.75,6,6,False,,0,False
R006840,P0228,2.4,0,0.7,76.4,5.72,6.52,5,6,False,,0,False
R006841,P0229,41.3,3820,13.8,114.1,6.07,7.68,8,4,False,,0,False
R006842,P0229,80.8,9027,33.5,201.3,3.92,8.37,9,5,False,,0,False
R006843,P0229,32.4,3233,6.5,209.9,5.97,7.1,10,7,True,20:14,99,False
R006844,P0229,45.1,4879,5.2,190.7,3.75,5.92,9,6,True,20:05,47,False
R006845,P0229,61.6,7456,11.9,178.0,5.56,8.26,9,5,False,,0,False
R006846,P0229,30.9,2894,4.2,181.2,6.61,4.53,7,3,True,19:53,65,False
R006847,P0229,34.1,4258,9.0,206.4,6.29,2.12,9,6,False,,0,False
R006848,P0229,28.3,3255,8.9,177.9,6.01,6.56,8,5,False,,0,False
R006849,P0229,22.6,3882,11.0,117.9,5.81,6.08,7,5,True,19:38,91,True
R006850,P0229,90.5,8575,23.1,195.2,3.97,9.74,9,7,False,,0,False
R006851,P0229,49.2,4118,8.3,191.0,6.52,8.32,8,5,False,,0,False
R006852,P0229,60.3,7521,18.0,120.6,6.48,9.55,8,5,True,20:40,10,False
R006853,P0229,75.2,8524,28.5,142.1,7.24,1.69,10,4,True,21:32,25,False
R006854,P0229,41.4,3282,6.0,171.9,4.56,1.43,7,5,True,20:08,51,False
R006855,P0229,43.0,5284,13.8,112.8,6.18,7.18,7,3,False,,0,False
R006856,P0229,51.5,4319,20.0,142.6,5.38,7.57,9,7,True,19:00,58,False
R006857,P0229,16.8,2186,0.0,216.5,8.67,10.04,9,5,False,,0,True
R006858,P0229,69.3,8726,17.8,190.4,6.21,6.77,7,7,True,20:06,27,False
R006859,P0229,36.0,5140,13.4,154.9,5.61,8.0,9,6,True,21:54,69,False
R006860,P0229,24.2,3622,12.0,148.5,7.5,2.0,9,9,False,,0,False
R006861,P0229,0.0,0,0.0,192.4,5.87,1.92,9,6,False,,0,False
R006862,P0229,28.8,2970,13.6,213.9,6.03,9.14,8,4,True,19:34,79,False
R006863,P0229,64.5,6818,16.4,199.4,5.45,6.57,8,7,True,19:34,70,False
R006864,P0229,34.6,2377,11.7,174.9,5.54,9.5,9,7,True,20:40,29,False
R006865,P0229,21.0,2332,7.0,237.7,5.79,8.16,8,7,True,21:53,51,False
R006866,P0229,49.0,7079,7.9,132.3,4.68,7.16,10,10,True,20:14,80,False
R006867,P0229,83.6,7519,33.8,257.7,5.73,2.88,6,5,False,,0,False
R006868,P0229,46.0,4620,12.1,176.0,5.24,3.15,8,7,False,,0,False
R006869,P0229,21.9,2489,9.0,108.1,4.15,8.28,8,8,True,20:37,41,False
R006870,P0229,60.9,6171,11.4,191.5,7.88,5.75,9,8,False,,0,False
R006871,P0230,86.6,12082,10.3,297.2,6.19,3.78,2,3,False,,0,True
R006872,P0230,46.8,4885,16.1,332.8,7.8,4.99,3,5,False,,0,False
R006873,P0230,63.6,5549,29.8,414.1,7.8,5.24,3,4,False,,0,False
R006874,P0230,29.4,3444,8.9,284.3,8.28,4.55,2,4,False,,0,False
R006875,P0230,27.2,1971,0.0,315.3,8.45,4.39,2,4,False,,0,False
R006876,P0230,71.9,8605,21.4,343.8,9.11,0.42,2,4,False,,0,False
R006877,P0230,40.6,5997,4.4,379.8,7.86,2.27,3,2,False,,0,False
R006878,P0230,64.4,6140,9.2,330.8,6.79,4.73,2,3,True,15:37,65,False
R006879,P0230,50.3,7939,19.9,353.3,9.95,4.56,2,4,False,,0,False
R006880,P0230,45.7,6240,16.2,317.1,8.9,4.0,1,5,False,,0,False
R006881,P0230,51.8,4573,14.0,232.9,8.05,6.09,4,6,True,14:42,40,False
R006882,P0230,68.5,9070,28.1,315.1,7.47,5.32,2,4,False,,0,False
R006883,P0230,58.6,7458,22.9,389.3,7.83,1.69,3,2,False,,0,False
R006884,P0230,51.7,4925,18.9,290.3,7.11,2.61,1,4,False,,0,False
R006885,P0230,40.9,3545,5.5,369.9,7.92,4.51,2,3,True,16:25,27,False
R006886,P0230,49.4,4367,8.0,429.1,8.17,4.01,3,6,False,,0,False
R006887,P0230,68.8,6498,25.3,441.3,6.36,6.17,4,6,False,,0,False
R006888,P0230,87.5,9914,25.7,276.7,8.16,5.07,1,2,True,16:21,10,True
R006889,P0230,76.3,6638,24.1,328.0,8.68,8.05,2,4,False,,0,False
R006890,P0230,63.4,5741,26.4,322.6,9.08,2.47,1,2,True,13:39,27,False
R006891,P0230,71.2,6893,27.8,378.8,7.6,2.95,1,3,False,,0,False
R006892,P0230,53.9,6973,24.5,397.8,9.27,5.0,4,4,False,,0,False
R006893,P0230,62.1,5499,7.2,263.5,7.88,3.6,3,2,False,,0,False
R006894,P0230,79.0,7922,19.7,286.8,10.34,5.88,2,4,False,,0,False
R006895,P0230,40.1,3596,12.5,271.2,8.34,5.04,3,3,True,14:09,28,False
R006896,P0230,63.2,9134,9.0,323.5,9.33,4.53,2,2,True,15:06,47,False
R006897,P0230,47.5,6541,19.7,356.2,9.38,2.37,3,5,True,13:50,40,False
R006898,P0230,50.5,7683,19.5,389.7,11.22,3.31,4,7,True,14:35,58,False
R006899,P0230,80.6,8796,29.3,334.8,8.71,5.38,1,2,True,15:14,91,False
R006900,P0230,57.5,8142,22.1,461.6,7.91,4.59,1,4,True,14:48,63,False
R006901,P0231,75.7,7594,33.4,432.7,3.8,5.89,7,4,False,,0,False
R006902,P0231,56.2,7932,16.5,427.7,2.4,7.26,5,4,False,,0,False
R006903,P0231,60.6,7383,18.0,463.5,4.07,6.68,7,4,False,,0,False
R006904,P0231,53.8,7379,14.6,396.9,3.15,4.99,8,8,False,,0,False
R006905,P0231,37.3,3878,7.3,339.4,2.33,6.23,9,4,True,16:43,97,False
R006906,P0231,75.5,9239,28.9,463.5,5.73,2.48,7,6,False,,0,False
R006907,P0231,87.0,11238,38.9,380.9,3.19,0.49,7,4,False,,0,False
R006908,P0231,60.0,6022,9.2,444.8,3.37,6.62,5,5,False,,0,False
R006909,P0231,20.1,178,0.0,460.6,3.95,6.49,8,4,False,,0,True
R006910,P0231,69.5,7763,13.5,432.0,3.39,7.66,6,5,True,14:38,44,False
R006911,P0231,53.3,7564,21.9,493.0,1.48,6.16,8,5,False,,0,False
R006912,P0231,61.1,5924,27.0,404.9,1.97,7.98,7,5,False,,0,False
R006913,P0231,16.1,2874,4.1,425.4,2.99,1.96,8,5,False,,0,False
R006914,P0231,71.1,6409,15.7,477.9,3.99,2.0,8,7,False,,0,False
R006915,P0231,57.4,6913,16.5,479.8,4.14,6.58,7,4,False,,0,False
R006916,P0231,70.8,7784,17.1,409.9,4.65,6.38,7,6,False,,0,False
R006917,P0231,48.3,6382,12.4,484.6,3.43,5.8,8,7,False,,0,False
R006918,P0231,65.5,7046,16.8,397.9,3.73,7.72,6,3,False,,0,False
R006919,P0231,38.3,3595,15.3,442.5,2.47,6.48,6,6,False,,0,False
R006920,P0231,78.4,9527,8.5,411.1,2.94,1.29,9,7,False,,0,False
R006921,P0231,56.2,8254,28.3,434.5,3.05,3.13,7,7,False,,0,False
R006922,P0231,65.2,6432,24.8,360.3,3.12,6.3,8,5,False,,0,False
R006923,P0231,45.7,5969,17.2,391.5,2.38,7.5,9,6,False,,0,False
R006924,P0231,62.4,7211,12.0,600.0,2.76,7.65,8,6,True,14:09,64,True
R006925,P0231,57.0,6544,20.4,413.4,1.7,8.68,6,6,False,,0,False
R006926,P0231,66.9,8625,14.4,388.9,2.31,7.3,7,5,False,,0,False
R006927,P0231,70.2,7120,30.1,493.0,2.74,2.01,7,4,False,,0,False
R006928,P0231,47.9,4826,8.6,463.3,1.9,3.71,9,9,False,,0,False
R006929,P0231,56.3,6746,16.7,451.8,3.27,7.51,8,6,False,,0,False
R006930,P0231,55.6,5677,21.9,442.5,3.11,6.08,6,4,False,,0,False
R006931,P0232,73.4,9381,22.6,150.5,3.86,6.05,4,5,False,,0,False
R006932,P0232,87.7,10501,24.4,350.7,3.15,4.39,6,6,False,,0,True
R006933,P0232,55.3,6329,5.6,168.0,3.83,6.65,6,3,False,,0,False
R006934,P0232,50.3,6870,25.1,129.5,3.47,6.76,5,4,False,,0,False
R006935,P0232,101.4,12083,17.1,83.5,2.08,8.45,4,3,False,,0,False
R006936,P0232,44.9,6466,3.1,54.8,4.49,2.97,10,7,True,17:51,41,True
R006937,P0232,79.7,9393,15.7,174.7,3.8,3.19,5,5,False,,0,False
R006938,P0232,48.0,7705,22.1,58.1,1.79,6.75,5,2,False,,0,True
R006939,P0232,93.8,10148,24.3,178.7,1.26,4.99,4,5,False,,0,False
R006940,P0232,40.3,4489,7.4,205.5,2.73,7.04,4,6,False,,0,False
R006941,P0232,58.6,4304,29.9,135.4,3.82,7.25,3,5,False,,0,False
R006942,P0232,63.8,6739,25.2,71.6,2.86,5.88,4,4,False,,0,False
R006943,P0232,86.3,9193,33.0,118.5,4.11,4.05,6,4,True,13:46,90,False
R006944,P0232,53.7,6757,15.4,171.5,5.21,2.77,7,4,False,,0,False
R006945,P0232,65.5,7767,10.0,201.9,2.86,7.56,8,6,False,,0,True
R006946,P0232,76.0,10575,21.1,246.2,1.99,6.31,3,4,False,,0,False
R006947,P0232,49.6,4261,25.2,89.6,2.73,5.95,3,2,False,,0,False
R006948,P0232,65.6,5830,8.9,180.3,2.81,6.62,6,6,False,,0,False
R006949,P0232,49.7,4874,10.4,136.2,2.6,4.14,3,4,False,,0,False
R006950,P0232,54.6,6234,11.7,98.1,2.65,1.81,4,5,True,13:10,67,True
R006951,P0232,20.2,1216,0.0,278.1,3.85,1.61,6,10,False,,0,True
R006952,P0232,11.0,1328,11.5,206.4,3.61,7.07,4,5,False,,0,False
R006953,P0232,56.8,8799,16.1,50.9,3.87,4.6,4,4,False,,0,False
R006954,P0232,46.6,2712,14.3,132.2,4.04,7.69,3,4,False,,0,False
R006955,P0232,57.0,6905,20.8,184.4,4.11,6.79,4,4,False,,0,True
R006956,P0232,42.3,4628,22.1,39.5,4.1,6.52,7,7,False,,0,False
R006957,P0232,52.4,6118,24.9,98.1,4.75,3.85,6,4,True,14:21,51,False
R006958,P0232,23.8,1804,4.1,159.0,4.35,2.22,6,3,False,,0,False
R006959,P0232,73.1,9236,13.7,212.7,2.11,6.4,5,5,False,,0,False
R006960,P0232,81.9,7441,34.2,195.7,4.42,6.82,6,5,False,,0,False
R006961,P0233,63.6,6877,20.5,196.1,1.95,7.55,6,3,True,20:02,10,False
R006962,P0233,49.2,2975,12.4,272.7,4.15,9.23,2,4,True,21:07,66,False
R006963,P0233,75.1,8697,23.8,324.2,4.21,8.64,1,2,False,,0,False
R006964,P0233,56.2,6000,11.0,387.6,3.75,7.33,1,7,False,,0,False
R006965,P0233,81.4,8405,31.3,245.3,4.83,9.28,5,6,False,,0,False
R006966,P0233,69.7,8150,24.4,268.9,3.7,3.37,3,5,True,21:28,66,False
R006967,P0233,87.6,9143,22.9,329.9,2.3,2.49,1,4,False,,0,False
R006968,P0233,90.8,9794,22.1,265.8,3.76,10.17,3,5,False,,0,False
R006969,P0233,85.9,10826,34.3,241.5,4.08,7.57,2,4,True,19:44,26,False
R006970,P0233,36.0,3128,3.2,319.1,4.5,7.96,3,5,False,,0,False
R006971,P0233,72.6,8192,32.6,296.4,5.97,8.53,1,4,True,19:44,24,False
R006972,P0233,105.0,13990,48.6,344.2,5.63,9.78,2,4,True,21:06,69,False
R006973,P0233,107.2,11464,25.9,300.0,6.67,2.57,3,3,False,,0,True
R006974,P0233,62.8,5531,8.1,392.4,3.98,4.32,4,4,False,,0,False
R006975,P0233,90.7,10366,41.7,270.8,4.2,7.22,4,5,False,,0,False
R006976,P0233,49.4,5011,22.4,352.3,3.74,8.25,1,3,False,,0,False
R006977,P0233,91.0,9297,22.0,311.3,3.59,7.85,2,4,False,,0,False
R006978,P0233,74.3,7464,16.6,267.9,3.92,8.15,3,2,False,,0,False
R006979,P0233,94.5,8531,20.2,306.3,4.4,5.33,2,6,False,,0,False
R006980,P0233,77.6,7831,16.8,293.0,5.61,3.26,3,4,True,19:48,73,False
R006981,P0233,89.7,10029,21.0,287.7,3.15,2.96,2,3,True,20:04,11,False
R006982,P0233,63.3,6589,16.3,250.5,2.87,8.21,2,6,False,,0,False
R006983,P0233,75.5,8835,30.8,223.9,3.37,9.42,2,3,False,,0,False
R006984,P0233,93.0,12673,42.7,283.9,4.75,7.36,2,2,False,,0,False
R006985,P0233,63.1,8006,22.7,351.5,4.06,9.02,5,5,True,19:41,86,True
R006986,P0233,92.8,9198,24.2,283.3,2.97,7.97,4,5,False,,0,False
R006987,P0233,57.4,7884,25.0,230.6,3.98,2.49,2,3,False,,0,False
R006988,P0233,93.1,10255,16.9,259.0,4.79,0.6,2,3,False,,0,True
R006989,P0233,66.1,6566,4.7,368.4,3.55,8.91,3,5,True,19:30,65,False
R006990,P0233,44.4,3411,26.1,462.1,5.49,9.31,3,3,True,21:10,17,True
R006991,P0234,41.0,3762,12.9,154.5,1.73,6.82,7,4,False,,0,False
R006992,P0234,48.3,4377,16.7,178.4,2.72,6.92,5,5,False,,0,False
R006993,P0234,87.5,9763,48.7,227.7,5.83,9.73,5,5,False,,0,False
R006994,P0234,29.0,2796,15.6,220.0,4.91,8.31,5,3,True,14:22,55,False
R006995,P0234,34.7,3709,15.5,278.6,4.8,7.23,7,4,False,,0,False
R006996,P0234,21.0,2398,8.2,153.9,4.9,2.43,6,6,False,,0,False
R006997,P0234,32.1,2839,5.9,219.0,4.94,1.53,4,7,False,,0,False
R006998,P0234,59.2,7610,21.4,284.8,8.0,8.69,6,7,False,,0,True
R006999,P0234,35.0,4184,9.8,190.2,3.65,8.31,6,4,False,,0,False
R007000,P0234,16.7,2233,7.4,196.1,4.62,6.33,5,5,False,,0,False
R007001,P0234,21.5,1889,3.5,305.4,4.72,6.34,5,5,True,13:51,14,False
R007002,P0234,47.5,3922,10.6,186.6,3.7,8.52,5,6,False,,0,False
R007003,P0234,21.3,2012,2.9,217.4,4.94,3.85,6,6,False,,0,False
R007004,P0234,23.8,2370,0.0,217.5,2.86,3.02,6,3,False,,0,False
R007005,P0234,9.0,334,3.7,220.2,4.83,8.04,6,8,False,,0,True
R007006,P0234,15.9,2061,5.0,100.3,3.37,9.3,6,5,False,,0,False
R007007,P0234,34.0,4926,13.0,228.3,5.23,8.52,6,4,False,,0,False
R007008,P0234,83.5,8517,34.1,240.1,4.97,8.97,5,5,False,,0,False
R007009,P0234,36.1,3939,3.5,444.7,6.05,7.94,7,6,True,17:05,68,True
R007010,P0234,37.4,3602,3.8,173.3,2.88,2.83,4,3,False,,0,False
R007011,P0234,8.9,1048,3.8,229.4,5.05,3.43,5,6,False,,0,False
R007012,P0234,60.6,5431,21.1,225.5,4.18,7.48,8,7,False,,0,False
R007013,P0234,59.8,4580,13.7,136.0,5.34,7.89,5,3,False,,0,False
R007014,P0234,9.3,510,10.1,147.6,3.76,6.76,6,4,False,,0,False
R007015,P0234,12.4,1994,3.8,236.0,3.24,6.8,3,3,False,,0,False
R007016,P0234,49.7,7004,20.2,218.5,3.87,6.67,6,6,False,,0,False
R007017,P0234,36.3,3992,10.0,160.9,3.79,3.16,5,4,False,,0,False
R007018,P0234,17.2,3107,1.6,231.4,5.3,1.56,5,6,False,,0,False
R007019,P0234,32.5,3325,12.0,210.0,4.4,6.47,4,5,False,,0,False
R007020,P0234,47.4,5436,13.0,240.4,5.02,7.78,5,4,False,,0,False
R007021,P0235,47.2,6199,0.0,186.7,5.67,7.58,4,4,False,,0,False
R007022,P0235,62.4,7254,25.3,165.3,3.13,7.34,4,5,False,,0,False
R007023,P0235,30.2,1257,0.0,156.9,6.53,6.62,5,3,True,15:15,67,False
R007024,P0235,0.0,0,0.0,197.4,5.21,7.12,5,5,False,,0,False
R007025,P0235,40.9,2890,19.6,218.8,3.11,8.33,6,4,False,,0,False
R007026,P0235,34.2,2172,12.1,150.8,2.85,1.74,3,4,False,,0,False
R007027,P0235,42.9,3568,10.7,178.0,2.34,2.56,4,4,False,,0,False
R007028,P0235,0.0,0,2.8,198.3,3.66,8.41,5,5,False,,0,True
R007029,P0235,59.1,5415,18.7,107.6,5.4,7.16,5,4,False,,0,False
R007030,P0235,56.4,5774,11.4,194.0,4.01,9.13,5,5,False,,0,False
R007031,P0235,73.1,8043,19.4,235.9,4.34,6.66,6,5,False,,0,True
R007032,P0235,72.3,8267,18.5,185.6,5.37,8.74,6,6,False,,0,False
R007033,P0235,53.8,5746,17.9,217.8,5.45,3.63,5,4,False,,0,False
R007034,P0235,20.8,1636,6.4,98.3,4.81,4.17,7,5,False,,0,False
R007035,P0235,65.3,9637,22.2,216.9,5.42,8.75,3,2,False,,0,False
R007036,P0235,67.6,7106,21.0,213.0,1.89,7.29,6,7,False,,0,False
R007037,P0235,39.0,3602,10.0,174.1,4.03,7.73,6,7,False,,0,False
R007038,P0235,50.3,5665,22.6,271.3,4.75,7.45,4,3,False,,0,False
R007039,P0235,36.5,4889,10.8,282.2,4.24,6.78,4,5,False,,0,False
R007040,P0235,69.4,9200,11.7,208.6,4.23,4.21,6,6,False,,0,False
R007041,P0235,57.9,4955,4.8,164.5,3.86,1.94,5,6,False,,0,False
R007042,P0235,66.6,7084,20.8,330.8,4.34,6.22,4,4,False,,0,False
R007043,P0235,21.2,953,9.6,193.7,4.18,7.63,6,3,False,,0,False
R007044,P0235,44.4,5598,19.2,188.3,5.47,7.26,5,5,False,,0,False
R007045,P0235,28.3,2530,7.0,145.0,5.02,7.48,6,5,False,,0,False
R007046,P0235,58.7,5004,15.8,116.0,2.94,7.36,6,4,False,,0,False
R007047,P0235,30.2,4045,7.8,181.2,3.78,3.95,6,4,False,,0,False
R007048,P0235,35.8,3443,19.4,209.1,4.33,3.07,3,5,False,,0,False
R007049,P0235,33.4,2746,17.8,226.9,4.73,5.72,6,6,False,,0,False
R007050,P0235,19.8,1256,8.8,191.1,4.01,6.32,4,3,False,,0,False
R007051,P0236,65.8,6473,6.2,176.7,3.97,7.94,3,4,True,17:11,37,False
R007052,P0236,34.2,4884,11.8,133.6,3.34,8.74,4,5,False,,0,False
R007053,P0236,69.6,6825,17.9,168.4,6.31,9.18,5,4,False,,0,False
R007054,P0236,32.7,2276,7.2,150.8,6.57,8.96,6,6,True,17:56,38,False
R007055,P0236,30.1,3372,0.3,83.0,4.13,7.79,8,5,False,,0,False
R007056,P0236,43.0,5812,13.9,85.7,4.17,2.27,6,4,False,,0,False
R007057,P0236,48.7,5550,17.5,120.7,4.49,2.36,6,5,False,,0,False
R007058,P0236,40.2,4691,8.8,165.2,5.03,7.44,6,4,False,,0,False
R007059,P0236,70.1,9178,19.9,214.0,5.76,8.57,6,6,False,,0,False
R007060,P0236,52.3,6960,5.7,203.0,4.86,6.87,6,7,False,,0,False
R007061,P0236,31.4,2951,5.6,257.5,5.31,8.24,4,4,False,,0,False
R007062,P0236,63.6,8298,17.4,189.4,4.47,8.39,4,5,False,,0,False
R007063,P0236,44.6,5539,3.7,157.6,5.63,3.93,7,5,True,15:23,77,False
R007064,P0236,31.4,3011,6.7,196.8,5.3,2.76,3,6,False,,0,False
R007065,P0236,74.4,8610,15.7,179.3,4.35,8.44,5,6,True,17:05,11,False
R007066,P0236,68.3,8032,21.5,98.0,5.85,6.93,4,5,False,,0,False
R007067,P0236,46.6,5910,4.1,153.0,3.24,7.53,5,7,False,,0,False
R007068,P0236,28.7,3319,16.2,114.9,5.69,7.94,7,5,False,,0,False
R007069,P0236,61.4,8288,22.0,105.5,5.2,8.15,4,3,False,,0,False
R007070,P0236,32.3,4348,6.3,151.3,5.77,2.71,3,4,False,,0,False
R007071,P0236,57.2,6887,28.9,134.0,4.75,3.17,10,7,False,,0,True
R007072,P0236,47.4,4999,18.1,162.6,4.63,6.47,5,5,True,17:25,10,False
R007073,P0236,59.2,6444,11.8,159.8,4.76,7.14,7,7,False,,0,False
R007074,P0236,46.1,4907,14.3,180.4,3.48,8.15,7,3,False,,0,False
R007075,P0236,17.6,1656,0.0,192.5,4.88,8.19,5,7,False,,0,False
R007076,P0236,46.4,4352,19.0,234.7,5.15,6.2,4,4,False,,0,False
R007077,P0236,73.1,8942,12.5,215.4,4.9,3.36,5,4,True,16:39,46,False
R007078,P0236,25.5,2612,5.2,250.8,4.54,3.14,3,2,True,16:08,17,True
R007079,P0236,36.2,3149,3.6,152.7,6.31,9.25,4,3,False,,0,False
R007080,P0236,61.1,6031,26.6,195.2,5.22,8.45,8,4,False,,0,False
R007081,P0237,87.9,9393,20.2,0.0,7.53,9.84,4,2,False,,0,False
R007082,P0237,122.4,12137,41.2,91.2,8.56,7.91,2,1,False,,0,False
R007083,P0237,117.6,11802,30.9,25.9,8.1,8.26,4,3,False,,0,False
R007084,P0237,109.4,13617,41.9,67.5,6.15,7.68,2,4,True,16:18,54,False
R007085,P0237,90.9,11182,32.1,25.5,8.96,7.71,2,5,True,16:35,51,True
R007086,P0237,85.4,10140,31.2,0.0,7.54,1.66,2,3,False,,0,False
R007087,P0237,98.5,7834,43.6,75.0,7.14,3.1,4,3,False,,0,False
R007088,P0237,93.6,11252,23.4,79.1,8.56,7.8,3,3,False,,0,False
R007089,P0237,56.6,4312,28.0,40.2,5.05,10.35,3,4,False,,0,False
R007090,P0237,104.1,13889,5.8,54.4,7.93,7.61,1,6,False,,0,False
R007091,P0237,80.8,6690,26.9,0.0,9.31,9.12,3,3,True,17:49,41,False
R007092,P0237,101.1,11171,13.9,106.2,8.96,7.76,5,4,True,14:59,39,True
R007093,P0237,87.4,9505,33.4,45.0,6.96,1.69,3,6,False,,0,False
R007094,P0237,31.1,3821,9.3,15.6,7.8,0.94,2,3,True,15:39,34,True
R007095,P0237,93.5,12539,43.8,0.0,9.48,11.15,3,4,False,,0,False
R007096,P0237,79.2,9552,17.8,8.7,9.62,8.55,1,4,False,,0,False
R007097,P0237,94.6,10660,19.3,76.6,5.59,9.63,5,6,False,,0,False
R007098,P0237,88.8,8420,31.4,118.5,8.39,8.81,2,3,False,,0,False
R007099,P0237,78.8,8769,25.8,89.5,8.6,8.66,2,7,False,,0,False
R007100,P0237,89.4,11023,31.4,0.0,9.12,3.22,1,6,False,,0,False
R007101,P0237,63.4,7220,14.4,39.6,6.03,4.69,3,2,False,,0,False
R007102,P0237,91.5,12239,11.1,113.4,7.51,9.35,3,4,False,,0,False
R007103,P0237,92.2,7520,22.4,22.8,7.66,9.45,3,5,False,,0,False
R007104,P0237,79.0,9012,16.8,0.4,7.29,7.27,4,5,True,15:41,43,False
R007105,P0237,76.5,6927,16.0,6.6,7.49,9.55,4,4,False,,0,False
R007106,P0237,99.6,11958,37.5,44.9,8.84,10.1,2,1,False,,0,False
R007107,P0237,58.5,6551,20.5,39.8,8.79,2.69,3,3,False,,0,False
R007108,P0237,94.8,10569,29.0,74.7,5.91,5.01,1,4,False,,0,False
R007109,P0237,119.3,14763,42.2,38.6,6.41,9.54,3,4,True,16:30,34,False
R007110,P0237,114.4,11215,47.6,85.4,8.05,8.41,3,5,False,,0,False
R007111,P0238,83.0,7824,20.6,251.2,6.37,8.23,2,6,False,,0,False
R007112,P0238,56.1,6309,18.5,205.0,3.75,6.48,1,3,False,,0,False
R007113,P0238,93.5,10238,31.4,241.2,4.49,5.71,1,4,False,,0,False
R007114,P0238,45.1,3262,9.1,152.4,3.64,8.21,1,2,True,20:22,77,False
R007115,P0238,71.4,6812,20.6,172.0,3.12,6.6,3,5,False,,0,False
R007116,P0238,40.9,5434,15.2,214.4,4.36,3.73,1,3,False,,0,False
R007117,P0238,91.1,7844,13.4,167.7,3.08,2.94,3,4,False,,0,False
R007118,P0238,56.5,6651,24.1,164.6,5.25,5.3,3,4,True,19:57,32,False
R007119,P0238,64.5,7696,4.1,189.8,3.63,7.06,3,4,False,,0,False
R007120,P0238,82.9,9799,25.3,244.1,3.58,6.75,3,5,False,,0,False
R007121,P0238,55.7,8479,8.8,168.8,4.68,6.57,1,2,False,,0,False
R007122,P0238,54.5,3841,15.0,205.4,3.98,8.36,1,4,False,,0,False
R007123,P0238,78.0,10670,20.7,144.2,3.83,3.27,3,3,True,21:11,10,False
R007124,P0238,67.9,7938,31.6,176.1,4.18,2.38,3,4,True,20:04,82,False
R007125,P0238,34.9,4759,6.4,288.9,4.35,7.14,2,4,True,21:19,42,False
R007126,P0238,44.1,5182,17.6,180.3,4.0,6.43,4,3,False,,0,False
R007127,P0238,66.5,8034,32.5,173.8,4.36,5.2,1,4,True,20:01,10,False
R007128,P0238,78.7,9021,29.5,252.6,5.76,7.56,4,4,True,20:09,22,False
R007129,P0238,61.2,5853,19.3,184.8,4.96,7.17,1,7,False,,0,False
R007130,P0238,81.2,8330,44.2,252.3,5.7,3.21,1,4,True,20:19,48,False
R007131,P0238,64.7,8180,14.9,178.6,3.23,0.23,4,4,False,,0,False
R007132,P0238,50.1,4514,14.5,156.5,4.66,7.24,3,3,False,,0,False
R007133,P0238,65.7,8413,25.8,224.9,4.74,7.47,3,4,False,,0,False
R007134,P0238,73.1,9616,16.2,142.8,4.13,7.05,2,4,False,,0,False
R007135,P0238,61.2,5270,18.5,179.3,3.6,6.39,1,5,False,,0,False
R007136,P0238,44.2,5795,8.0,193.1,4.73,5.78,2,5,False,,0,True
R007137,P0238,33.4,2389,13.4,213.4,6.41,1.13,4,6,False,,0,False
R007138,P0238,50.0,5814,14.1,209.0,5.48,2.69,3,4,True,20:01,52,False
R007139,P0238,36.6,4757,10.1,189.1,6.25,7.7,1,3,False,,0,False
R007140,P0238,74.7,6059,19.1,212.1,6.09,5.61,2,2,False,,0,False
R007141,P0239,68.8,6984,21.0,140.4,3.5,9.36,6,4,True,17:05,76,False
R007142,P0239,58.0,7359,19.6,90.0,8.46,9.03,6,5,True,15:07,29,True
R007143,P0239,51.6,5682,18.8,88.3,5.54,9.25,7,4,False,,0,False
R007144,P0239,72.3,7134,24.4,129.5,5.44,8.22,7,5,False,,0,False
R007145,P0239,45.2,5270,0.0,126.7,5.04,8.95,6,5,False,,0,False
R007146,P0239,77.0,7662,7.6,153.0,4.28,2.96,7,5,True,15:50,56,True
R007147,P0239,42.6,5406,15.7,210.0,7.14,3.33,6,5,False,,0,False
R007148,P0239,56.9,6852,15.9,64.8,4.61,9.79,9,7,False,,0,False
R007149,P0239,72.6,8764,19.6,60.3,4.24,5.92,6,5,True,17:34,38,False
R007150,P0239,78.8,7741,33.3,177.1,4.89,8.06,7,6,False,,0,False
R007151,P0239,55.3,5146,19.0,102.9,3.99,7.04,6,4,False,,0,False
R007152,P0239,75.4,7392,15.0,115.1,7.13,9.81,5,4,False,,0,False
R007153,P0239,83.7,10198,33.9,121.7,4.22,2.2,6,6,False,,0,False
R007154,P0239,49.4,5403,11.2,120.1,5.17,2.34,6,3,False,,0,False
R007155,P0239,75.9,9591,27.4,90.7,6.31,9.34,7,6,False,,0,False
R007156,P0239,47.4,3846,13.5,152.4,4.87,7.98,8,5,False,,0,False
R007157,P0239,60.4,7027,9.3,183.2,4.96,8.18,7,5,True,13:43,10,True
R007158,P0239,79.8,8903,18.4,118.9,7.12,7.9,6,4,False,,0,True
R007159,P0239,57.0,6147,21.4,109.3,3.95,7.68,6,5,False,,0,False
R007160,P0239,53.4,5245,24.7,92.1,3.03,3.24,8,5,False,,0,False
R007161,P0239,94.8,11506,21.4,159.4,6.35,1.42,3,4,False,,0,False
R007162,P0239,68.6,8397,10.7,60.1,4.57,6.45,6,5,False,,0,False
R007163,P0239,62.5,6635,22.2,93.0,6.02,6.67,6,5,False,,0,False
R007164,P0239,63.5,5867,10.9,40.6,5.44,8.47,6,6,False,,0,False
R007165,P0239,64.3,6802,14.6,116.9,6.41,7.98,7,4,False,,0,False
R007166,P0239,61.6,8281,23.7,100.8,1.35,5.6,7,5,False,,0,False
R007167,P0239,62.3,5206,21.0,235.9,5.77,4.09,6,5,True,16:32,64,True
R007168,P0239,58.6,7462,13.6,140.5,6.77,2.49,6,5,False,,0,False
R007169,P0239,68.0,8110,25.9,271.3,7.67,9.43,6,4,True,16:02,93,True
R007170,P0239,47.0,7008,10.6,82.5,6.07,8.08,7,4,False,,0,False
R007171,P0240,54.9,5902,10.0,253.5,1.84,8.78,5,4,False,,0,False
R007172,P0240,46.2,5350,24.1,149.4,3.38,10.14,4,4,False,,0,False
R007173,P0240,88.1,11414,15.0,205.8,2.44,10.05,6,6,False,,0,False
R007174,P0240,37.5,3070,14.2,152.3,3.38,9.09,3,4,False,,0,False
R007175,P0240,57.9,5330,14.7,227.5,1.89,9.81,5,6,False,,0,False
R007176,P0240,41.8,4780,0.0,238.0,2.21,3.73,6,4,False,,0,False
R007177,P0240,24.5,3950,2.0,235.0,1.97,2.03,5,4,False,,0,False
R007178,P0240,28.9,2111,13.5,90.7,1.01,10.48,5,3,False,,0,False
R007179,P0240,47.8,5298,15.0,196.4,2.48,9.91,5,3,False,,0,False
R007180,P0240,37.6,2663,14.0,200.6,1.24,10.54,2,1,False,,0,False
R007181,P0240,41.4,3894,6.8,229.7,4.1,11.03,6,6,True,13:57,108,True
R007182,P0240,38.8,4149,18.2,236.8,2.92,8.04,5,6,False,,0,False
R007183,P0240,39.1,4624,14.3,205.6,2.24,2.82,4,5,True,16:19,20,False
R007184,P0240,32.1,4142,0.0,178.9,3.2,2.91,4,5,False,,0,False
R007185,P0240,50.8,5260,27.4,243.0,2.18,8.2,6,5,False,,0,False
R007186,P0240,7.1,1072,0.0,188.7,2.2,9.67,7,6,False,,0,False
R007187,P0240,79.9,7429,23.3,231.9,1.33,8.44,4,2,False,,0,False
R007188,P0240,54.3,4860,9.8,228.2,3.62,11.17,6,6,False,,0,False
R007189,P0240,74.8,10778,28.2,219.1,1.62,9.26,6,4,False,,0,False
R007190,P0240,63.6,8031,5.1,220.3,1.79,2.96,6,4,False,,0,False
R007191,P0240,32.9,3230,1.5,206.9,2.57,2.03,5,6,False,,0,False
R007192,P0240,45.9,5735,19.5,228.6,2.98,10.66,6,5,False,,0,False
R007193,P0240,27.5,4078,13.0,246.7,3.23,8.28,7,4,False,,0,True
R007194,P0240,53.7,7148,8.5,227.2,4.19,12.34,7,5,False,,0,False
R007195,P0240,78.6,8932,9.4,227.7,1.91,8.25,5,4,False,,0,False
R007196,P0240,54.8,8234,20.4,182.1,1.8,10.27,6,7,False,,0,False
R007197,P0240,50.8,5679,8.0,188.4,2.25,4.24,6,6,False,,0,False
R007198,P0240,33.0,3191,12.2,200.0,2.57,2.99,4,5,False,,0,False
R007199,P0240,56.8,6294,18.7,138.6,2.25,8.52,5,8,False,,0,False
R007200,P0240,52.2,6761,19.7,160.1,3.71,10.92,6,6,False,,0,False
R007201,P0241,43.6,3680,19.1,317.3,3.3,7.57,7,4,False,,0,False
R007202,P0241,45.8,4486,14.5,276.3,3.36,8.85,7,4,True,21:42,64,False
R007203,P0241,28.9,3610,12.4,206.7,2.45,7.94,8,5,False,,0,False
R007204,P0241,41.1,4138,8.3,281.2,5.53,9.69,7,5,False,,0,False
R007205,P0241,65.5,6190,11.9,241.4,3.44,7.6,6,5,False,,0,False
R007206,P0241,19.4,1744,7.4,310.9,5.91,2.25,7,8,False,,0,False
R007207,P0241,67.5,7759,17.7,236.4,3.6,1.53,7,6,False,,0,False
R007208,P0241,48.2,4912,7.8,233.0,5.16,7.65,8,8,True,19:46,44,False
R007209,P0241,39.4,5465,15.4,270.5,3.15,8.46,5,5,False,,0,False
R007210,P0241,65.7,8464,27.5,222.9,3.73,6.46,8,3,True,20:03,51,False
R007211,P0241,41.9,3028,8.0,279.8,3.65,8.22,8,5,False,,0,False
R007212,P0241,31.5,4545,11.9,274.1,2.4,8.8,10,7,False,,0,False
R007213,P0241,46.5,6346,25.1,292.1,3.81,2.93,9,7,False,,0,False
R007214,P0241,56.8,8167,14.8,219.4,4.57,1.49,8,7,True,20:42,60,False
R007215,P0241,29.0,3237,9.9,232.1,4.07,8.29,7,4,True,21:49,46,False
R007216,P0241,57.5,5488,20.5,206.5,3.4,5.84,7,5,True,20:21,50,False
R007217,P0241,21.0,2607,0.0,216.7,5.66,9.01,6,6,False,,0,False
R007218,P0241,17.4,1700,0.0,313.7,5.83,8.13,8,7,False,,0,False
R007219,P0241,54.5,7112,29.7,243.8,4.14,5.76,7,5,False,,0,False
R007220,P0241,28.8,3504,1.4,233.8,5.69,3.84,7,6,False,,0,True
R007221,P0241,57.4,6669,13.0,292.1,4.45,1.0,7,6,False,,0,False
R007222,P0241,43.4,3083,11.1,188.9,5.52,10.24,9,7,False,,0,False
R007223,P0241,15.1,1529,8.4,284.7,7.27,7.8,7,5,False,,0,True
R007224,P0241,60.7,7395,23.5,276.7,3.0,6.77,7,6,True,21:51,72,False
R007225,P0241,5.9,1321,0.9,240.6,4.0,7.21,7,6,True,20:42,75,False
R007226,P0241,40.8,4438,9.4,315.3,3.34,9.1,7,4,False,,0,False
R007227,P0241,34.3,4273,3.5,303.1,3.86,0.53,7,3,True,19:42,15,False
R007228,P0241,14.8,838,4.0,210.6,4.51,4.81,8,5,False,,0,False
R007229,P0241,38.1,4494,14.9,301.9,3.42,9.87,7,6,False,,0,False
R007230,P0241,55.0,5751,12.0,165.4,4.49,8.35,8,7,False,,0,False
R007231,P0242,7.5,0,0.0,41.3,2.06,6.03,8,6,False,,0,False
R007232,P0242,20.4,2260,25.3,32.6,3.39,6.73,6,6,False,,0,False
R007233,P0242,19.4,1755,0.0,66.6,3.0,6.5,7,5,True,13:50,62,False
R007234,P0242,0.0,580,0.0,64.1,2.78,6.72,5,6,True,15:30,54,True
R007235,P0242,16.5,1816,9.8,103.5,3.0,7.37,8,6,False,,0,False
R007236,P0242,0.9,611,10.9,0.0,2.43,3.84,7,6,False,,0,False
R007237,P0242,49.1,7322,13.4,136.3,0.87,1.39,8,4,False,,0,False
R007238,P0242,0.0,0,0.3,92.9,2.89,6.81,8,4,False,,0,False
R007239,P0242,31.1,2419,13.0,74.8,3.57,8.35,5,6,False,,0,False
R007240,P0242,11.7,1821,1.7,42.3,2.21,8.34,9,6,False,,0,False
R007241,P0242,0.0,0,0.7,71.7,4.29,7.88,7,6,False,,0,False
R007242,P0242,21.5,2436,9.6,92.6,1.92,8.52,7,5,False,,0,False
R007243,P0242,68.1,7414,17.7,117.7,3.53,1.52,7,5,False,,0,False
R007244,P0242,12.4,1925,2.7,66.3,3.05,3.52,5,4,False,,0,False
R007245,P0242,42.9,4406,15.0,121.3,2.47,6.85,8,6,False,,0,False
R007246,P0242,0.0,0,1.9,61.2,3.74,9.59,6,5,False,,0,False
R007247,P0242,11.1,1220,0.0,150.4,1.98,7.67,9,6,True,15:44,68,False
R007248,P0242,4.4,2739,0.0,103.2,4.58,7.98,5,6,False,,0,False
R007249,P0242,32.9,4018,3.3,87.9,2.56,8.61,6,4,False,,0,False
R007250,P0242,14.6,1761,2.5,71.9,3.54,2.2,8,4,False,,0,False
R007251,P0242,0.0,799,0.0,203.3,2.82,4.79,7,5,False,,0,False
R007252,P0242,22.2,2867,0.0,61.8,2.88,8.06,6,4,True,16:49,68,True
R007253,P0242,27.0,2672,0.3,0.0,2.61,7.22,6,3,False,,0,False
R007254,P0242,0.0,0,1.6,130.3,2.29,7.43,7,5,False,,0,False
R007255,P0242,24.7,2778,2.4,81.2,2.63,8.64,7,7,False,,0,False
R007256,P0242,20.5,1781,2.9,73.3,2.48,8.35,6,4,False,,0,False
R007257,P0242,1.1,0,1.2,102.9,2.38,2.22,6,8,True,16:09,25,False
R007258,P0242,15.1,4078,0.0,19.5,2.73,2.52,6,7,False,,0,False
R007259,P0242,31.3,3240,4.4,76.8,2.34,8.09,6,5,False,,0,False
R007260,P0242,33.0,4341,4.1,63.7,3.18,6.99,6,5,False,,0,False
R007261,P0243,18.1,2261,6.1,0.0,4.05,8.0,2,5,False,,0,False
R007262,P0243,39.4,2624,14.5,0.0,3.99,6.91,6,5,False,,0,False
R007263,P0243,50.9,6665,22.2,66.7,5.89,7.57,3,4,True,13:51,79,False
R007264,P0243,66.3,7193,13.3,0.0,5.28,6.6,5,4,False,,0,True
R007265,P0243,6.2,745,0.0,1.6,6.37,6.72,5,5,False,,0,False
R007266,P0243,52.5,6978,29.0,6.4,4.02,1.79,4,5,False,,0,False
R007267,P0243,37.9,3936,9.6,5.4,4.39,1.63,5,4,False,,0,False
R007268,P0243,67.5,7095,16.8,34.9,3.82,7.65,3,5,False,,0,False
R007269,P0243,64.4,7931,24.5,0.0,6.62,7.01,5,4,False,,0,False
R007270,P0243,61.5,7053,24.0,42.0,4.71,6.49,3,3,True,13:02,62,True
R007271,P0243,53.5,5663,24.5,27.2,6.4,5.1,8,9,False,,0,False
R007272,P0243,44.1,6101,14.7,0.0,5.08,5.79,5,5,False,,0,False
R007273,P0243,39.7,6578,0.0,0.0,3.2,2.68,5,4,False,,0,False
R007274,P0243,68.7,9111,15.8,97.7,4.95,3.55,2,2,False,,0,False
R007275,P0243,34.4,4330,6.3,0.0,5.98,6.2,4,4,False,,0,False
R007276,P0243,53.6,4606,11.4,0.0,4.13,3.49,3,4,True,17:27,56,True
R007277,P0243,39.3,4021,13.0,0.0,3.3,6.59,3,5,False,,0,False
R007278,P0243,73.4,8835,26.4,0.0,6.56,5.95,3,5,False,,0,False
R007279,P0243,54.4,7543,16.5,20.6,4.68,6.46,4,6,False,,0,False
R007280,P0243,71.7,6571,27.4,0.0,6.37,2.56,4,4,False,,0,False
R007281,P0243,48.0,3035,12.3,21.0,5.11,0.71,2,2,False,,0,False
R007282,P0243,54.3,7270,13.9,0.0,4.62,7.59,4,5,False,,0,False
R007283,P0243,54.6,7037,15.9,75.3,5.04,6.0,2,4,False,,0,False
R007284,P0243,70.7,9769,17.3,18.0,3.79,6.1,5,5,True,14:05,24,False
R007285,P0243,37.5,4313,23.7,53.6,6.5,8.01,5,5,False,,0,False
R007286,P0243,40.6,3827,20.4,13.4,6.2,6.34,4,4,False,,0,False
R007287,P0243,76.5,6547,30.3,111.5,6.21,1.45,3,4,False,,0,True
R007288,P0243,58.8,5312,28.0,0.0,5.56,2.16,3,3,False,,0,False
R007289,P0243,58.9,6454,8.0,21.4,5.08,8.9,2,4,False,,0,False
R007290,P0243,48.5,5143,14.9,32.3,4.76,7.61,4,5,False,,0,False
R007291,P0244,53.8,5480,15.9,120.7,6.01,5.88,5,4,True,13:10,98,False
R007292,P0244,25.1,2235,15.5,184.2,5.4,5.8,5,5,False,,0,False
R007293,P0244,30.3,2941,17.2,222.6,4.07,5.34,4,3,False,,0,False
R007294,P0244,22.4,3540,0.0,269.8,5.49,5.83,4,4,False,,0,True
R007295,P0244,21.1,1682,10.9,312.2,6.42,6.98,5,7,False,,0,True
R007296,P0244,23.8,3598,3.8,128.2,4.63,0.0,4,7,False,,0,False
R007297,P0244,45.3,4233,21.2,83.5,6.35,0.92,5,4,True,17:41,73,False
R007298,P0244,1.1,0,4.2,236.1,4.89,7.59,6,6,True,15:28,41,False
R007299,P0244,56.3,7024,14.3,186.7,5.94,5.64,4,5,False,,0,False
R007300,P0244,19.2,1599,3.8,135.1,4.77,5.08,7,5,False,,0,False
R007301,P0244,42.0,4515,3.7,196.6,5.89,6.81,4,4,False,,0,False
R007302,P0244,22.4,3131,3.0,178.9,5.9,6.46,4,5,False,,0,False
R007303,P0244,50.7,5866,7.6,235.2,6.45,2.03,6,3,True,17:57,47,False
R007304,P0244,0.0,0,0.0,141.9,5.61,2.11,3,6,True,15:33,74,False
R007305,P0244,20.8,2537,0.0,174.6,5.59,5.08,4,3,False,,0,False
R007306,P0244,38.8,5473,12.2,154.6,5.55,5.88,5,5,False,,0,False
R007307,P0244,18.7,1165,5.7,106.9,7.44,6.44,3,4,False,,0,False
R007308,P0244,29.9,3088,4.7,400.7,5.36,5.83,5,4,False,,0,True
R007309,P0244,4.4,588,3.0,119.8,5.7,5.94,4,2,False,,0,False
R007310,P0244,5.8,0,0.5,204.1,6.2,2.02,4,3,False,,0,False
R007311,P0244,24.7,1993,8.1,148.1,7.69,1.57,5,3,False,,0,False
R007312,P0244,0.0,758,1.3,160.1,4.71,6.38,3,6,True,13:56,16,False
R007313,P0244,57.0,7506,16.2,160.2,4.56,6.24,6,7,False,,0,False
R007314,P0244,48.2,4201,15.6,118.1,6.49,7.22,5,4,False,,0,False
R007315,P0244,47.1,5139,17.0,224.2,5.03,6.58,5,1,True,13:24,59,False
R007316,P0244,28.3,2668,7.0,191.8,5.7,6.34,4,3,False,,0,False
R007317,P0244,50.3,6042,18.5,110.9,6.55,1.86,3,4,False,,0,True
R007318,P0244,0.0,0,4.1,103.9,3.38,1.47,5,4,False,,0,False
R007319,P0244,0.0,0,5.2,100.0,4.72,5.03,5,4,False,,0,False
R007320,P0244,7.6,347,1.4,200.8,6.02,5.22,5,5,True,13:28,12,False
R007321,P0245,68.7,6653,24.8,42.6,6.53,9.46,5,4,False,,0,False
R007322,P0245,51.6,6973,23.8,178.9,6.0,9.28,6,5,False,,0,False
R007323,P0245,59.0,5857,28.5,14.2,6.02,6.36,5,6,True,19:02,50,False
R007324,P0245,73.2,8821,7.2,156.2,6.09,8.64,6,4,True,19:01,43,False
R007325,P0245,28.2,2681,27.2,104.3,5.82,8.59,5,5,False,,0,False
R007326,P0245,67.1,6071,24.8,147.9,7.99,2.29,6,4,False,,0,False
R007327,P0245,44.2,3547,15.6,60.5,5.26,3.75,7,5,False,,0,False
R007328,P0245,57.9,7026,4.0,90.8,8.03,9.27,7,8,True,21:37,73,True
R007329,P0245,68.8,4671,29.5,121.0,6.34,9.09,7,6,True,20:06,35,False
R007330,P0245,43.3,6433,18.1,27.5,6.63,9.81,6,5,True,21:29,50,False
R007331,P0245,35.5,4629,14.7,101.2,5.41,7.9,7,7,True,21:09,108,False
R007332,P0245,39.4,3746,13.0,125.3,6.34,9.23,6,5,False,,0,False
R007333,P0245,64.5,8174,12.6,42.5,5.85,2.3,7,4,False,,0,False
R007334,P0245,51.3,5330,8.3,116.0,4.44,1.63,5,4,False,,0,False
R007335,P0245,65.1,8046,5.4,25.6,5.02,9.94,6,4,False,,0,False
R007336,P0245,77.6,9311,9.8,68.4,8.42,9.78,5,5,True,21:51,29,True
R007337,P0245,23.7,2411,8.7,107.4,7.3,7.89,4,3,True,20:53,36,False
R007338,P0245,48.4,3905,19.3,123.8,8.27,9.01,5,5,True,19:07,41,False
R007339,P0245,47.1,6366,20.1,45.1,7.16,8.26,4,6,True,21:13,44,False
R007340,P0245,45.2,5265,10.3,60.2,7.54,2.99,7,6,True,20:29,40,False
R007341,P0245,68.8,6426,22.8,157.7,5.77,3.07,4,5,True,20:25,23,False
R007342,P0245,20.7,2664,9.2,27.0,6.91,8.63,5,5,False,,0,False
R007343,P0245,55.7,5991,18.3,79.5,7.87,7.35,6,5,False,,0,False
R007344,P0245,47.3,5552,0.2,127.5,7.95,8.29,5,5,False,,0,False
R007345,P0245,50.6,2876,9.1,125.3,6.98,8.38,5,7,False,,0,False
R007346,P0245,60.4,6058,20.7,47.0,5.97,8.63,6,5,False,,0,False
R007347,P0245,38.8,3955,3.8,101.1,4.6,2.34,6,4,True,20:39,10,False
R007348,P0245,33.1,3600,13.8,36.5,7.06,1.37,7,5,False,,0,False
R007349,P0245,53.2,4019,12.7,58.0,6.73,8.83,6,4,False,,0,False
R007350,P0245,65.6,8415,19.9,65.7,6.5,8.55,8,7,False,,0,False
R007351,P0246,12.8,2776,3.3,0.0,2.9,4.27,5,3,False,,0,False
R007352,P0246,51.5,6077,15.4,43.4,4.06,8.05,4,5,False,,0,False
R007353,P0246,35.9,2922,3.9,90.8,4.76,6.07,3,4,False,,0,False
R007354,P0246,45.1,6646,12.2,14.9,2.55,5.82,4,3,False,,0,False
R007355,P0246,62.1,6187,20.2,40.3,4.53,6.85,5,4,False,,0,False
R007356,P0246,82.0,7975,17.3,32.0,3.09,3.7,3,5,False,,0,False
R007357,P0246,62.7,6514,7.3,22.5,2.1,1.71,3,6,False,,0,False
R007358,P0246,77.8,6089,16.2,0.0,4.34,7.08,4,4,False,,0,False
R007359,P0246,42.4,6294,14.9,23.5,6.38,4.92,3,4,True,21:09,57,False
R007360,P0246,76.8,7613,8.0,0.0,3.5,8.09,5,4,False,,0,True
R007361,P0246,54.7,6809,13.6,0.0,2.57,6.23,4,5,False,,0,False
R007362,P0246,57.4,5795,14.3,35.3,4.39,6.4,2,5,False,,0,False
R007363,P0246,44.5,3874,28.2,39.9,4.06,0.11,3,3,True,19:15,25,False
R007364,P0246,42.6,4439,8.2,0.0,3.64,2.19,3,4,False,,0,False
R007365,P0246,57.1,7759,20.8,0.0,5.16,5.72,3,6,True,21:34,46,False
R007366,P0246,60.1,5377,25.8,54.2,5.76,6.49,4,3,False,,0,False
R007367,P0246,43.7,4131,9.7,0.0,4.45,5.18,3,2,True,20:37,29,False
R007368,P0246,53.4,4197,25.4,80.0,2.91,7.48,3,5,True,19:50,50,False
R007369,P0246,62.6,5703,21.5,16.0,7.25,5.91,4,4,True,20:38,51,False
R007370,P0246,42.2,4334,13.3,62.2,5.14,4.13,4,5,False,,0,False
R007371,P0246,46.1,6269,17.1,42.5,3.76,1.33,3,4,False,,0,False
R007372,P0246,48.3,4761,13.7,25.2,3.69,6.89,4,3,True,19:20,35,False
R007373,P0246,68.1,6435,33.2,0.0,4.87,6.93,1,3,False,,0,False
R007374,P0246,47.9,5274,7.9,0.0,3.55,5.63,4,5,False,,0,False
R007375,P0246,48.8,5214,8.4,2.4,3.75,4.45,3,4,False,,0,False
R007376,P0246,10.0,410,14.1,15.7,2.93,5.51,4,7,False,,0,False
R007377,P0246,57.1,5195,10.3,0.0,5.19,1.58,6,5,False,,0,True
R007378,P0246,67.0,7783,9.1,17.5,6.13,1.48,4,5,True,20:20,10,True
R007379,P0246,20.0,4393,9.1,29.4,4.6,5.14,3,4,False,,0,True
R007380,P0246,87.5,11111,35.1,0.0,3.56,5.09,4,6,False,,0,False
R007381,P0247,75.3,6274,30.3,41.3,4.12,9.22,4,5,False,,0,False
R007382,P0247,83.0,8964,15.3,0.0,3.64,10.44,5,6,True,17:07,66,False
R007383,P0247,58.0,6440,24.0,26.1,6.23,10.22,5,2,True,17:11,30,True
R007384,P0247,108.7,11464,23.3,163.1,8.71,7.15,7,9,False,,0,False
R007385,P0247,77.6,7411,23.4,106.2,4.11,8.24,4,4,False,,0,False
R007386,P0247,81.8,9185,33.1,52.4,2.98,2.78,3,2,False,,0,False
R007387,P0247,66.5,7287,26.5,73.5,5.56,3.36,4,5,False,,0,False
R007388,P0247,82.3,8767,29.5,22.1,5.9,9.38,6,6,False,,0,False
R007389,P0247,97.0,11237,35.1,65.8,6.21,8.74,6,7,True,13:08,27,True
R007390,P0247,50.0,5524,26.6,0.0,4.53,8.7,6,6,False,,0,False
R007391,P0247,77.7,7842,12.0,71.9,5.12,9.62,4,6,True,13:37,57,False
R007392,P0247,69.6,6768,13.2,103.2,5.74,8.76,4,5,False,,0,False
R007393,P0247,58.1,6283,22.9,18.4,5.46,2.54,5,4,True,16:35,52,False
R007394,P0247,69.5,8877,29.4,99.4,5.61,3.82,5,6,False,,0,False
R007395,P0247,64.3,7586,24.0,144.1,5.48,8.34,4,4,False,,0,False
R007396,P0247,98.3,11823,32.1,22.3,5.11,9.1,4,4,False,,0,False
R007397,P0247,42.8,3756,10.2,12.9,5.79,8.02,3,6,False,,0,False
R007398,P0247,57.3,5366,8.7,116.2,6.41,9.5,6,5,True,15:32,68,False
R007399,P0247,70.5,8863,23.2,47.7,8.04,8.96,5,7,False,,0,False
R007400,P0247,78.9,8635,25.3,19.3,4.55,2.77,6,6,False,,0,False
R007401,P0247,90.8,9222,16.8,84.3,5.23,2.21,7,6,True,17:44,16,False
R007402,P0247,66.0,7036,7.6,0.0,4.88,8.15,4,6,False,,0,False
R007403,P0247,76.7,7662,33.8,28.9,4.44,8.22,5,3,False,,0,False
R007404,P0247,58.9,5448,17.5,98.5,4.13,9.13,5,4,False,,0,False
R007405,P0247,65.7,8792,30.5,59.1,6.01,9.45,4,1,False,,0,False
R007406,P0247,88.8,10971,15.6,164.6,5.92,8.08,5,7,False,,0,False
R007407,P0247,36.9,5612,12.6,81.7,5.18,2.65,5,5,False,,0,True
R007408,P0247,99.5,9386,34.4,35.4,4.95,2.44,4,1,False,,0,False
R007409,P0247,96.4,11454,17.8,70.4,4.07,9.65,4,4,False,,0,False
R007410,P0247,76.4,8375,12.1,101.2,4.15,11.92,5,5,False,,0,False
R007411,P0248,22.3,2753,11.5,280.3,6.18,9.44,5,4,False,,0,False
R007412,P0248,19.9,2371,19.9,218.2,7.89,8.9,7,5,False,,0,False
R007413,P0248,10.3,1506,1.3,212.3,8.08,6.37,5,5,False,,0,False
R007414,P0248,47.6,3744,18.7,203.9,7.69,7.63,8,4,False,,0,False
R007415,P0248,38.2,2599,10.8,276.2,8.02,7.57,5,3,False,,0,False
R007416,P0248,40.3,4371,6.9,274.9,4.69,3.72,5,5,False,,0,False
R007417,P0248,7.3,504,6.0,252.2,5.45,2.58,7,4,True,15:20,42,False
R007418,P0248,53.6,7398,19.7,302.0,6.55,9.64,5,5,False,,0,False
R007419,P0248,4.4,529,0.0,273.1,7.23,10.43,5,5,False,,0,False
R007420,P0248,32.6,3004,3.9,296.3,5.42,9.05,7,5,False,,0,False
R007421,P0248,19.1,2208,0.0,180.7,7.77,7.46,4,4,False,,0,False
R007422,P0248,43.8,4999,5.7,227.4,5.7,9.41,7,2,True,15:38,11,False
R007423,P0248,23.3,2530,0.0,387.4,6.83,3.49,6,2,False,,0,False
R007424,P0248,0.0,0,2.8,274.0,7.35,4.3,6,5,True,13:06,33,False
R007425,P0248,3.3,614,3.1,285.0,7.32,11.03,8,5,True,14:54,81,True
R007426,P0248,0.0,405,1.7,317.6,7.4,8.2,4,3,False,,0,False
R007427,P0248,54.6,5829,14.0,360.2,5.98,7.52,5,3,False,,0,False
R007428,P0248,48.5,3935,15.9,342.3,8.61,7.36,6,4,False,,0,False
R007429,P0248,48.9,4737,10.0,283.0,6.87,9.83,6,3,False,,0,True
R007430,P0248,29.8,3387,9.5,255.6,7.2,2.61,6,7,True,13:03,57,False
R007431,P0248,12.4,3400,0.0,258.6,12.1,4.2,5,3,False,,0,True
R007432,P0248,41.4,4178,20.5,293.7,6.44,9.11,6,6,False,,0,False
R007433,P0248,7.2,430,4.0,264.7,7.5,7.78,8,6,False,,0,False
R007434,P0248,48.6,4568,18.1,287.5,6.64,8.51,6,5,False,,0,False
R007435,P0248,57.0,6501,16.5,231.9,5.33,8.32,4,5,False,,0,False
R007436,P0248,27.6,2125,11.8,316.7,6.21,7.98,7,7,False,,0,False
R007437,P0248,38.3,4147,7.0,219.7,8.21,2.4,9,6,False,,0,True
R007438,P0248,45.9,3977,2.9,263.9,6.05,3.6,6,8,False,,0,False
R007439,P0248,25.7,3329,14.8,343.1,7.34,6.87,5,7,False,,0,False
R007440,P0248,13.9,2732,4.7,306.0,6.65,8.57,6,5,True,13:22,60,False
R007441,P0249,0.0,0,0.0,279.4,5.06,7.64,9,4,True,13:43,24,True
R007442,P0249,0.0,764,0.3,321.5,5.06,7.04,6,8,True,14:16,56,False
R007443,P0249,0.0,0,6.9,264.6,7.79,6.75,4,6,True,15:30,33,True
R007444,P0249,0.0,0,1.8,326.0,4.52,6.89,4,5,True,16:29,19,False
R007445,P0249,0.0,0,3.8,244.4,6.17,6.57,5,5,True,14:03,71,False
R007446,P0249,0.0,0,0.0,269.8,5.34,2.38,5,4,False,,0,False
R007447,P0249,6.4,305,4.0,216.5,6.36,2.0,6,3,True,13:30,27,False
R007448,P0249,29.2,2986,6.8,207.0,4.73,6.64,7,4,False,,0,True
R007449,P0249,22.5,1060,0.0,285.6,6.33,5.61,6,4,False,,0,False
R007450,P0249,0.0,335,6.4,256.4,5.63,7.79,3,5,False,,0,False
R007451,P0249,0.0,897,3.1,259.2,5.09,5.68,5,8,False,,0,False
R007452,P0249,0.0,662,0.0,208.1,8.42,4.37,5,6,False,,0,False
R007453,P0249,10.9,0,0.0,275.6,6.3,3.11,5,5,True,14:23,54,False
R007454,P0249,0.0,686,12.2,271.9,6.25,1.82,4,7,True,15:15,29,False
R007455,P0249,0.0,453,0.0,232.3,4.7,6.83,5,3,True,17:50,75,False
R007456,P0249,0.0,0,0.0,247.4,5.39,5.66,5,2,False,,0,False
R007457,P0249,10.5,1326,3.8,265.3,10.67,7.19,6,3,True,17:15,90,True
R007458,P0249,3.5,236,0.0,156.5,5.44,4.86,6,6,False,,0,True
R007459,P0249,0.0,133,0.0,191.1,9.03,6.18,4,5,True,13:15,10,True
R007460,P0249,0.0,0,7.6,220.9,4.51,1.57,6,5,False,,0,False
R007461,P0249,33.3,3180,8.0,193.2,4.62,3.3,7,5,True,16:25,65,False
R007462,P0249,11.4,2175,9.3,496.3,5.2,7.52,5,6,False,,0,True
R007463,P0249,17.1,2317,0.0,261.5,4.33,6.77,5,5,False,,0,False
R007464,P0249,2.1,721,6.5,297.8,4.05,9.16,6,5,True,15:24,45,False
R007465,P0249,53.7,6171,26.2,299.2,4.93,5.92,6,6,True,13:20,10,True
R007466,P0249,0.0,0,0.0,294.9,4.41,6.45,10,9,False,,0,True
R007467,P0249,0.0,0,0.0,352.8,5.52,0.56,8,8,True,17:08,90,True
R007468,P0249,0.0,45,0.8,279.2,4.41,1.59,7,5,False,,0,False
R007469,P0249,0.0,1204,0.0,285.4,5.51,7.81,3,7,False,,0,False
R007470,P0249,8.2,1119,5.1,425.7,5.99,7.21,3,4,True,16:12,17,True
R007471,P0250,43.5,5431,14.2,62.6,7.11,4.76,6,4,True,16:30,79,False
R007472,P0250,38.1,3844,15.7,0.0,6.21,7.28,5,5,False,,0,False
R007473,P0250,36.1,1598,13.9,0.0,6.52,5.05,6,6,False,,0,True
R007474,P0250,45.1,3956,3.1,29.0,7.31,5.17,7,4,False,,0,True
R007475,P0250,58.2,6718,20.4,0.0,7.4,6.74,6,6,True,13:05,54,False
R007476,P0250,28.6,2631,17.2,46.2,6.65,2.19,6,6,True,17:31,10,False
R007477,P0250,41.5,5453,9.1,28.4,6.33,3.49,5,6,False,,0,False
R007478,P0250,41.3,3025,7.2,14.5,5.04,5.96,5,4,True,16:57,13,False
R007479,P0250,43.7,6811,6.3,0.0,7.85,5.94,6,4,False,,0,True
R007480,P0250,51.8,5620,22.4,57.0,6.74,7.52,6,9,False,,0,False
R007481,P0250,72.0,6929,17.9,31.3,7.46,5.81,5,4,True,14:20,43,False
R007482,P0250,48.3,4970,8.7,0.0,5.81,5.2,5,5,False,,0,False
R007483,P0250,45.7,4266,11.6,10.4,6.15,1.84,6,3,True,17:06,52,False
R007484,P0250,57.1,4968,20.8,6.2,8.18,3.77,7,7,False,,0,False
R007485,P0250,61.4,6644,24.8,0.0,7.39,5.15,5,5,False,,0,False
R007486,P0250,21.7,3313,4.9,0.0,6.77,4.66,6,3,False,,0,False
R007487,P0250,97.9,11430,42.0,220.0,7.63,6.27,6,4,False,,0,True
R007488,P0250,50.9,5250,10.9,20.4,5.88,3.62,5,5,False,,0,False
R007489,P0250,23.6,2132,15.2,23.6,6.31,6.33,5,6,True,15:25,18,False
R007490,P0250,41.6,4854,9.2,83.6,7.81,3.86,4,5,True,13:16,41,False
R007491,P0250,24.4,1884,4.9,0.0,7.13,2.5,6,5,False,,0,False
R007492,P0250,51.3,6054,19.2,25.8,7.91,6.87,6,4,False,,0,False
R007493,P0250,21.0,3532,1.1,41.2,6.6,7.28,5,4,False,,0,True
R007494,P0250,27.6,4665,12.6,24.2,5.95,3.23,4,4,False,,0,False
R007495,P0250,44.6,5127,6.5,1.7,6.36,4.2,5,4,True,16:01,84,False
R007496,P0250,18.6,1770,3.9,0.0,6.09,5.95,7,5,True,16:03,29,False
R007497,P0250,67.1,6622,18.1,0.0,6.53,3.63,6,8,False,,0,False
R007498,P0250,42.8,5886,5.3,34.3,5.37,2.24,7,6,True,13:49,46,False
R007499,P0250,50.7,6276,20.5,21.9,5.86,5.99,5,4,True,16:21,84,False
R007500,P0250,51.7,6770,22.9,31.8,5.52,6.73,6,5,True,13:49,62,False
R007501,P0251,51.8,5404,13.7,196.1,5.49,9.15,10,5,False,,0,True
R007502,P0251,26.0,2727,3.0,192.9,5.82,10.15,6,4,True,21:51,21,False
R007503,P0251,31.7,4283,5.7,125.4,5.76,9.59,7,4,False,,0,True
R007504,P0251,47.0,4579,15.8,201.1,5.89,9.41,6,6,True,20:23,57,False
R007505,P0251,37.2,5269,8.6,140.6,6.54,9.16,6,4,False,,0,False
R007506,P0251,73.7,8354,14.1,179.9,5.03,4.57,8,5,True,21:35,37,False
R007507,P0251,42.9,3347,14.2,213.1,5.34,1.27,6,7,True,19:44,54,False
R007508,P0251,40.4,3682,3.9,124.7,5.02,8.81,8,8,False,,0,False
R007509,P0251,69.5,8444,31.7,223.0,6.5,9.49,8,6,False,,0,False
R007510,P0251,38.2,3328,4.4,209.8,7.9,7.13,9,5,True,19:08,48,False
R007511,P0251,45.1,3612,19.6,207.8,8.06,10.06,4,5,True,19:36,75,False
R007512,P0251,57.5,5795,16.5,207.6,5.58,9.85,8,8,False,,0,False
R007513,P0251,25.4,2654,13.0,119.1,4.83,1.92,7,7,False,,0,False
R007514,P0251,42.3,3773,11.0,216.8,5.3,4.2,6,6,False,,0,False
R007515,P0251,41.6,4188,21.6,211.4,6.16,9.14,8,6,False,,0,True
R007516,P0251,7.5,459,0.0,169.2,7.98,9.34,6,4,False,,0,False
R007517,P0251,65.2,8082,19.5,437.0,5.36,8.92,6,8,False,,0,True
R007518,P0251,41.8,4453,25.8,235.5,5.49,9.33,6,6,False,,0,False
R007519,P0251,17.8,514,14.0,215.2,6.68,9.91,7,7,False,,0,False
R007520,P0251,69.5,8789,17.1,219.4,5.39,4.43,8,7,False,,0,False
R007521,P0251,34.9,4841,10.7,144.2,5.93,2.81,7,6,True,19:01,85,False
R007522,P0251,60.4,6237,15.8,265.0,8.21,9.17,6,6,True,21:56,52,False
R007523,P0251,7.2,287,3.2,215.0,6.17,10.24,7,5,False,,0,False
R007524,P0251,25.4,3120,0.0,203.3,5.9,10.6,6,5,False,,0,False
R007525,P0251,37.8,5353,1.4,413.4,6.81,9.47,6,5,False,,0,True
R007526,P0251,60.6,5466,21.3,155.5,4.65,10.76,4,7,False,,0,False
R007527,P0251,58.6,6501,25.2,161.7,7.24,4.62,7,5,True,20:16,77,False
R007528,P0251,22.2,2883,3.4,160.1,6.99,4.35,7,6,False,,0,False
R007529,P0251,34.3,2210,13.8,183.3,5.88,9.86,5,5,False,,0,False
R007530,P0251,19.6,2510,0.0,197.7,5.4,9.98,6,6,False,,0,False
R007531,P0252,55.0,7251,17.1,166.0,5.31,8.11,8,5,False,,0,False
R007532,P0252,53.9,5670,4.3,216.1,7.82,7.76,10,7,False,,0,True
R007533,P0252,70.6,7054,2.6,115.5,4.71,7.29,8,2,False,,0,False
R007534,P0252,6.4,978,0.0,156.3,5.59,6.44,9,7,False,,0,True
R007535,P0252,58.1,6786,11.8,219.1,4.09,6.54,9,7,True,13:10,57,False
R007536,P0252,58.6,7300,18.6,171.0,6.58,0.0,8,4,False,,0,False
R007537,P0252,38.7,4256,13.3,149.1,5.05,4.65,8,6,False,,0,False
R007538,P0252,87.0,10365,32.3,55.1,4.83,7.81,9,8,True,13:41,38,False
R007539,P0252,89.5,10710,24.9,137.6,4.34,7.46,8,7,False,,0,False
R007540,P0252,64.1,7142,27.9,107.7,4.75,6.49,8,4,False,,0,False
R007541,P0252,74.6,7217,20.8,117.8,4.57,5.18,7,6,False,,0,False
R007542,P0252,73.6,9045,33.6,194.0,5.6,7.73,7,6,False,,0,False
R007543,P0252,31.3,3085,8.4,125.4,3.31,4.19,7,3,False,,0,False
R007544,P0252,78.9,9516,23.9,165.1,6.06,2.68,7,5,False,,0,False
R007545,P0252,62.6,5869,17.9,173.3,4.6,7.1,8,6,False,,0,False
R007546,P0252,93.4,11180,26.5,173.4,4.84,7.1,7,7,False,,0,False
R007547,P0252,62.5,9428,14.2,213.0,5.12,6.21,8,6,True,13:34,46,True
R007548,P0252,74.7,8809,26.7,129.0,4.15,9.17,9,9,False,,0,False
R007549,P0252,71.8,8837,14.6,123.0,3.96,7.11,9,6,False,,0,False
R007550,P0252,57.7,5903,18.0,192.7,4.23,3.07,8,6,True,17:30,76,False
R007551,P0252,65.8,6217,23.2,169.1,5.36,4.12,7,6,False,,0,False
R007552,P0252,70.1,7350,21.7,75.6,4.39,8.21,10,7,False,,0,False
R007553,P0252,98.5,12259,20.0,130.4,7.05,6.99,9,7,True,15:10,27,False
R007554,P0252,62.9,6067,21.6,245.9,6.06,7.31,8,7,False,,0,False
R007555,P0252,55.8,8154,10.2,126.0,6.25,5.82,9,7,False,,0,False
R007556,P0252,55.5,5529,5.4,129.8,5.39,7.78,9,6,False,,0,False
R007557,P0252,39.2,3332,15.2,48.6,5.64,2.45,8,7,False,,0,False
R007558,P0252,40.3,3475,14.8,203.6,5.48,2.71,7,6,False,,0,False
R007559,P0252,63.8,8598,24.5,103.7,6.09,8.11,10,6,False,,0,False
R007560,P0252,87.6,10522,16.3,108.5,5.23,6.88,8,4,False,,0,False
R007561,P0253,109.2,12583,28.0,27.9,5.33,9.09,4,4,False,,0,True
R007562,P0253,44.1,4918,10.6,0.0,3.37,8.5,6,5,True,16:21,51,False
R007563,P0253,82.5,10274,25.4,32.8,5.73,8.43,5,2,False,,0,False
R007564,P0253,19.7,957,7.2,75.5,5.53,6.15,6,6,False,,0,False
R007565,P0253,70.4,6252,26.4,0.0,5.75,9.43,5,5,False,,0,False
R007566,P0253,68.6,7617,10.2,0.3,4.79,4.05,5,5,False,,0,False
R007567,P0253,49.3,3385,16.8,277.4,7.07,3.99,4,5,False,,0,True
R007568,P0253,58.5,6211,23.8,1.0,3.49,7.54,5,5,False,,0,False
R007569,P0253,74.0,8012,2.8,0.0,6.79,9.07,5,6,False,,0,False
R007570,P0253,50.1,6986,25.6,66.5,6.29,7.94,6,5,False,,0,False
R007571,P0253,58.7,5597,24.9,21.8,6.25,8.54,5,4,False,,0,False
R007572,P0253,68.2,5115,18.7,81.6,6.99,8.71,6,5,False,,0,False
R007573,P0253,36.8,6199,20.0,0.0,5.71,3.37,6,4,True,13:53,21,False
R007574,P0253,55.9,7276,14.1,47.1,4.54,1.59,5,5,False,,0,False
R007575,P0253,51.2,5392,25.4,0.0,4.7,8.44,6,4,False,,0,False
R007576,P0253,28.7,2446,7.3,0.0,4.45,8.64,8,4,True,14:09,14,True
R007577,P0253,80.5,7996,31.0,83.4,4.81,8.38,5,4,False,,0,False
R007578,P0253,86.0,8142,35.8,100.9,3.77,7.85,6,6,True,16:59,63,False
R007579,P0253,35.8,6113,13.4,0.0,3.97,8.88,6,4,False,,0,True
R007580,P0253,72.2,5771,34.9,117.7,6.55,3.28,5,5,False,,0,False
R007581,P0253,64.0,6682,30.7,87.8,5.26,2.49,7,5,False,,0,False
R007582,P0253,62.5,8048,12.6,0.0,6.89,9.29,6,4,True,14:01,37,False
R007583,P0253,49.7,5249,17.4,29.1,5.68,8.37,4,6,False,,0,False
R007584,P0253,53.9,4507,26.5,0.0,4.62,10.31,4,4,False,,0,False
R007585,P0253,40.4,3433,10.4,13.1,6.56,7.67,4,3,True,14:36,73,False
R007586,P0253,81.3,7863,12.4,0.0,5.31,9.41,3,5,False,,0,False
R007587,P0253,78.9,8733,9.6,64.6,7.14,1.86,6,5,False,,0,False
R007588,P0253,74.1,6817,18.9,47.6,2.55,3.6,3,6,False,,0,False
R007589,P0253,55.8,5743,19.5,2.4,4.05,8.13,6,5,True,13:15,58,False
R007590,P0253,64.6,9209,33.8,62.6,6.03,9.72,4,4,False,,0,False
R007591,P0254,26.9,3623,7.3,68.9,6.39,4.18,2,3,False,,0,False
R007592,P0254,0.0,397,5.5,53.9,6.14,3.75,3,4,True,16:19,39,True
R007593,P0254,22.2,2553,8.6,51.2,7.0,4.73,3,5,False,,0,True
R007594,P0254,28.5,1936,11.8,119.0,5.21,4.99,1,4,True,14:21,55,False
R007595,P0254,25.6,2631,0.0,71.6,5.09,6.74,1,2,False,,0,False
R007596,P0254,39.4,3545,16.3,135.8,5.23,2.77,2,4,False,,0,False
R007597,P0254,23.7,3920,0.0,142.7,5.47,0.57,1,4,False,,0,False
R007598,P0254,9.6,723,8.2,118.4,3.42,4.2,3,6,False,,0,True
R007599,P0254,11.2,1396,3.2,178.3,7.31,6.14,2,5,False,,0,True
R007600,P0254,21.1,2554,11.3,73.1,6.19,4.05,1,3,True,14:14,65,False
R007601,P0254,19.0,1199,4.5,167.8,5.18,5.12,3,2,False,,0,False
R007602,P0254,29.2,2230,9.9,215.6,5.77,4.92,1,5,False,,0,True
R007603,P0254,12.2,1526,7.3,79.4,11.09,1.66,3,5,False,,0,True
R007604,P0254,3.8,2476,3.2,111.8,5.05,0.0,3,2,False,,0,False
R007605,P0254,34.0,4023,7.7,111.7,6.76,5.1,2,5,True,16:07,10,False
R007606,P0254,0.0,0,0.4,153.8,7.23,4.67,3,1,False,,0,False
R007607,P0254,0.0,0,0.1,150.3,5.13,4.89,2,3,True,13:40,22,False
R007608,P0254,3.4,0,0.2,122.1,7.49,6.05,1,4,True,17:15,20,True
R007609,P0254,0.0,0,0.0,88.9,6.24,7.33,3,6,True,13:40,10,False
R007610,P0254,17.4,895,5.8,116.7,6.66,0.12,2,4,True,17:35,18,False
R007611,P0254,27.2,2609,0.0,122.0,5.88,2.48,4,7,False,,0,False
R007612,P0254,20.5,2336,3.4,85.8,10.97,4.32,2,5,True,16:07,77,True
R007613,P0254,0.0,1139,0.0,118.3,5.01,5.24,1,4,False,,0,False
R007614,P0254,49.8,4668,3.5,105.2,6.45,4.3,3,6,False,,0,False
R007615,P0254,17.1,757,7.3,167.8,5.74,3.55,2,7,True,14:37,36,False
R007616,P0254,16.2,259,7.9,130.9,6.06,2.77,1,5,True,14:27,21,True
R007617,P0254,44.3,4871,18.2,136.6,4.7,1.52,2,5,False,,0,False
R007618,P0254,54.2,4618,21.6,138.6,5.67,2.08,6,3,False,,0,True
R007619,P0254,26.9,3500,10.0,108.6,5.09,4.27,3,4,False,,0,True
R007620,P0254,15.1,1116,6.6,45.0,5.55,5.22,1,6,False,,0,False
R007621,P0255,49.4,5503,17.5,210.6,5.44,7.59,5,3,False,,0,False
R007622,P0255,70.1,8589,37.5,408.8,4.39,4.51,5,4,False,,0,True
R007623,P0255,39.7,4976,12.0,177.5,6.21,6.96,6,5,False,,0,False
R007624,P0255,11.3,713,6.6,222.2,4.62,7.75,3,3,False,,0,False
R007625,P0255,23.6,1576,12.8,157.9,4.95,5.89,4,4,False,,0,False
R007626,P0255,39.8,3961,10.4,115.9,5.13,1.38,6,6,False,,0,False
R007627,P0255,12.2,563,10.3,256.7,3.59,1.58,7,8,False,,0,False
R007628,P0255,30.3,3782,9.6,112.6,3.74,5.12,5,5,False,,0,False
R007629,P0255,0.0,124,0.0,104.8,4.3,6.23,4,3,False,,0,False
R007630,P0255,49.1,6637,10.4,143.0,2.06,6.67,6,5,False,,0,False
R007631,P0255,30.2,3520,4.2,145.4,1.87,6.61,6,6,False,,0,False
R007632,P0255,0.0,363,4.4,105.0,3.38,5.27,5,4,False,,0,False
R007633,P0255,30.8,1452,3.4,151.4,4.65,0.62,6,6,False,,0,False
R007634,P0255,48.1,6290,23.8,159.4,5.96,3.27,3,3,False,,0,False
R007635,P0255,0.0,0,0.0,154.3,4.03,5.57,4,3,False,,0,True
R007636,P0255,56.6,7336,23.3,0.0,5.93,5.26,6,5,False,,0,False
R007637,P0255,7.5,294,11.2,140.1,3.61,5.71,5,5,False,,0,False
R007638,P0255,32.2,4000,8.0,152.4,4.42,7.97,6,7,False,,0,False
R007639,P0255,20.9,2276,10.0,137.3,5.09,7.72,5,7,False,,0,False
R007640,P0255,31.7,1508,7.5,147.1,5.01,2.08,5,5,False,,0,False
R007641,P0255,37.7,5724,3.8,150.1,3.83,2.22,5,4,True,14:21,75,False
R007642,P0255,13.3,1901,5.6,125.1,4.9,7.07,6,5,True,15:32,38,False
R007643,P0255,1.8,1100,0.0,126.4,6.1,4.58,6,6,False,,0,False
R007644,P0255,28.2,4087,13.2,186.7,3.81,7.65,4,4,False,,0,False
R007645,P0255,10.7,653,3.2,150.4,5.26,7.18,7,9,True,17:14,36,False
R007646,P0255,0.0,0,0.0,170.9,3.71,7.3,5,8,False,,0,False
R007647,P0255,5.7,0,0.0,155.7,5.19,1.81,6,3,False,,0,True
R007648,P0255,0.0,1327,0.6,187.0,4.01,1.85,6,5,False,,0,False
R007649,P0255,0.0,0,2.8,127.1,3.62,4.68,8,5,True,14:39,46,True
R007650,P0255,33.3,5451,12.0,184.5,3.62,7.6,7,8,False,,0,False
R007651,P0256,53.1,6774,13.8,210.7,6.6,9.53,8,3,False,,0,False
R007652,P0256,84.1,10108,31.9,261.6,6.51,8.11,3,3,False,,0,False
R007653,P0256,33.3,4285,12.4,314.0,5.69,8.57,6,5,False,,0,False
R007654,P0256,11.5,1158,0.0,286.2,6.96,6.74,3,4,False,,0,True
R007655,P0256,59.8,5831,19.0,252.0,4.77,6.94,6,6,False,,0,False
R007656,P0256,69.9,8827,15.8,283.9,5.65,1.93,4,3,False,,0,False
R007657,P0256,69.6,7438,13.3,327.5,6.27,4.44,6,5,False,,0,True
R007658,P0256,59.6,7185,21.6,225.5,3.83,7.34,5,6,False,,0,False
R007659,P0256,52.0,5938,19.0,319.0,5.74,8.37,8,7,True,17:39,72,True
R007660,P0256,21.9,2122,6.5,317.3,7.7,7.72,4,6,False,,0,False
R007661,P0256,76.0,8598,28.0,231.5,6.64,8.88,6,4,True,16:01,65,False
R007662,P0256,36.1,4484,5.9,312.3,5.32,7.57,4,4,False,,0,False
R007663,P0256,64.9,7526,4.5,202.5,5.17,2.44,5,4,False,,0,False
R007664,P0256,65.9,6536,19.1,220.9,2.7,1.92,4,2,False,,0,False
R007665,P0256,22.7,2437,1.6,310.6,5.39,7.25,5,5,True,15:46,46,False
R007666,P0256,39.7,3105,10.5,287.9,6.06,6.75,5,5,False,,0,False
R007667,P0256,57.2,6525,12.2,254.3,4.07,8.43,5,3,False,,0,False
R007668,P0256,59.6,7174,25.7,311.2,6.31,8.09,6,5,False,,0,False
R007669,P0256,44.9,3397,10.8,242.1,5.26,9.11,5,4,True,16:02,40,False
R007670,P0256,98.0,11763,24.8,299.1,5.25,3.62,9,7,True,14:32,62,True
R007671,P0256,31.6,4350,10.4,233.3,4.64,1.98,5,7,False,,0,False
R007672,P0256,50.1,5198,13.9,219.1,5.29,8.27,5,2,False,,0,False
R007673,P0256,33.7,3677,9.2,272.8,5.32,8.41,7,7,False,,0,True
R007674,P0256,39.6,6014,25.1,342.5,6.46,6.38,5,7,False,,0,False
R007675,P0256,33.2,3041,8.2,207.6,5.79,7.82,5,4,True,16:06,53,False
R007676,P0256,16.1,2819,6.9,292.7,7.5,6.01,5,6,False,,0,False
R007677,P0256,18.3,1905,12.5,360.8,5.31,3.61,6,4,True,16:38,65,True
R007678,P0256,38.7,3938,14.9,228.7,6.44,2.63,6,6,False,,0,False
R007679,P0256,47.2,4352,12.8,162.8,5.65,7.02,6,6,False,,0,False
R007680,P0256,46.4,4383,13.8,495.4,5.78,7.43,5,7,True,15:44,80,True
R007681,P0257,75.8,7211,36.6,0.0,3.77,6.38,10,5,False,,0,False
R007682,P0257,66.7,7819,12.5,54.8,4.07,7.49,7,5,False,,0,False
R007683,P0257,38.7,2044,18.3,106.8,4.77,6.5,5,4,False,,0,False
R007684,P0257,44.8,3991,12.8,26.3,3.39,7.19,5,5,False,,0,False
R007685,P0257,60.8,6563,21.8,293.2,4.88,6.1,4,4,True,17:17,17,True
R007686,P0257,23.9,3666,16.2,50.4,4.79,3.76,7,6,False,,0,False
R007687,P0257,39.8,3205,16.9,143.1,5.25,3.58,5,5,False,,0,False
R007688,P0257,4.2,0,0.0,100.5,3.86,7.25,4,4,False,,0,False
R007689,P0257,63.7,4282,25.9,179.6,5.46,8.28,6,6,False,,0,False
R007690,P0257,64.6,6323,14.6,102.9,2.97,6.73,5,5,True,16:54,78,False
R007691,P0257,82.6,9832,12.9,59.0,5.75,8.0,4,5,False,,0,False
R007692,P0257,50.3,4679,14.4,25.7,5.22,7.08,5,4,True,15:33,20,False
R007693,P0257,42.1,5934,18.2,165.7,6.21,2.45,6,3,False,,0,False
R007694,P0257,56.5,6928,9.3,60.6,5.03,3.0,7,6,False,,0,False
R007695,P0257,63.8,6240,19.7,55.2,4.86,7.6,5,3,False,,0,False
R007696,P0257,57.0,4453,16.3,112.9,3.63,6.94,4,5,False,,0,False
R007697,P0257,39.0,4856,10.9,62.0,4.09,5.64,5,3,True,13:08,10,False
R007698,P0257,54.9,7475,26.0,3.4,5.91,8.96,5,2,False,,0,False
R007699,P0257,97.4,11490,30.3,12.7,3.56,6.49,5,3,False,,0,False
R007700,P0257,75.5,10239,45.6,124.9,5.88,2.57,5,6,False,,0,False
R007701,P0257,44.6,5526,25.3,69.7,5.8,1.66,5,4,False,,0,False
R007702,P0257,54.0,7244,6.4,93.6,4.05,8.42,4,6,False,,0,False
R007703,P0257,38.1,3898,15.2,55.5,5.09,6.47,6,6,False,,0,False
R007704,P0257,49.1,5140,21.9,67.0,4.85,6.4,6,2,False,,0,False
R007705,P0257,76.7,5953,30.0,57.9,5.05,5.94,6,6,False,,0,False
R007706,P0257,44.8,4012,14.5,91.7,5.81,5.69,6,6,False,,0,False
R007707,P0257,54.4,5612,13.3,73.6,5.08,3.47,7,6,False,,0,False
R007708,P0257,57.3,6685,14.8,90.3,3.89,3.12,4,5,False,,0,True
R007709,P0257,59.5,5392,25.7,100.8,6.25,5.63,8,9,False,,0,False
R007710,P0257,68.8,8736,28.2,65.9,5.38,5.2,6,5,False,,0,False
R007711,P0258,38.7,3122,13.5,54.9,9.03,8.14,6,4,False,,0,False
R007712,P0258,42.9,4237,22.8,163.7,6.37,7.31,7,3,False,,0,False
R007713,P0258,69.7,9687,17.0,22.1,5.62,7.84,7,5,False,,0,False
R007714,P0258,77.9,9182,36.1,90.0,7.18,8.07,7,4,False,,0,False
R007715,P0258,68.5,7731,28.5,112.8,7.97,5.91,9,7,False,,0,False
R007716,P0258,55.7,5695,4.1,118.1,7.14,1.88,6,6,False,,0,False
R007717,P0258,57.6,5070,23.4,174.9,6.51,2.05,6,5,False,,0,True
R007718,P0258,80.3,10254,29.6,35.7,7.7,6.29,6,5,False,,0,False
R007719,P0258,15.6,3690,13.5,17.1,7.28,7.09,5,3,False,,0,False
R007720,P0258,72.0,7521,22.1,144.5,6.35,8.3,8,3,False,,0,False
R007721,P0258,61.6,7522,7.5,197.5,5.87,8.58,8,10,False,,0,True
R007722,P0258,78.8,8391,28.3,252.9,7.84,9.32,4,6,False,,0,True
R007723,P0258,37.7,2727,6.9,92.6,6.22,2.32,5,4,False,,0,False
R007724,P0258,52.4,7138,6.5,143.3,6.15,2.24,6,4,False,,0,False
R007725,P0258,75.3,8610,26.8,122.7,7.74,7.08,5,3,False,,0,False
R007726,P0258,56.0,5664,22.5,137.0,7.54,7.9,7,7,False,,0,False
R007727,P0258,54.7,6124,20.9,105.9,7.56,7.82,6,6,False,,0,False
R007728,P0258,58.0,5248,26.6,79.0,6.9,7.87,5,8,False,,0,False
R007729,P0258,36.3,3465,6.3,6.2,5.28,7.0,5,5,False,,0,False
R007730,P0258,65.1,5456,6.1,51.4,6.73,2.44,7,6,False,,0,False
R007731,P0258,64.5,7530,28.6,65.4,6.5,1.74,6,4,True,17:12,70,False
R007732,P0258,41.3,4602,4.5,132.7,6.93,7.28,6,6,False,,0,False
R007733,P0258,45.1,4002,5.1,172.9,7.08,6.46,6,7,False,,0,False
R007734,P0258,68.4,7551,8.8,29.4,6.65,7.14,7,5,True,13:20,56,False
R007735,P0258,38.8,4018,8.7,165.3,6.87,7.0,6,3,False,,0,True
R007736,P0258,42.3,5736,10.2,300.9,6.89,9.42,5,7,False,,0,True
R007737,P0258,61.4,5302,21.3,111.0,7.98,4.08,6,4,False,,0,False
R007738,P0258,25.8,2582,5.2,134.6,6.4,2.74,6,6,False,,0,False
R007739,P0258,74.0,7694,23.0,136.9,6.76,5.95,7,3,False,,0,False
R007740,P0258,46.1,5379,18.1,148.9,6.05,6.16,6,4,False,,0,False
R007741,P0259,61.8,5136,8.6,33.2,7.77,8.52,2,3,False,,0,False
R007742,P0259,66.7,6981,21.3,153.8,6.24,8.97,5,6,False,,0,False
R007743,P0259,52.2,9450,17.9,142.6,5.32,7.0,4,4,False,,0,False
R007744,P0259,34.5,2884,11.5,60.5,6.46,8.88,2,4,False,,0,False
R007745,P0259,58.1,5326,7.4,197.8,5.33,8.31,3,2,True,14:47,82,False
R007746,P0259,42.9,5631,5.1,64.7,5.71,2.93,3,4,True,15:42,51,False
R007747,P0259,70.0,6535,9.6,132.7,5.19,2.65,3,5,False,,0,True
R007748,P0259,49.6,4096,20.1,204.4,6.58,9.12,5,6,False,,0,False
R007749,P0259,47.3,5477,6.2,155.2,6.85,7.42,5,6,False,,0,False
R007750,P0259,66.4,5947,31.5,86.7,6.45,7.7,6,4,False,,0,True
R007751,P0259,56.1,7874,24.3,66.9,5.18,8.23,3,6,False,,0,False
R007752,P0259,4.4,2005,0.0,156.7,5.42,7.03,4,6,True,15:12,45,True
R007753,P0259,58.5,5468,22.9,189.3,5.21,3.27,5,5,True,15:50,29,False
R007754,P0259,57.8,6830,9.2,132.9,4.49,2.73,3,3,True,13:57,58,False
R007755,P0259,49.1,5827,28.9,39.1,4.76,9.81,3,2,True,15:22,18,False
R007756,P0259,54.1,6794,10.4,116.9,5.11,7.95,3,4,False,,0,False
R007757,P0259,40.2,3155,16.9,89.5,4.89,7.5,3,5,True,14:02,19,False
R007758,P0259,42.1,5229,5.6,13.8,3.88,5.1,3,6,False,,0,False
R007759,P0259,44.6,4635,5.6,35.2,5.29,8.61,4,4,False,,0,False
R007760,P0259,84.3,7631,30.5,102.9,4.28,1.62,3,5,True,15:49,75,False
R007761,P0259,56.7,6139,19.3,70.4,5.7,3.96,5,5,False,,0,False
R007762,P0259,30.2,1747,10.1,95.2,7.2,8.8,4,2,False,,0,False
R007763,P0259,72.6,8171,18.8,183.9,5.11,8.32,3,2,False,,0,False
R007764,P0259,44.9,5553,14.8,146.9,4.28,6.85,2,2,False,,0,False
R007765,P0259,45.6,5054,19.3,59.6,5.24,6.63,4,5,True,15:13,16,False
R007766,P0259,78.5,8539,13.9,189.3,4.22,9.17,3,5,True,15:39,69,False
R007767,P0259,35.7,5051,20.4,162.0,4.87,5.55,2,4,False,,0,False
R007768,P0259,60.3,4932,14.3,61.0,5.79,2.61,5,6,True,17:50,57,False
R007769,P0259,51.4,4907,12.1,131.4,5.83,6.01,6,5,True,14:34,56,True
R007770,P0259,57.5,7087,6.3,324.0,4.86,7.14,4,7,True,15:33,82,True
R007771,P0260,0.0,0,0.0,81.1,2.13,8.41,6,5,False,,0,False
R007772,P0260,5.7,1953,6.2,116.9,0.64,9.32,6,6,False,,0,False
R007773,P0260,0.0,0,1.7,0.0,6.15,8.6,5,4,False,,0,True
R007774,P0260,31.8,2652,17.5,46.0,2.27,8.98,6,5,False,,0,False
R007775,P0260,0.8,0,0.0,94.9,1.06,5.81,6,4,False,,0,False
R007776,P0260,0.0,0,1.6,66.4,2.77,0.94,7,5,True,17:10,66,True
R007777,P0260,16.4,326,1.3,86.4,1.97,1.33,7,6,False,,0,False
R007778,P0260,0.0,222,0.0,55.2,2.76,8.34,4,5,False,,0,False
R007779,P0260,0.0,426,0.0,0.0,1.01,8.15,6,4,False,,0,False
R007780,P0260,33.3,3707,6.6,115.6,2.94,9.34,4,6,False,,0,False
R007781,P0260,23.1,3152,0.0,31.4,5.25,6.06,6,4,True,16:29,48,True
R007782,P0260,10.1,1416,0.0,0.0,2.36,7.47,7,7,False,,0,False
R007783,P0260,22.0,712,3.4,0.0,0.0,3.04,5,2,False,,0,True
R007784,P0260,55.6,6840,31.0,11.8,1.87,3.59,5,6,False,,0,False
R007785,P0260,0.9,0,0.8,11.8,3.33,8.41,7,4,False,,0,True
R007786,P0260,23.8,2460,13.3,2.3,2.27,7.13,5,4,True,13:32,10,False
R007787,P0260,14.6,1626,8.8,31.0,0.94,7.35,6,6,False,,0,False
R007788,P0260,0.0,0,0.0,108.0,2.48,8.54,5,6,True,13:33,51,True
R007789,P0260,32.8,5348,12.1,62.8,1.37,6.37,9,5,False,,0,True
R007790,P0260,7.0,1084,3.4,37.5,2.71,4.39,5,6,True,16:51,86,False
R007791,P0260,11.9,137,4.7,0.0,6.01,4.46,7,3,True,15:33,31,True
R007792,P0260,16.8,4134,7.1,21.1,1.5,7.24,5,5,False,,0,False
R007793,P0260,0.0,0,5.9,35.8,1.17,6.86,5,7,False,,0,False
R007794,P0260,24.2,3643,10.6,106.0,1.28,6.63,8,7,False,,0,False
R007795,P0260,25.8,3248,6.4,99.6,1.15,7.9,7,5,False,,0,False
R007796,P0260,3.7,350,0.0,51.4,3.0,7.8,8,7,False,,0,False
R007797,P0260,28.6,3321,9.9,51.5,3.79,2.82,6,6,False,,0,False
R007798,P0260,4.0,385,0.0,127.3,0.37,1.97,7,5,True,14:46,50,False
R007799,P0260,22.4,2609,4.7,34.8,3.81,6.98,5,4,False,,0,False
R007800,P0260,0.0,321,0.0,13.7,2.16,9.48,5,3,False,,0,False
R007801,P0261,22.9,1823,3.1,11.2,6.58,5.46,4,5,False,,0,False
R007802,P0261,66.8,8152,11.8,42.5,8.24,5.45,8,7,False,,0,False
R007803,P0261,79.6,9843,8.9,57.5,5.89,6.04,7,4,False,,0,False
R007804,P0261,62.2,7926,24.8,35.1,7.79,6.91,6,7,False,,0,False
R007805,P0261,23.8,1587,15.2,27.5,8.05,6.13,9,5,False,,0,False
R007806,P0261,81.8,9124,12.1,0.0,8.27,3.12,9,4,True,17:54,57,False
R007807,P0261,17.7,1930,5.0,41.6,7.14,1.43,6,6,False,,0,True
R007808,P0261,81.3,9823,36.7,41.4,6.48,6.21,5,6,False,,0,False
R007809,P0261,43.6,6162,12.5,13.9,5.47,6.46,8,6,False,,0,False
R007810,P0261,69.2,8288,9.5,99.5,7.49,6.96,6,7,False,,0,False
R007811,P0261,65.7,7088,19.4,63.5,6.42,8.49,7,6,False,,0,False
R007812,P0261,70.9,8235,23.6,37.1,5.91,5.49,9,8,False,,0,False
R007813,P0261,51.8,6652,26.2,60.5,5.49,1.93,7,4,False,,0,False
R007814,P0261,43.9,6519,26.5,319.0,7.6,2.12,6,5,True,13:32,28,True
R007815,P0261,73.3,6984,22.8,106.3,6.67,6.5,6,7,False,,0,False
R007816,P0261,48.5,5041,18.0,84.9,7.3,5.57,6,5,False,,0,False
R007817,P0261,44.5,5008,15.6,94.1,6.49,5.71,5,4,False,,0,False
R007818,P0261,76.7,8495,22.2,235.8,7.68,7.55,6,4,True,15:03,67,True
R007819,P0261,44.1,5199,26.3,70.2,6.26,8.18,7,4,False,,0,False
R007820,P0261,75.1,8045,11.1,34.7,7.39,1.75,7,3,False,,0,False
R007821,P0261,82.6,7520,25.7,39.4,6.43,3.51,7,6,True,17:40,44,False
R007822,P0261,21.7,2320,10.4,89.2,5.44,6.36,6,3,True,17:51,37,True
R007823,P0261,35.5,3250,11.9,12.8,6.55,6.51,6,4,False,,0,False
R007824,P0261,78.5,7530,13.7,44.1,6.09,6.43,7,8,False,,0,False
R007825,P0261,32.2,4482,10.0,0.0,5.87,5.13,8,6,False,,0,True
R007826,P0261,46.7,5414,3.5,80.7,7.15,7.07,8,5,False,,0,False
R007827,P0261,65.2,6177,32.1,83.5,6.82,2.3,5,5,False,,0,False
R007828,P0261,66.1,6024,13.4,12.0,7.22,3.22,5,6,False,,0,False
R007829,P0261,47.4,6543,19.9,66.6,6.76,8.76,7,5,False,,0,False
R007830,P0261,104.7,12221,24.9,108.0,7.51,5.78,8,7,False,,0,False
R007831,P0262,37.6,3535,9.2,186.3,2.95,8.09,3,3,False,,0,False
R007832,P0262,51.1,5442,6.8,101.7,0.78,6.91,6,6,False,,0,False
R007833,P0262,66.8,5081,18.9,207.3,1.59,5.65,5,5,False,,0,False
R007834,P0262,97.3,12211,46.1,211.3,0.62,3.41,3,1,False,,0,False
R007835,P0262,41.4,3383,11.1,153.3,1.78,5.45,3,5,False,,0,False
R007836,P0262,65.1,5922,18.4,164.5,1.46,0.0,3,4,False,,0,False
R007837,P0262,35.8,4532,13.2,171.3,2.89,2.4,5,5,True,17:48,71,False
R007838,P0262,39.2,2227,5.7,119.0,2.08,5.99,5,5,False,,0,False
R007839,P0262,41.8,5408,7.4,181.8,3.09,6.5,6,4,False,,0,False
R007840,P0262,34.3,3268,11.1,164.1,1.73,2.6,2,6,False,,0,False
R007841,P0262,62.6,7105,23.8,219.5,1.46,6.81,3,3,False,,0,False
R007842,P0262,21.4,2291,5.0,169.7,4.41,6.07,5,5,False,,0,True
R007843,P0262,67.7,7198,25.8,163.2,4.51,2.45,4,5,True,13:33,75,False
R007844,P0262,70.6,7158,15.1,191.4,1.14,1.7,4,4,True,16:21,55,False
R007845,P0262,34.3,2945,10.9,107.9,2.07,4.8,2,2,False,,0,False
R007846,P0262,58.3,6010,35.8,169.3,2.33,4.11,5,6,False,,0,False
R007847,P0262,36.0,3810,17.6,177.3,1.81,6.34,3,5,False,,0,True
R007848,P0262,83.8,7414,21.1,77.0,2.27,6.19,3,2,False,,0,False
R007849,P0262,63.2,7264,41.7,150.3,2.86,5.85,6,4,False,,0,False
R007850,P0262,27.6,4589,1.8,181.7,0.54,2.1,3,4,False,,0,False
R007851,P0262,78.5,9747,20.3,63.2,1.5,1.52,3,7,True,16:35,79,False
R007852,P0262,80.3,8637,30.3,150.1,2.2,6.77,3,4,False,,0,False
R007853,P0262,52.4,5658,7.3,129.5,2.55,4.74,4,4,False,,0,False
R007854,P0262,50.0,5073,8.8,146.7,1.76,6.4,4,6,False,,0,False
R007855,P0262,69.1,7670,7.4,213.2,2.65,5.88,4,4,False,,0,False
R007856,P0262,41.6,4321,5.3,158.7,1.57,6.6,3,5,False,,0,False
R007857,P0262,57.7,5598,10.3,159.7,2.93,0.87,4,4,False,,0,False
R007858,P0262,79.0,9309,32.4,134.4,2.62,1.75,4,5,False,,0,False
R007859,P0262,76.4,8607,21.8,173.9,2.88,4.02,5,4,False,,0,False
R007860,P0262,31.2,3602,16.6,230.9,2.27,6.24,4,3,False,,0,False
R007861,P0263,73.3,8902,25.8,136.4,9.57,4.42,7,5,False,,0,False
R007862,P0263,44.4,4995,4.3,191.4,7.07,5.11,5,6,False,,0,False
R007863,P0263,38.5,3284,18.5,166.7,7.6,4.19,5,6,True,17:06,54,False
R007864,P0263,66.6,6198,14.5,130.8,6.37,4.54,6,8,False,,0,False
R007865,P0263,50.0,4854,18.5,113.9,7.58,3.22,5,6,False,,0,False
R007866,P0263,72.4,9143,24.1,190.7,7.64,1.83,5,5,False,,0,False
R007867,P0263,79.2,9366,21.8,256.6,6.96,0.66,7,5,False,,0,True
R007868,P0263,5.2,0,0.0,144.9,7.73,4.07,4,4,False,,0,False
R007869,P0263,79.4,10882,18.0,161.0,8.27,4.12,4,4,False,,0,False
R007870,P0263,58.7,5868,9.7,164.2,9.53,3.64,4,5,False,,0,False
R007871,P0263,67.7,8653,14.4,75.5,8.08,5.19,4,5,False,,0,False
R007872,P0263,20.6,1579,6.9,172.4,6.44,4.01,5,4,False,,0,False
R007873,P0263,58.2,4381,14.8,281.8,6.69,1.38,7,4,True,13:38,33,True
R007874,P0263,54.4,6393,10.9,118.5,8.58,1.9,3,4,True,16:54,27,False
R007875,P0263,44.9,4964,15.5,128.9,8.71,3.74,6,4,False,,0,False
R007876,P0263,54.4,4430,5.4,139.7,8.84,4.83,5,5,False,,0,False
R007877,P0263,55.2,5345,9.0,230.3,8.51,2.35,5,4,False,,0,False
R007878,P0263,62.1,7468,27.2,106.9,9.17,1.94,5,6,True,16:01,38,False
R007879,P0263,71.9,5732,17.4,159.2,7.33,3.61,5,4,True,13:32,62,False
R007880,P0263,61.8,4700,16.4,97.6,8.62,2.49,7,7,True,15:43,10,False
R007881,P0263,70.3,6969,9.8,145.7,7.17,1.29,6,6,True,16:05,48,False
R007882,P0263,58.2,7291,18.5,246.5,7.73,5.22,5,6,False,,0,False
R007883,P0263,60.7,7454,22.2,63.5,6.81,5.1,4,5,True,16:47,42,False
R007884,P0263,19.4,2438,13.7,130.7,8.12,3.71,4,4,True,14:11,32,True
R007885,P0263,78.7,7097,11.2,187.6,8.33,2.79,6,4,False,,0,True
R007886,P0263,36.2,3565,12.7,110.2,5.83,5.24,6,6,True,17:24,58,False
R007887,P0263,17.0,2398,6.5,177.7,7.77,0.55,7,6,True,16:38,10,True
R007888,P0263,56.3,4300,16.6,96.3,8.24,2.36,5,5,False,,0,False
R007889,P0263,47.3,5495,15.3,194.1,8.79,2.87,3,4,False,,0,False
R007890,P0263,74.4,5908,27.2,115.2,7.81,3.72,6,6,True,13:04,13,False
R007891,P0264,21.4,2212,5.9,12.5,8.95,6.96,2,3,False,,0,False
R007892,P0264,28.3,1860,1.9,57.4,6.49,8.01,4,5,False,,0,False
R007893,P0264,46.8,5276,27.9,82.8,6.63,7.25,3,4,False,,0,False
R007894,P0264,52.2,6397,15.8,0.0,8.43,6.81,3,6,False,,0,False
R007895,P0264,33.3,3740,12.4,119.6,7.97,7.18,4,7,True,13:07,14,False
R007896,P0264,29.3,3062,13.9,46.3,7.22,1.3,1,4,False,,0,False
R007897,P0264,17.2,3026,3.0,64.3,5.89,2.29,4,7,False,,0,False
R007898,P0264,36.0,5305,10.0,26.0,6.46,7.21,3,3,False,,0,False
R007899,P0264,48.0,7630,10.5,130.0,7.24,7.28,4,4,False,,0,False
R007900,P0264,103.4,13586,34.6,79.7,5.8,5.96,5,3,False,,0,False
R007901,P0264,29.2,4260,15.6,77.5,9.65,7.02,3,4,False,,0,False
R007902,P0264,71.1,7720,18.7,115.6,5.5,7.82,3,4,False,,0,True
R007903,P0264,42.9,5316,9.9,66.8,8.42,1.79,3,3,False,,0,False
R007904,P0264,31.4,2966,10.1,78.3,6.76,3.19,3,6,False,,0,False
R007905,P0264,14.4,1161,0.0,82.7,8.34,9.31,4,3,False,,0,False
R007906,P0264,45.0,3864,23.7,63.7,6.61,7.44,4,3,False,,0,False
R007907,P0264,74.0,5874,16.3,14.0,7.6,6.36,4,5,True,13:33,56,True
R007908,P0264,18.6,2073,5.6,117.1,7.83,5.91,6,7,True,15:45,28,True
R007909,P0264,39.8,5146,9.0,113.9,7.54,7.45,2,4,False,,0,False
R007910,P0264,15.8,1654,5.0,143.3,10.3,1.18,2,2,False,,0,True
R007911,P0264,29.9,3097,0.0,54.0,8.49,3.75,3,4,False,,0,False
R007912,P0264,4.6,0,0.2,56.8,8.09,8.03,6,5,True,13:36,37,False
R007913,P0264,32.2,3916,4.5,136.0,8.12,6.16,4,3,False,,0,False
R007914,P0264,25.6,2114,9.3,72.7,7.15,7.43,3,4,False,,0,False
R007915,P0264,33.7,4092,10.3,36.1,10.07,10.04,3,3,False,,0,False
R007916,P0264,39.3,3927,1.8,135.6,8.62,7.26,2,2,False,,0,False
R007917,P0264,28.5,3155,12.2,204.6,8.8,3.5,3,4,False,,0,False
R007918,P0264,41.8,5816,7.8,60.3,7.37,4.08,3,4,False,,0,False
R007919,P0264,0.0,226,0.0,53.3,7.51,8.33,5,4,False,,0,False
R007920,P0264,0.0,0,2.8,65.3,6.79,8.32,2,2,False,,0,False
R007921,P0265,79.5,10821,21.4,172.4,5.71,6.41,8,7,False,,0,True
R007922,P0265,57.0,6081,22.8,201.3,4.55,3.8,3,4,False,,0,False
R007923,P0265,101.0,9943,38.4,154.8,4.04,4.02,4,3,False,,0,False
R007924,P0265,34.9,2964,8.1,129.2,4.17,5.17,6,6,False,,0,False
R007925,P0265,64.4,6755,23.9,214.6,5.74,5.89,3,4,True,13:05,34,False
R007926,P0265,98.1,11516,30.7,107.9,5.34,1.5,2,5,True,15:30,10,False
R007927,P0265,84.5,10945,16.4,166.6,4.72,2.34,2,4,True,14:02,15,False
R007928,P0265,80.5,7450,25.4,179.3,5.29,5.37,4,2,True,15:25,31,False
R007929,P0265,6.8,378,0.7,173.8,5.78,3.56,6,4,True,14:46,73,True
R007930,P0265,79.2,7571,26.6,117.2,5.01,5.12,5,6,False,,0,False
R007931,P0265,96.9,11182,43.3,215.7,5.07,4.98,4,2,False,,0,True
R007932,P0265,85.8,10985,26.4,102.8,5.19,5.91,4,5,True,16:00,92,False
R007933,P0265,73.6,7720,16.1,208.1,5.6,0.07,3,3,False,,0,False
R007934,P0265,57.5,6509,14.9,184.2,5.57,2.11,5,2,False,,0,False
R007935,P0265,75.2,9510,22.3,243.8,7.23,4.19,3,5,True,13:52,10,True
R007936,P0265,99.1,10393,39.1,198.5,4.01,4.71,5,6,False,,0,True
R007937,P0265,50.8,5209,22.1,141.9,5.37,4.32,4,7,False,,0,False
R007938,P0265,93.2,11006,31.9,193.6,5.34,4.78,4,5,False,,0,False
R007939,P0265,54.5,6148,25.8,176.7,4.52,4.24,4,5,False,,0,False
R007940,P0265,102.4,9773,22.0,214.4,5.7,0.0,4,3,False,,0,True
R007941,P0265,75.7,8849,27.6,172.1,4.29,0.76,4,3,False,,0,False
R007942,P0265,34.2,3848,13.6,193.6,4.26,5.65,4,5,True,15:30,73,False
R007943,P0265,55.6,7025,3.8,101.1,5.55,3.36,3,5,True,17:48,26,False
R007944,P0265,52.1,4934,14.6,223.3,6.44,5.69,5,6,True,14:45,50,False
R007945,P0265,79.3,9247,34.1,178.0,5.82,5.01,4,4,False,,0,True
R007946,P0265,62.8,6164,18.5,224.2,6.03,4.44,4,6,False,,0,False
R007947,P0265,65.2,7383,28.0,122.2,4.57,0.0,3,5,True,14:02,68,False
R007948,P0265,96.8,8915,34.3,236.2,5.92,3.77,4,3,True,17:46,78,False
R007949,P0265,43.7,6078,18.0,298.7,3.95,4.3,3,4,True,16:14,57,True
R007950,P0265,73.8,9088,13.0,147.5,5.4,5.66,3,2,False,,0,False
R007951,P0266,39.6,4991,15.4,96.9,4.59,6.53,8,5,False,,0,False
R007952,P0266,21.8,2520,4.4,4.8,3.07,6.48,7,4,False,,0,False
R007953,P0266,32.2,3649,13.2,15.6,4.21,8.55,6,5,False,,0,False
R007954,P0266,9.8,1028,0.0,87.2,4.46,6.52,8,6,False,,0,False
R007955,P0266,5.2,1686,2.7,199.2,4.85,6.64,7,4,False,,0,False
R007956,P0266,32.1,4503,12.1,151.1,5.45,2.67,5,5,False,,0,False
R007957,P0266,31.5,3868,8.2,0.0,4.71,3.12,7,8,False,,0,False
R007958,P0266,23.6,3079,8.7,104.3,5.46,5.93,6,4,True,17:19,79,False
R007959,P0266,15.7,517,5.0,82.9,3.8,8.01,7,8,False,,0,False
R007960,P0266,0.5,1022,0.0,93.9,4.8,7.04,5,5,False,,0,False
R007961,P0266,11.2,1488,0.0,166.6,5.66,5.6,8,5,False,,0,False
R007962,P0266,32.2,2466,5.5,123.6,4.71,4.62,6,7,False,,0,False
R007963,P0266,34.1,5105,9.5,161.6,5.32,2.23,7,8,False,,0,False
R007964,P0266,8.0,2637,3.7,115.6,5.66,2.25,7,6,False,,0,False
R007965,P0266,67.0,6609,19.3,106.1,5.65,7.96,6,7,True,17:25,46,False
R007966,P0266,4.1,911,6.1,80.6,4.83,6.35,6,3,False,,0,False
R007967,P0266,27.7,2572,17.8,172.6,2.92,7.14,8,6,False,,0,False
R007968,P0266,22.2,1687,2.0,33.1,4.42,6.89,7,6,False,,0,False
R007969,P0266,16.4,1859,0.0,142.1,2.16,6.01,5,6,False,,0,True
R007970,P0266,0.0,305,0.0,160.1,5.75,2.15,9,8,True,17:56,33,False
R007971,P0266,7.7,2296,3.7,80.8,4.95,1.5,8,6,False,,0,False
R007972,P0266,19.9,966,7.7,99.5,5.23,5.17,6,5,False,,0,False
R007973,P0266,26.3,2331,17.3,146.6,3.4,6.36,7,5,True,15:31,69,False
R007974,P0266,19.6,4052,9.5,137.0,4.49,9.71,7,6,False,,0,False
R007975,P0266,0.0,1089,0.9,98.4,5.21,6.98,6,6,False,,0,False
R007976,P0266,40.6,3018,10.2,52.5,3.13,7.79,8,6,False,,0,False
R007977,P0266,0.0,1018,4.2,153.1,5.33,1.76,7,7,False,,0,True
R007978,P0266,37.9,4766,15.1,196.7,5.48,1.67,8,9,False,,0,False
R007979,P0266,38.8,4145,8.3,139.0,4.41,7.2,9,5,True,17:44,30,False
R007980,P0266,38.4,3917,2.8,134.5,4.66,6.95,8,4,False,,0,False
R007981,P0267,33.9,3135,8.4,201.6,7.01,7.08,4,4,False,,0,False
R007982,P0267,72.8,5335,17.6,164.8,6.1,7.79,3,3,False,,0,False
R007983,P0267,49.3,5682,0.0,324.7,6.62,9.88,3,3,True,14:51,45,False
R007984,P0267,28.8,2744,11.2,248.6,6.26,8.96,3,2,False,,0,False
R007985,P0267,21.0,2321,0.0,292.0,5.3,8.08,5,4,False,,0,False
R007986,P0267,27.5,3688,16.8,147.0,4.14,2.9,5,3,False,,0,False
R007987,P0267,26.1,3559,0.0,235.0,6.29,3.0,4,6,False,,0,False
R007988,P0267,19.5,2403,19.8,246.7,6.32,8.82,4,6,False,,0,False
R007989,P0267,50.0,5163,16.0,194.6,5.73,9.1,4,4,False,,0,False
R007990,P0267,50.8,5192,11.2,251.6,7.69,9.86,2,5,False,,0,False
R007991,P0267,32.9,5162,0.7,247.7,8.16,7.04,6,8,False,,0,False
R007992,P0267,34.8,4872,13.5,248.2,4.52,8.2,4,3,False,,0,True
R007993,P0267,79.5,8831,22.9,263.4,5.66,3.72,4,5,False,,0,False
R007994,P0267,73.0,8762,31.7,227.2,6.77,4.11,4,2,False,,0,False
R007995,P0267,38.6,5029,19.6,282.2,7.79,8.71,5,5,False,,0,False
R007996,P0267,27.7,2919,14.0,215.7,4.88,8.27,2,3,False,,0,False
R007997,P0267,25.3,2351,0.5,202.8,6.17,8.33,4,4,False,,0,False
R007998,P0267,15.7,1136,7.7,239.2,6.84,7.6,4,4,False,,0,False
R007999,P0267,40.5,3651,20.4,216.7,5.68,8.53,5,5,False,,0,False
R008000,P0267,25.6,3987,10.3,186.5,6.66,3.26,3,5,False,,0,False
R008001,P0267,40.3,4371,9.5,155.9,11.38,3.5,4,4,False,,0,True
R008002,P0267,12.4,659,4.5,277.8,7.79,8.06,3,2,False,,0,False
R008003,P0267,44.1,4018,17.6,204.3,5.5,8.55,5,3,False,,0,False
R008004,P0267,15.2,297,6.3,250.4,5.6,8.04,3,4,False,,0,False
R008005,P0267,55.0,4656,10.7,215.5,5.9,9.57,5,5,True,16:36,90,False
R008006,P0267,27.9,3051,5.1,173.2,6.1,7.86,3,4,False,,0,False
R008007,P0267,31.2,3444,3.5,269.8,6.12,1.3,4,4,False,,0,True
R008008,P0267,31.0,3600,10.8,184.7,4.95,2.98,4,3,False,,0,False
R008009,P0267,22.1,3174,11.5,275.9,6.44,8.85,4,5,False,,0,False
R008010,P0267,17.7,526,11.5,171.1,6.33,8.28,3,3,False,,0,False
R008011,P0268,39.9,3423,18.2,161.9,6.69,5.78,4,4,True,14:48,10,False
R008012,P0268,13.8,678,7.0,117.8,6.35,8.38,5,5,True,14:26,81,False
R008013,P0268,23.7,1923,5.4,99.9,6.83,5.87,5,6,False,,0,False
R008014,P0268,4.7,1006,3.3,330.3,5.56,6.09,4,4,True,17:57,40,True
R008015,P0268,21.9,2153,4.0,88.3,6.34,7.21,2,4,False,,0,False
R008016,P0268,12.0,697,1.0,110.8,4.76,2.32,3,3,True,14:17,58,True
R008017,P0268,23.7,1657,15.9,150.6,6.69,2.11,2,3,False,,0,True
R008018,P0268,26.2,2866,11.5,42.6,6.65,5.72,2,7,True,16:23,11,False
R008019,P0268,8.3,1119,8.3,83.4,6.24,8.58,6,6,True,15:16,51,True
R008020,P0268,18.7,740,3.0,176.6,10.82,7.83,3,5,False,,0,True
R008021,P0268,1.7,122,4.9,120.9,6.18,6.89,6,3,False,,0,False
R008022,P0268,17.9,1965,0.0,65.4,6.63,7.12,6,6,False,,0,True
R008023,P0268,11.3,395,0.0,86.3,4.81,2.97,4,3,False,,0,False
R008024,P0268,52.7,5424,8.0,65.8,5.69,1.55,5,5,False,,0,False
R008025,P0268,23.4,1746,2.0,6.7,3.27,6.75,2,3,False,,0,False
R008026,P0268,10.4,1323,7.9,30.5,6.41,6.67,3,4,True,17:01,49,False
R008027,P0268,34.0,4319,0.0,39.0,7.0,6.65,2,4,False,,0,False
R008028,P0268,4.3,0,0.0,0.0,6.84,6.88,4,6,True,17:50,35,False
R008029,P0268,21.9,2870,5.0,145.7,4.91,5.52,4,2,False,,0,True
R008030,P0268,51.7,4311,19.0,76.7,6.38,4.6,3,5,True,15:13,10,False
R008031,P0268,52.8,7046,0.4,62.2,6.68,0.71,4,5,False,,0,False
R008032,P0268,18.3,0,0.0,116.1,4.71,5.66,3,4,True,16:12,42,False
R008033,P0268,29.4,3882,8.7,150.4,4.59,6.67,6,7,False,,0,False
R008034,P0268,33.5,4302,7.0,0.0,8.4,8.14,5,5,False,,0,False
R008035,P0268,4.0,1688,0.0,59.1,5.87,7.36,3,4,False,,0,False
R008036,P0268,9.8,1504,7.7,34.5,6.76,6.92,3,5,True,14:02,47,True
R008037,P0268,31.5,3267,18.9,88.4,7.78,2.34,4,5,False,,0,False
R008038,P0268,26.7,3792,4.0,54.6,6.17,2.65,3,3,False,,0,False
R008039,P0268,28.1,4880,9.4,0.0,5.89,6.19,4,3,False,,0,False
R008040,P0268,57.0,6181,14.2,131.5,6.57,5.28,1,3,True,16:03,21,False
R008041,P0269,33.6,4049,12.2,0.0,6.78,7.03,6,5,True,14:54,31,False
R008042,P0269,101.1,9540,18.8,0.0,6.7,6.21,6,6,False,,0,False
R008043,P0269,57.2,4187,9.7,11.4,7.39,8.48,5,5,False,,0,False
R008044,P0269,60.9,5375,16.3,0.0,7.36,8.67,6,6,True,13:36,34,False
R008045,P0269,48.9,4109,3.0,15.0,8.46,7.91,6,5,False,,0,False
R008046,P0269,66.3,6080,19.7,0.0,7.35,2.31,4,3,False,,0,False
R008047,P0269,35.2,5014,19.6,10.2,8.83,4.06,7,4,False,,0,False
R008048,P0269,19.2,1503,7.1,0.0,6.74,7.7,5,3,False,,0,False
R008049,P0269,55.1,8435,9.2,0.0,7.05,9.22,5,6,False,,0,False
R008050,P0269,31.7,3287,4.2,0.0,7.7,8.1,6,6,False,,0,False
R008051,P0269,36.2,3260,11.2,15.7,7.6,9.41,4,6,False,,0,False
R008052,P0269,33.1,2843,9.2,9.4,6.2,8.57,7,6,False,,0,False
R008053,P0269,83.1,9857,23.2,60.3,7.05,2.42,5,6,False,,0,False
R008054,P0269,65.4,5915,13.0,116.5,6.04,1.77,6,7,True,17:52,17,True
R008055,P0269,42.8,3098,2.5,63.8,8.88,8.42,5,6,True,13:18,10,False
R008056,P0269,87.9,10554,13.0,69.3,6.55,8.01,6,5,False,,0,False
R008057,P0269,62.0,8752,8.5,18.9,8.36,8.14,6,7,False,,0,False
R008058,P0269,48.4,4701,19.5,53.4,9.96,7.11,4,5,True,14:10,60,True
R008059,P0269,109.4,14312,17.0,24.9,5.78,7.75,4,6,False,,0,False
R008060,P0269,46.7,2528,17.4,78.0,6.07,2.41,5,3,False,,0,False
R008061,P0269,4.6,382,0.0,34.4,5.28,2.86,5,5,False,,0,False
R008062,P0269,73.7,7015,31.9,75.1,7.37,6.4,4,3,False,,0,False
R008063,P0269,85.6,8796,13.5,0.0,7.71,9.38,4,3,False,,0,False
R008064,P0269,67.7,7234,22.4,38.5,6.71,8.52,5,4,False,,0,True
R008065,P0269,90.1,11254,16.7,122.7,6.02,8.78,6,8,False,,0,False
R008066,P0269,62.0,5518,5.0,83.1,7.77,8.17,7,6,False,,0,False
R008067,P0269,38.3,3702,8.6,122.8,6.29,3.18,6,6,False,,0,False
R008068,P0269,52.8,6416,20.9,105.2,7.42,3.04,6,2,False,,0,False
R008069,P0269,69.5,7737,23.8,0.0,7.02,6.59,7,6,True,14:28,10,False
R008070,P0269,56.3,6736,21.4,66.9,5.54,7.75,6,5,False,,0,False
R008071,P0270,83.0,8880,16.0,5.2,8.36,10.56,8,8,False,,0,False
R008072,P0270,82.7,8655,28.0,0.0,8.58,8.78,7,4,False,,0,False
R008073,P0270,73.3,9086,19.8,54.0,9.1,10.25,6,5,False,,0,False
R008074,P0270,52.1,6056,8.3,152.8,7.16,9.32,6,6,False,,0,False
R008075,P0270,42.2,4617,4.8,27.7,9.12,9.77,7,5,False,,0,False
R008076,P0270,69.7,8684,26.2,122.5,7.83,4.33,7,5,False,,0,False
R008077,P0270,57.5,6893,23.7,70.3,8.2,3.31,5,4,False,,0,False
R008078,P0270,57.2,7085,29.7,48.7,6.89,8.57,8,6,False,,0,False
R008079,P0270,74.4,9071,21.7,0.0,7.07,6.97,7,4,False,,0,False
R008080,P0270,55.8,6344,13.9,5.8,9.0,7.59,7,7,False,,0,False
R008081,P0270,68.2,5390,28.7,36.6,7.06,7.21,7,4,False,,0,False
R008082,P0270,36.8,3747,15.0,69.6,6.92,8.73,8,4,False,,0,False
R008083,P0270,16.4,1692,4.5,89.9,7.07,2.1,4,5,False,,0,True
R008084,P0270,34.2,3033,13.2,75.5,8.92,5.6,7,5,False,,0,False
R008085,P0270,48.3,5816,4.0,115.1,6.84,8.6,5,5,False,,0,False
R008086,P0270,53.3,5219,9.4,160.7,7.24,8.64,7,6,True,15:42,10,False
R008087,P0270,68.3,7127,15.4,67.2,8.21,9.15,5,3,False,,0,False
R008088,P0270,66.9,7323,23.2,59.5,8.93,8.67,6,5,False,,0,False
R008089,P0270,67.4,6706,27.4,76.4,6.45,7.84,6,6,False,,0,False
R008090,P0270,66.6,6469,19.5,86.2,9.22,4.02,6,6,False,,0,False
R008091,P0270,41.6,4620,20.2,0.0,7.47,3.56,5,4,False,,0,False
R008092,P0270,70.0,8572,32.6,70.2,9.39,10.49,7,7,True,14:10,45,False
R008093,P0270,40.4,4983,2.1,111.1,9.82,10.08,7,5,False,,0,False
R008094,P0270,84.2,8968,21.8,29.4,8.29,8.71,6,3,False,,0,False
R008095,P0270,72.4,7392,31.2,77.2,9.54,8.59,7,5,False,,0,False
R008096,P0270,54.3,3613,22.2,88.9,7.02,10.53,8,4,False,,0,False
R008097,P0270,48.7,6146,7.5,116.9,8.59,1.97,5,5,False,,0,False
R008098,P0270,20.0,2662,6.8,39.4,6.62,2.21,6,5,False,,0,True
R008099,P0270,52.4,6771,18.0,77.9,6.38,9.45,7,6,False,,0,False
R008100,P0270,84.2,8848,37.7,21.3,8.62,6.51,9,6,False,,0,False
R008101,P0271,55.3,5409,10.1,256.1,7.17,6.43,5,4,True,13:06,49,False
R008102,P0271,55.4,5352,6.6,219.0,5.46,5.82,4,3,False,,0,False
R008103,P0271,26.3,2585,9.3,198.2,7.35,5.36,5,6,True,13:17,51,False
R008104,P0271,40.7,4209,16.0,252.4,9.09,4.09,5,6,False,,0,False
R008105,P0271,23.7,1282,0.0,226.6,5.33,3.05,8,4,False,,0,False
R008106,P0271,71.4,7478,26.0,150.1,7.8,2.47,7,7,False,,0,False
R008107,P0271,90.8,10999,38.2,214.4,9.06,2.28,6,9,False,,0,False
R008108,P0271,7.1,64,7.1,280.2,6.65,4.83,5,5,True,16:08,56,False
R008109,P0271,38.8,4097,10.8,304.3,7.57,6.66,4,6,False,,0,True
R008110,P0271,44.1,5797,7.3,243.7,9.46,3.58,5,6,False,,0,False
R008111,P0271,42.2,5073,10.0,286.7,7.07,6.94,6,6,False,,0,False
R008112,P0271,47.3,5536,13.1,244.5,7.81,3.83,6,7,True,13:26,29,False
R008113,P0271,66.4,9090,18.6,232.0,7.54,2.8,5,5,True,17:46,47,False
R008114,P0271,64.1,6622,14.0,255.5,6.8,2.01,6,5,False,,0,False
R008115,P0271,20.9,1693,6.7,239.7,8.64,5.63,4,3,False,,0,False
R008116,P0271,46.6,5919,18.0,252.1,7.41,3.97,5,3,False,,0,False
R008117,P0271,73.4,8624,26.3,162.9,7.27,5.73,7,5,False,,0,False
R008118,P0271,40.0,5050,13.6,210.4,8.69,4.72,6,8,False,,0,False
R008119,P0271,46.2,5487,16.5,243.7,7.12,6.14,5,4,True,14:10,79,False
R008120,P0271,49.7,5284,9.4,171.1,5.99,3.15,6,3,False,,0,False
R008121,P0271,15.9,0,9.2,163.1,7.84,1.83,6,5,False,,0,False
R008122,P0271,60.5,5200,20.5,227.1,8.46,5.79,4,3,False,,0,False
R008123,P0271,39.1,4336,7.2,338.5,8.4,7.22,8,6,False,,0,False
R008124,P0271,56.1,8357,19.2,234.7,8.72,4.9,6,6,True,16:41,46,False
R008125,P0271,35.5,5058,5.4,174.3,9.55,5.2,6,4,False,,0,False
R008126,P0271,41.2,4205,12.9,233.6,6.18,3.72,7,4,False,,0,False
R008127,P0271,43.8,6177,17.2,216.7,10.01,1.1,5,3,False,,0,False
R008128,P0271,57.5,5587,11.9,455.9,8.01,1.74,7,4,False,,0,True
R008129,P0271,55.2,5610,15.8,218.1,7.07,4.87,6,4,False,,0,False
R008130,P0271,45.5,4771,5.0,196.4,7.15,6.26,5,7,False,,0,False
R008131,P0272,34.8,4701,14.8,276.2,4.26,5.81,6,6,False,,0,False
R008132,P0272,41.7,5120,8.3,150.2,7.55,6.76,4,3,False,,0,False
R008133,P0272,31.4,2128,12.2,242.1,6.2,8.59,4,2,True,13:01,81,False
R008134,P0272,25.5,4170,7.5,193.8,3.93,6.79,5,3,False,,0,False
R008135,P0272,35.0,4026,1.2,89.7,4.21,8.66,3,5,True,16:17,76,False
R008136,P0272,53.9,5496,27.7,302.9,7.35,0.57,5,6,False,,0,False
R008137,P0272,34.8,5055,16.3,154.1,3.43,2.69,5,5,False,,0,False
R008138,P0272,36.4,4391,13.2,447.9,4.24,8.24,6,7,False,,0,True
R008139,P0272,0.0,0,1.4,120.1,4.63,5.65,6,5,False,,0,False
R008140,P0272,38.9,5337,10.7,171.7,2.82,7.52,5,5,False,,0,False
R008141,P0272,22.3,2656,14.9,109.3,6.12,7.93,4,3,False,,0,False
R008142,P0272,41.8,5159,10.5,292.8,5.33,7.11,4,6,False,,0,True
R008143,P0272,20.6,2291,4.4,220.9,4.1,3.22,5,5,True,17:58,33,False
R008144,P0272,20.9,2677,0.0,79.3,6.43,2.16,6,6,False,,0,False
R008145,P0272,39.8,4201,4.3,199.8,5.37,6.72,3,5,False,,0,False
R008146,P0272,40.3,3935,0.2,222.5,3.93,6.69,5,5,False,,0,False
R008147,P0272,27.8,1740,20.5,178.2,4.94,6.85,6,5,False,,0,False
R008148,P0272,20.8,1983,0.0,186.6,4.7,7.82,4,3,False,,0,False
R008149,P0272,35.9,5005,9.7,242.0,5.76,7.46,4,4,False,,0,False
R008150,P0272,70.8,7214,22.3,234.4,3.1,1.61,4,3,False,,0,False
R008151,P0272,44.7,3619,17.4,173.9,4.83,4.36,5,3,True,13:56,23,True
R008152,P0272,14.6,450,5.0,182.7,4.09,9.57,4,3,False,,0,False
R008153,P0272,0.0,0,4.2,247.2,4.53,7.42,4,4,False,,0,False
R008154,P0272,38.3,4083,7.2,222.7,6.21,8.66,5,6,False,,0,False
R008155,P0272,38.7,4260,0.0,220.2,3.63,8.59,4,5,False,,0,False
R008156,P0272,77.6,7563,18.8,197.2,3.97,5.91,4,4,False,,0,False
R008157,P0272,22.8,4115,5.8,218.9,4.9,2.35,6,6,False,,0,False
R008158,P0272,39.1,3318,8.0,243.8,3.49,1.25,5,5,True,13:43,45,False
R008159,P0272,60.4,5706,16.9,122.6,9.47,6.93,5,6,False,,0,True
R008160,P0272,11.3,1384,0.0,166.6,5.95,7.08,6,3,False,,0,False
R008161,P0273,23.6,2118,8.6,189.0,3.76,5.89,6,6,True,17:01,74,False
R008162,P0273,77.8,10065,10.5,165.2,4.27,7.54,5,4,False,,0,False
R008163,P0273,33.6,1891,0.7,193.8,5.29,5.61,6,4,True,14:25,83,False
R008164,P0273,78.8,7704,17.4,200.2,4.77,8.28,5,6,True,17:45,36,False
R008165,P0273,71.1,7245,14.3,206.9,6.46,6.55,4,4,True,15:33,17,False
R008166,P0273,89.9,11973,13.3,196.2,3.67,3.8,5,3,True,16:59,75,False
R008167,P0273,71.4,8331,27.0,131.7,3.49,1.79,7,7,True,17:05,37,False
R008168,P0273,24.4,3482,3.1,179.8,4.37,7.23,6,4,True,15:46,42,False
R008169,P0273,75.7,7005,31.4,120.5,8.27,7.83,6,5,False,,0,True
R008170,P0273,31.8,2492,13.1,164.1,4.32,7.54,5,5,True,17:20,36,False
R008171,P0273,44.5,5973,16.2,166.6,4.76,6.14,5,7,True,15:29,68,False
R008172,P0273,41.9,3964,12.0,171.6,7.0,7.14,6,6,False,,0,True
R008173,P0273,64.9,6902,21.6,359.7,3.41,2.49,7,6,True,17:37,36,True
R008174,P0273,57.6,5230,11.4,152.2,2.8,2.25,6,7,False,,0,False
R008175,P0273,55.3,4143,25.0,115.1,1.72,6.68,5,4,False,,0,False
R008176,P0273,85.5,10826,23.3,168.8,3.81,6.95,3,3,True,13:22,27,False
R008177,P0273,55.8,7772,16.4,201.2,3.99,8.48,6,5,True,13:11,36,False
R008178,P0273,66.6,6778,16.7,383.3,5.11,8.58,6,5,False,,0,True
R008179,P0273,41.2,4941,10.1,166.0,3.89,7.01,4,3,True,14:32,31,False
R008180,P0273,66.9,6083,16.1,111.7,5.32,4.13,6,5,True,17:50,34,False
R008181,P0273,62.1,6313,29.2,118.2,3.96,3.37,6,4,True,13:27,27,False
R008182,P0273,58.0,5937,20.6,197.5,3.19,5.81,5,5,True,13:56,61,False
R008183,P0273,76.3,7377,16.5,134.8,5.79,6.81,5,5,False,,0,False
R008184,P0273,39.7,3948,16.7,198.2,4.34,7.26,4,5,True,14:20,60,False
R008185,P0273,79.1,10180,21.7,138.2,6.11,6.24,6,6,False,,0,False
R008186,P0273,46.4,5279,14.7,211.4,6.94,6.16,5,4,False,,0,False
R008187,P0273,30.3,4160,14.6,78.4,6.06,1.5,6,7,True,17:52,44,False
R008188,P0273,48.3,5424,17.7,112.2,3.93,2.32,10,4,False,,0,True
R008189,P0273,58.2,4956,13.2,170.7,2.75,6.55,4,3,True,16:40,68,False
R008190,P0273,40.4,4641,13.1,236.0,4.6,6.23,6,6,False,,0,False
R008191,P0274,85.7,6892,44.2,73.8,2.26,7.54,8,4,True,17:10,68,True
R008192,P0274,54.9,5470,6.4,28.5,1.33,6.6,5,5,True,17:53,29,False
R008193,P0274,35.1,4007,9.8,27.9,1.18,7.48,5,4,False,,0,False
R008194,P0274,89.2,9577,29.3,0.0,3.03,7.29,5,5,False,,0,False
R008195,P0274,9.5,1046,0.0,0.0,2.87,7.83,5,3,False,,0,False
R008196,P0274,64.7,7808,22.3,59.2,1.82,2.02,4,5,False,,0,False
R008197,P0274,68.7,9196,37.0,6.1,1.28,2.91,5,5,False,,0,False
R008198,P0274,48.1,4820,12.4,155.3,3.16,7.01,5,4,True,15:58,10,True
R008199,P0274,47.7,5757,25.8,0.0,3.07,8.61,6,5,False,,0,False
R008200,P0274,55.4,4594,18.8,7.3,2.53,6.33,6,4,True,14:58,23,False
R008201,P0274,47.5,5990,7.6,0.0,1.52,6.32,5,4,False,,0,False
R008202,P0274,41.3,5188,17.9,37.7,1.29,8.8,7,5,False,,0,False
R008203,P0274,84.0,7837,37.4,20.9,3.43,3.69,7,6,False,,0,False
R008204,P0274,37.9,3955,18.7,7.0,1.21,2.97,5,6,False,,0,False
R008205,P0274,87.3,10514,28.3,37.3,1.89,7.74,4,5,False,,0,True
R008206,P0274,66.8,8261,30.4,53.7,1.43,7.49,6,6,False,,0,False
R008207,P0274,46.3,3375,7.5,3.2,0.97,8.83,5,5,False,,0,False
R008208,P0274,58.0,5673,18.9,24.4,1.68,7.93,5,5,False,,0,False
R008209,P0274,24.3,2663,0.0,0.0,0.0,8.11,7,5,False,,0,False
R008210,P0274,67.6,6016,27.3,54.1,1.25,3.71,7,4,True,15:06,33,False
R008211,P0274,48.0,7419,15.4,38.0,1.2,3.89,7,5,False,,0,False
R008212,P0274,73.4,8318,20.1,64.8,3.39,7.73,5,6,False,,0,False
R008213,P0274,53.3,7554,25.7,0.0,2.03,7.03,5,5,False,,0,False
R008214,P0274,40.4,4208,22.0,30.0,1.04,6.72,6,5,False,,0,False
R008215,P0274,25.9,3026,5.5,0.0,1.76,9.81,5,3,True,17:03,77,False
R008216,P0274,53.0,6863,19.6,12.1,1.28,7.78,7,8,False,,0,False
R008217,P0274,60.3,5597,25.6,2.7,0.94,2.85,6,5,False,,0,False
R008218,P0274,16.3,907,11.0,0.0,0.95,3.1,5,5,False,,0,True
R008219,P0274,56.1,7255,8.0,0.0,1.9,7.27,7,3,False,,0,False
R008220,P0274,47.3,4738,27.4,14.8,0.99,7.86,5,4,False,,0,False
R008221,P0275,38.8,3676,11.6,41.6,5.14,5.01,6,3,False,,0,False
R008222,P0275,48.4,3902,11.9,36.8,3.17,4.5,7,6,False,,0,False
R008223,P0275,39.2,5302,3.5,16.4,5.83,5.06,6,6,False,,0,False
R008224,P0275,20.8,877,11.3,101.8,3.2,4.29,4,5,False,,0,False
R008225,P0275,22.1,2653,1.2,38.3,3.91,3.28,8,8,False,,0,False
R008226,P0275,5.5,179,7.0,92.3,4.55,1.13,7,5,False,,0,False
R008227,P0275,12.5,1107,7.9,320.5,2.89,2.39,5,3,True,17:07,67,True
R008228,P0275,19.6,3207,3.2,51.6,4.37,3.75,6,3,False,,0,False
R008229,P0275,46.5,3112,18.1,54.2,2.87,3.54,8,5,False,,0,False
R008230,P0275,48.5,4362,13.0,62.9,4.34,5.68,5,4,False,,0,False
R008231,P0275,46.6,4893,18.5,120.5,3.8,5.5,7,7,True,14:19,10,True
R008232,P0275,33.9,4667,8.2,48.0,4.44,3.12,7,6,False,,0,False
R008233,P0275,23.9,2329,0.0,10.4,4.37,1.89,8,6,False,,0,False
R008234,P0275,28.2,2426,0.0,54.0,4.84,0.0,7,7,False,,0,False
R008235,P0275,0.0,218,3.6,61.8,5.65,3.9,7,6,False,,0,False
R008236,P0275,70.2,7455,21.1,0.0,3.53,5.08,8,4,False,,0,False
R008237,P0275,28.1,2049,2.3,89.7,4.81,3.92,8,3,False,,0,False
R008238,P0275,57.1,7375,14.3,67.6,3.91,4.29,6,7,False,,0,False
R008239,P0275,41.9,5342,4.9,54.2,5.15,3.61,6,5,False,,0,False
R008240,P0275,21.4,3125,12.7,56.5,4.96,0.0,7,6,True,15:33,31,False
R008241,P0275,7.9,544,7.0,69.3,2.77,0.77,7,7,False,,0,True
R008242,P0275,9.4,2366,9.0,58.2,4.84,5.03,5,3,False,,0,False
R008243,P0275,62.8,5947,17.7,48.0,4.14,4.85,6,5,False,,0,False
R008244,P0275,22.8,1587,9.4,171.2,3.12,4.96,6,4,False,,0,False
R008245,P0275,21.8,2314,5.4,92.2,4.26,5.07,7,9,False,,0,False
R008246,P0275,42.6,4071,14.7,63.1,5.71,5.85,8,7,False,,0,False
R008247,P0275,37.8,5714,0.6,49.4,3.81,1.61,6,5,False,,0,False
R008248,P0275,17.4,1511,13.7,82.1,5.39,1.09,8,5,False,,0,False
R008249,P0275,32.2,3489,13.0,50.8,5.66,4.6,6,3,False,,0,False
R008250,P0275,33.0,2861,7.0,25.9,4.95,4.89,7,6,False,,0,False
R008251,P0276,41.8,4446,9.3,49.6,6.32,4.67,2,4,False,,0,False
R008252,P0276,43.1,4082,18.4,0.7,6.43,6.48,1,5,False,,0,False
R008253,P0276,42.9,4552,19.6,65.6,6.13,5.45,4,4,False,,0,False
R008254,P0276,32.4,2855,8.2,50.5,6.17,5.18,5,5,False,,0,False
R008255,P0276,31.8,3782,4.1,121.6,5.61,5.09,2,4,True,16:31,10,False
R008256,P0276,62.1,5942,28.5,76.9,6.07,1.4,2,3,True,15:27,91,False
R008257,P0276,35.4,3078,10.7,17.7,5.11,2.93,2,5,True,15:59,120,False
R008258,P0276,27.4,3562,9.0,13.2,4.72,6.47,3,4,False,,0,False
R008259,P0276,65.7,7417,19.6,86.5,6.94,4.66,3,4,False,,0,False
R008260,P0276,43.0,4929,12.1,113.9,6.54,4.71,4,3,False,,0,False
R008261,P0276,36.1,3470,4.6,22.1,6.67,5.65,4,3,False,,0,False
R008262,P0276,19.4,2225,14.6,86.0,5.26,6.45,3,4,False,,0,False
R008263,P0276,60.9,6367,24.9,0.0,6.19,1.88,4,4,False,,0,False
R008264,P0276,41.2,3548,18.4,63.1,6.18,0.07,4,2,False,,0,False
R008265,P0276,32.4,3897,3.4,68.6,6.32,4.15,2,5,False,,0,False
R008266,P0276,52.2,5656,23.2,65.7,5.88,5.35,6,5,False,,0,True
R008267,P0276,26.1,3310,16.4,92.4,5.44,6.48,4,4,True,14:29,64,False
R008268,P0276,23.4,2340,3.4,50.2,7.83,5.01,4,5,False,,0,True
R008269,P0276,23.8,1737,2.2,93.7,5.58,5.68,3,4,False,,0,False
R008270,P0276,39.1,4839,4.9,34.5,5.7,0.03,6,6,True,15:55,67,True
R008271,P0276,69.0,6570,24.0,29.3,5.68,1.3,4,5,False,,0,False
R008272,P0276,29.6,2866,12.1,66.3,6.0,6.05,4,4,False,,0,False
R008273,P0276,32.5,3387,8.9,49.6,6.23,5.99,2,2,False,,0,False
R008274,P0276,47.0,5144,10.0,0.0,5.75,3.65,5,5,False,,0,False
R008275,P0276,58.6,5857,12.0,116.7,4.3,5.09,3,3,False,,0,False
R008276,P0276,75.2,6746,20.2,120.6,7.41,5.84,3,2,False,,0,False
R008277,P0276,44.3,6961,10.9,42.0,5.94,1.17,5,4,False,,0,True
R008278,P0276,51.0,4093,16.9,72.1,6.61,1.16,3,4,False,,0,False
R008279,P0276,20.2,1234,2.8,68.9,5.96,4.66,3,4,False,,0,False
R008280,P0276,41.6,3279,7.5,70.0,4.24,5.52,3,7,False,,0,False
R008281,P0277,38.1,4213,14.2,195.3,4.92,8.99,3,3,False,,0,False
R008282,P0277,38.6,3162,8.3,109.2,3.75,8.49,3,2,False,,0,False
R008283,P0277,23.0,2973,4.1,139.3,3.14,8.06,4,5,False,,0,False
R008284,P0277,24.0,3315,11.3,107.6,4.01,9.78,6,5,False,,0,False
R008285,P0277,47.5,5343,0.9,163.4,1.0,10.24,6,7,False,,0,False
R008286,P0277,71.1,6384,22.0,172.9,4.33,1.48,4,5,False,,0,False
R008287,P0277,46.0,4800,19.0,163.8,3.71,2.94,3,5,False,,0,False
R008288,P0277,52.4,6784,15.7,152.4,4.36,7.86,5,6,False,,0,False
R008289,P0277,57.9,5762,19.3,129.6,1.64,8.51,6,6,False,,0,False
R008290,P0277,42.6,5050,26.0,140.4,2.43,8.59,5,6,True,13:30,48,True
R008291,P0277,87.9,10189,22.5,72.4,3.16,9.08,3,5,False,,0,False
R008292,P0277,34.9,4595,10.3,178.7,1.67,8.03,2,5,False,,0,False
R008293,P0277,46.7,4726,7.2,171.5,2.97,4.27,6,5,True,14:09,53,False
R008294,P0277,51.8,5421,18.0,166.8,4.57,3.56,9,6,False,,0,True
R008295,P0277,32.9,4093,16.5,172.9,1.88,7.56,4,6,False,,0,False
R008296,P0277,56.8,7633,27.1,76.6,2.56,7.95,5,3,False,,0,False
R008297,P0277,12.3,1508,3.4,156.8,2.08,8.12,7,6,True,15:52,65,True
R008298,P0277,37.2,4114,12.0,83.0,2.47,7.9,3,3,False,,0,False
R008299,P0277,72.7,7520,31.5,167.7,4.63,8.07,3,4,False,,0,False
R008300,P0277,66.9,7721,13.3,185.1,3.98,2.77,4,7,False,,0,False
R008301,P0277,40.9,5095,18.4,55.1,3.13,4.27,6,6,False,,0,False
R008302,P0277,25.7,3140,13.5,188.0,2.57,8.35,2,3,False,,0,False
R008303,P0277,55.6,6070,9.0,118.2,3.23,7.47,5,3,False,,0,False
R008304,P0277,71.9,7991,8.5,157.2,2.19,7.93,3,5,False,,0,False
R008305,P0277,35.5,4082,2.6,157.4,2.74,8.21,4,3,False,,0,False
R008306,P0277,79.2,8107,19.0,189.0,2.2,10.16,5,2,True,15:16,20,False
R008307,P0277,65.1,8575,21.5,144.8,2.39,4.14,4,6,False,,0,False
R008308,P0277,56.1,5166,13.1,170.1,4.83,1.62,5,6,False,,0,False
R008309,P0277,57.5,6379,19.6,112.7,3.58,8.99,6,6,False,,0,False
R008310,P0277,16.6,2097,0.0,185.0,3.09,8.0,5,3,False,,0,False
R008311,P0278,35.9,4467,15.2,177.2,5.32,6.82,6,4,False,,0,False
R008312,P0278,62.9,8135,15.6,123.7,5.73,7.42,5,5,False,,0,False
R008313,P0278,47.9,7159,23.5,208.7,6.92,7.43,4,6,False,,0,False
R008314,P0278,89.4,8692,20.6,172.7,6.34,9.51,3,5,False,,0,False
R008315,P0278,52.6,4293,16.7,206.1,6.83,7.79,6,7,False,,0,False
R008316,P0278,62.6,7018,20.0,131.5,7.19,2.87,7,5,False,,0,False
R008317,P0278,36.4,6161,9.9,388.7,6.69,1.37,4,4,False,,0,True
R008318,P0278,65.8,6780,15.1,131.9,7.42,7.27,5,5,False,,0,False
R008319,P0278,47.9,4817,18.5,113.3,6.8,8.75,6,6,True,14:10,64,False
R008320,P0278,24.5,3686,2.8,150.6,5.16,6.22,4,6,True,16:24,31,False
R008321,P0278,46.8,3912,4.8,132.3,6.14,8.82,7,6,False,,0,False
R008322,P0278,57.5,6833,26.0,219.0,7.14,6.59,6,5,False,,0,False
R008323,P0278,22.9,1909,10.6,143.9,7.33,2.23,5,8,False,,0,False
R008324,P0278,68.7,5641,5.3,113.4,6.77,2.13,2,5,False,,0,False
R008325,P0278,70.9,7838,21.3,156.9,6.11,8.85,6,5,False,,0,False
R008326,P0278,64.7,8402,29.7,136.4,7.05,7.75,5,6,False,,0,False
R008327,P0278,39.2,5248,12.1,168.0,8.15,6.32,6,6,False,,0,False
R008328,P0278,60.7,9751,22.3,143.8,6.2,9.67,5,3,False,,0,True
R008329,P0278,70.1,7135,27.3,138.1,6.61,9.18,5,7,False,,0,False
R008330,P0278,51.2,6287,19.2,126.7,5.47,1.06,3,3,False,,0,False
R008331,P0278,75.7,9745,33.4,161.4,6.51,2.19,6,6,True,15:09,15,False
R008332,P0278,68.1,8521,17.5,257.1,7.23,5.81,4,4,False,,0,True
R008333,P0278,67.8,8663,11.1,231.2,5.37,8.51,6,6,True,13:36,99,False
R008334,P0278,57.9,5223,30.3,319.0,6.2,6.8,6,6,False,,0,True
R008335,P0278,32.7,2659,11.0,140.5,6.27,7.21,5,5,True,15:00,10,False
R008336,P0278,85.7,9199,25.4,97.7,8.03,6.75,7,5,False,,0,False
R008337,P0278,40.7,4669,4.3,194.7,6.5,2.35,4,4,False,,0,False
R008338,P0278,63.1,5938,20.1,202.8,7.25,3.08,6,5,True,16:15,93,True
R008339,P0278,50.2,5304,13.0,154.6,7.84,5.68,4,4,False,,0,False
R008340,P0278,58.1,4990,19.6,143.5,6.27,6.82,5,4,False,,0,False
R008341,P0279,55.2,6011,9.5,130.7,6.91,9.74,4,3,False,,0,False
R008342,P0279,67.1,6346,17.1,78.4,5.73,8.56,6,6,False,,0,False
R008343,P0279,38.8,4660,17.6,151.0,7.92,8.66,4,5,False,,0,True
R008344,P0279,57.1,6504,11.8,87.4,7.52,11.17,4,4,False,,0,False
R008345,P0279,62.7,8636,20.1,186.7,6.96,11.95,6,5,False,,0,False
R008346,P0279,22.9,3343,6.5,201.2,7.63,3.51,5,3,False,,0,False
R008347,P0279,89.9,9667,20.1,52.7,6.42,2.88,4,4,False,,0,False
R008348,P0279,62.1,6352,30.4,140.1,7.01,7.71,4,2,False,,0,False
R008349,P0279,53.6,5887,3.0,63.9,7.24,9.53,4,6,False,,0,False
R008350,P0279,79.5,8844,13.9,76.5,5.48,10.46,5,2,False,,0,False
R008351,P0279,55.5,5637,6.3,139.4,8.16,11.83,6,5,True,17:33,30,False
R008352,P0279,64.3,8254,8.9,152.3,6.82,10.87,4,4,False,,0,False
R008353,P0279,74.4,9992,18.2,126.2,6.98,3.23,4,4,True,14:15,49,False
R008354,P0279,38.2,4600,10.7,132.1,6.36,3.76,5,5,False,,0,False
R008355,P0279,75.1,9400,20.4,156.7,6.25,10.21,5,5,False,,0,False
R008356,P0279,67.0,9650,25.1,169.7,6.55,11.09,5,5,False,,0,False
R008357,P0279,36.4,4334,9.2,57.7,8.98,11.15,6,6,False,,0,False
R008358,P0279,28.5,2138,19.4,136.8,7.84,8.84,6,6,False,,0,False
R008359,P0279,41.8,4222,7.6,159.9,7.71,9.95,5,5,False,,0,False
R008360,P0279,92.8,12073,43.7,70.8,7.98,3.32,7,4,True,14:47,81,True
R008361,P0279,47.2,7138,11.8,143.0,6.76,0.48,5,6,True,14:36,52,False
R008362,P0279,21.9,1264,0.3,76.8,7.21,9.97,5,5,False,,0,False
R008363,P0279,36.5,3464,11.8,132.0,6.48,10.32,5,4,False,,0,False
R008364,P0279,65.5,6575,30.0,150.4,5.68,10.73,5,3,False,,0,False
R008365,P0279,70.6,9639,23.6,92.6,7.53,9.78,4,4,True,14:25,54,False
R008366,P0279,49.9,5076,21.9,193.4,6.94,8.03,4,3,False,,0,False
R008367,P0279,68.0,9549,17.7,95.1,6.94,2.37,6,4,False,,0,False
R008368,P0279,78.2,9506,23.7,149.9,5.99,2.91,3,3,False,,0,True
R008369,P0279,28.6,2712,9.4,188.9,8.83,8.88,4,6,False,,0,False
R008370,P0279,67.4,6500,32.2,94.6,6.67,9.47,2,5,False,,0,True
R008371,P0280,56.9,7516,26.2,179.0,7.14,6.68,3,5,False,,0,False
R008372,P0280,8.0,966,10.1,141.9,8.73,6.36,5,5,False,,0,True
R008373,P0280,35.7,2248,5.6,180.7,8.69,5.94,2,4,True,14:55,62,False
R008374,P0280,49.2,4594,12.1,218.9,8.4,6.72,5,2,False,,0,False
R008375,P0280,41.5,6156,10.1,157.1,6.76,6.4,4,4,False,,0,False
R008376,P0280,49.2,7849,13.6,201.5,9.11,3.35,6,6,False,,0,False
R008377,P0280,67.6,7802,19.1,154.3,6.09,3.07,5,6,False,,0,False
R008378,P0280,83.8,6748,31.0,427.5,7.99,9.25,3,4,False,,0,True
R008379,P0280,51.9,5557,5.6,259.2,8.87,7.72,6,5,False,,0,False
R008380,P0280,22.4,3034,2.4,239.9,9.69,8.01,4,5,False,,0,False
R008381,P0280,24.7,5001,1.3,259.1,7.59,7.05,5,4,False,,0,False
R008382,P0280,52.9,6352,11.7,188.0,7.77,8.22,5,5,False,,0,False
R008383,P0280,0.0,431,0.0,210.4,8.52,3.33,6,5,False,,0,False
R008384,P0280,43.3,3139,0.0,238.5,7.63,2.9,5,5,False,,0,False
R008385,P0280,30.7,3441,11.8,235.2,8.63,5.1,6,6,True,13:28,44,False
R008386,P0280,64.5,9521,26.2,181.0,7.9,8.24,6,5,True,16:08,49,False
R008387,P0280,45.3,3571,17.6,213.1,9.44,7.33,6,4,False,,0,False
R008388,P0280,31.9,2725,10.8,186.1,8.3,7.82,6,5,False,,0,False
R008389,P0280,71.5,8877,31.6,199.4,8.97,7.32,5,2,False,,0,False
R008390,P0280,47.5,3315,22.0,246.8,6.52,3.5,4,3,False,,0,False
R008391,P0280,23.9,2303,0.2,167.7,9.7,2.76,3,3,False,,0,False
R008392,P0280,31.7,4200,1.1,216.2,5.25,6.05,5,4,False,,0,True
R008393,P0280,27.0,2978,6.6,168.8,8.51,8.76,5,4,False,,0,False
R008394,P0280,37.0,4397,15.7,236.6,8.76,7.34,5,6,True,13:37,72,False
R008395,P0280,9.7,43,3.7,188.1,7.06,8.09,5,7,False,,0,False
R008396,P0280,39.8,5472,4.8,220.9,9.43,8.04,6,4,False,,0,False
R008397,P0280,35.9,3220,9.3,226.2,8.21,3.03,6,6,True,16:45,45,False
R008398,P0280,40.2,2890,15.6,148.5,8.59,5.49,3,3,False,,0,False
R008399,P0280,18.0,1422,6.0,180.0,9.03,9.02,6,5,False,,0,False
R008400,P0280,84.5,9158,23.2,269.4,9.41,7.41,4,5,False,,0,False
R008401,P0281,12.3,941,7.6,118.1,3.55,4.15,5,6,False,,0,False
R008402,P0281,41.1,5063,13.5,252.8,5.14,7.27,5,5,False,,0,False
R008403,P0281,0.8,373,1.8,186.3,6.33,5.58,3,2,False,,0,False
R008404,P0281,18.9,1563,10.1,108.9,6.07,6.38,4,5,False,,0,False
R008405,P0281,1.0,665,3.1,138.2,5.18,9.16,6,6,False,,0,False
R008406,P0281,13.4,0,9.1,144.6,5.31,2.16,5,5,False,,0,False
R008407,P0281,36.6,3231,9.3,64.3,6.43,1.29,5,5,False,,0,False
R008408,P0281,16.6,2994,2.5,124.7,4.73,7.32,6,5,False,,0,False
R008409,P0281,23.8,3468,0.2,193.1,4.61,7.29,6,6,False,,0,False
R008410,P0281,8.3,131,2.0,142.3,5.09,7.42,5,7,True,16:52,43,True
R008411,P0281,27.9,1236,3.4,224.7,4.34,7.74,6,5,False,,0,False
R008412,P0281,30.4,3260,12.1,162.1,2.97,6.79,3,6,False,,0,False
R008413,P0281,23.6,3217,6.2,185.7,5.38,2.71,5,4,False,,0,False
R008414,P0281,29.7,3003,10.7,148.4,5.98,1.27,6,4,False,,0,False
R008415,P0281,41.8,5217,7.5,197.3,4.59,7.06,5,2,False,,0,False
R008416,P0281,0.0,193,3.6,221.9,6.31,7.11,5,6,False,,0,False
R008417,P0281,49.1,4852,23.0,62.8,5.31,9.58,4,3,False,,0,False
R008418,P0281,20.8,2228,6.0,44.6,6.25,8.81,5,4,False,,0,False
R008419,P0281,33.4,4817,7.6,110.0,5.3,6.37,5,7,False,,0,False
R008420,P0281,18.5,2215,0.9,116.3,4.28,3.34,5,5,False,,0,False
R008421,P0281,0.0,0,0.0,120.4,5.08,2.34,6,6,False,,0,False
R008422,P0281,33.8,4334,5.6,181.5,6.36,8.01,5,6,False,,0,False
R008423,P0281,43.3,4949,0.0,85.8,6.82,6.49,5,4,False,,0,False
R008424,P0281,9.5,563,7.1,116.3,5.54,5.57,5,4,False,,0,False
R008425,P0281,47.0,3767,15.2,107.4,5.26,6.98,6,6,False,,0,False
R008426,P0281,0.8,515,0.0,190.1,5.12,7.34,5,4,True,14:25,19,True
R008427,P0281,39.6,4025,10.5,140.0,3.45,1.63,5,7,False,,0,False
R008428,P0281,24.3,2860,7.0,60.0,4.14,3.99,6,4,False,,0,False
R008429,P0281,44.2,4073,15.4,117.3,3.71,7.09,5,5,True,17:27,66,False
R008430,P0281,11.7,3638,2.1,173.9,5.58,5.73,3,4,False,,0,False
R008431,P0282,66.7,6548,32.3,0.0,8.73,6.11,2,2,False,,0,False
R008432,P0282,71.4,7789,14.3,78.1,9.28,8.47,4,6,False,,0,False
R008433,P0282,38.8,4102,13.2,40.6,9.96,8.55,4,5,False,,0,False
R008434,P0282,64.4,8601,21.3,169.9,6.71,8.08,5,3,True,15:36,35,True
R008435,P0282,42.1,4456,4.3,84.0,9.7,7.76,5,5,True,13:39,42,False
R008436,P0282,57.6,6418,12.8,0.0,6.18,1.87,5,5,False,,0,False
R008437,P0282,24.8,3767,6.3,0.0,8.5,2.86,4,4,False,,0,False
R008438,P0282,30.9,4063,11.6,0.0,6.84,7.91,4,4,False,,0,False
R008439,P0282,56.1,5619,32.5,63.0,10.46,6.08,6,8,False,,0,False
R008440,P0282,49.4,6653,23.7,115.8,7.74,9.53,3,2,False,,0,False
R008441,P0282,16.0,388,16.6,40.9,7.65,6.43,6,5,False,,0,False
R008442,P0282,31.1,4050,12.0,0.0,7.14,8.35,4,7,False,,0,False
R008443,P0282,22.5,1747,8.8,13.1,9.21,2.1,4,6,False,,0,False
R008444,P0282,22.8,3655,0.0,73.5,8.78,3.68,4,5,False,,0,False
R008445,P0282,55.5,5459,16.1,60.9,7.46,9.37,3,5,False,,0,False
R008446,P0282,61.1,7070,17.6,0.0,7.08,7.84,4,6,False,,0,False
R008447,P0282,32.4,5280,11.9,62.4,8.47,8.36,4,5,False,,0,False
R008448,P0282,37.0,4948,16.8,41.1,8.55,7.17,5,4,False,,0,False
R008449,P0282,24.4,2175,10.0,15.0,9.6,8.58,5,3,True,15:55,54,False
R008450,P0282,32.9,2969,7.8,0.0,8.49,2.51,5,5,False,,0,False
R008451,P0282,8.5,1741,5.2,0.0,8.97,4.15,4,6,True,15:03,77,True
R008452,P0282,43.8,4640,17.1,0.0,7.81,8.66,4,3,True,15:01,32,False
R008453,P0282,41.8,3927,20.9,0.0,8.07,9.0,5,6,False,,0,False
R008454,P0282,56.1,5615,23.6,0.0,8.33,7.18,5,5,False,,0,False
R008455,P0282,52.1,6609,13.1,108.7,9.41,7.38,4,5,False,,0,False
R008456,P0282,0.0,660,0.9,0.0,8.38,7.49,4,4,False,,0,False
R008457,P0282,43.7,4708,3.9,0.0,11.71,2.5,3,5,False,,0,False
R008458,P0282,69.5,8671,15.2,30.5,9.06,2.51,2,3,False,,0,False
R008459,P0282,36.8,2147,4.1,1.9,7.42,7.07,6,4,False,,0,False
R008460,P0282,30.6,4939,2.2,0.0,5.93,8.59,3,6,False,,0,False
R008461,P0283,64.0,8942,18.4,217.1,6.16,6.9,3,4,False,,0,False
R008462,P0283,22.1,995,5.6,327.9,6.64,8.07,3,2,False,,0,False
R008463,P0283,41.0,4803,28.7,487.1,6.37,8.93,5,5,False,,0,True
R008464,P0283,69.3,7222,29.3,348.0,6.29,7.96,3,5,True,14:07,82,False
R008465,P0283,37.0,4373,9.1,408.2,7.32,8.39,5,5,False,,0,False
R008466,P0283,40.2,3957,8.1,325.6,5.57,1.68,2,3,False,,0,False
R008467,P0283,55.0,5566,7.1,597.9,5.83,1.53,5,5,True,17:27,51,True
R008468,P0283,51.0,5992,15.9,560.8,5.54,9.96,4,5,True,16:17,77,True
R008469,P0283,61.5,7022,10.5,353.6,4.66,8.64,4,5,False,,0,False
R008470,P0283,25.1,2587,7.1,367.6,5.9,7.73,4,3,False,,0,False
R008471,P0283,39.0,3161,8.3,338.1,5.41,9.09,4,5,False,,0,False
R008472,P0283,63.6,9312,13.3,350.6,7.02,7.0,3,3,False,,0,False
R008473,P0283,10.3,982,3.2,420.7,5.97,2.62,5,4,False,,0,True
R008474,P0283,11.0,475,5.2,351.6,5.74,4.21,4,2,False,,0,False
R008475,P0283,61.5,6645,20.2,274.8,5.4,7.6,2,5,False,,0,False
R008476,P0283,57.1,6414,8.2,332.8,7.31,9.31,6,5,False,,0,False
R008477,P0283,43.2,4383,14.0,328.4,6.77,6.57,3,4,False,,0,False
R008478,P0283,15.7,1586,7.5,323.7,6.05,11.18,4,5,True,15:07,13,True
R008479,P0283,41.1,4892,5.7,306.1,6.81,9.07,4,5,False,,0,False
R008480,P0283,23.9,3108,2.1,337.1,6.11,4.3,3,6,False,,0,False
R008481,P0283,54.1,6262,6.8,361.1,6.7,4.13,4,3,False,,0,False
R008482,P0283,16.2,1541,4.6,361.2,6.47,9.01,4,6,False,,0,True
R008483,P0283,40.5,3663,12.1,407.3,5.41,9.53,3,5,False,,0,False
R008484,P0283,39.9,4887,11.2,308.0,4.59,10.03,5,4,False,,0,False
R008485,P0283,13.3,1158,0.0,367.9,4.64,8.58,4,7,True,16:50,38,False
R008486,P0283,38.6,3336,12.6,336.7,7.48,7.9,4,3,False,,0,False
R008487,P0283,52.4,4874,34.9,352.1,5.21,1.67,7,6,False,,0,True
R008488,P0283,51.1,6248,27.6,357.3,5.04,4.21,3,4,True,17:11,13,False
R008489,P0283,46.7,5078,15.1,184.6,5.64,9.07,4,2,False,,0,False
R008490,P0283,49.8,6974,16.5,436.6,6.63,8.74,3,1,False,,0,False
R008491,P0284,74.6,9961,24.7,143.6,4.48,5.71,6,5,False,,0,False
R008492,P0284,43.5,6061,9.2,168.7,5.76,5.76,6,5,True,16:05,39,False
R008493,P0284,58.7,8491,0.6,52.6,8.18,5.0,5,6,False,,0,True
R008494,P0284,81.9,8664,33.5,153.1,4.58,3.96,6,3,True,14:50,10,False
R008495,P0284,50.6,6012,6.1,129.8,5.66,6.54,3,7,False,,0,False
R008496,P0284,63.8,7424,23.8,163.0,6.59,0.38,5,5,True,16:30,46,True
R008497,P0284,33.1,3807,13.0,336.8,3.12,3.05,8,7,False,,0,True
R008498,P0284,83.8,11182,33.3,120.6,6.91,5.41,3,3,True,13:33,66,False
R008499,P0284,44.3,6451,5.7,122.4,4.29,5.14,6,5,True,14:56,44,False
R008500,P0284,73.0,6600,26.6,86.3,6.09,5.23,3,3,False,,0,False
R008501,P0284,69.6,8630,16.1,375.1,4.49,6.24,4,6,True,14:22,38,True
R008502,P0284,60.2,7436,11.1,130.4,4.78,6.46,7,5,True,15:08,61,False
R008503,P0284,74.5,8462,10.1,197.2,7.15,1.43,6,5,True,17:30,46,False
R008504,P0284,79.0,8044,36.9,82.6,5.35,1.28,7,8,False,,0,False
R008505,P0284,89.2,7181,17.7,145.9,6.13,5.09,5,6,False,,0,False
R008506,P0284,89.2,8588,41.1,21.5,5.8,4.91,4,4,True,14:36,70,False
R008507,P0284,69.3,8583,28.3,164.6,5.91,4.95,6,6,False,,0,False
R008508,P0284,39.6,4380,18.0,139.8,6.38,5.83,6,4,False,,0,False
R008509,P0284,50.1,6560,15.6,124.3,5.88,7.32,5,3,False,,0,False
R008510,P0284,56.8,6040,17.2,327.6,3.88,2.81,5,4,True,14:07,28,True
R008511,P0284,50.6,5437,19.7,111.8,5.24,1.8,6,4,True,16:08,51,False
R008512,P0284,0.0,61,9.5,348.1,5.78,5.35,3,5,False,,0,True
R008513,P0284,83.8,10361,39.2,160.9,4.57,6.47,4,5,False,,0,False
R008514,P0284,103.3,10661,30.4,192.7,4.51,5.48,6,5,False,,0,False
R008515,P0284,50.0,4166,14.8,159.9,5.05,3.79,6,5,False,,0,False
R008516,P0284,58.6,5938,20.6,103.0,4.1,6.52,7,5,False,,0,True
R008517,P0284,68.7,7977,17.6,148.3,5.11,1.33,5,4,False,,0,False
R008518,P0284,52.1,5695,23.0,182.2,4.4,2.29,4,3,True,16:35,51,False
R008519,P0284,113.7,11550,26.2,206.3,5.31,5.04,5,7,True,15:33,71,False
R008520,P0284,85.1,10103,20.6,98.7,8.37,5.6,4,3,True,13:20,26,True
R008521,P0285,34.5,4268,16.3,84.9,3.52,3.75,3,6,True,14:33,10,False
R008522,P0285,56.5,6164,16.6,36.7,2.93,4.39,2,4,True,13:25,75,True
R008523,P0285,62.4,5414,18.8,0.0,4.37,2.2,2,3,False,,0,False
R008524,P0285,19.3,2729,7.0,0.0,4.26,3.22,2,5,False,,0,False
R008525,P0285,23.5,3018,10.6,4.3,5.67,4.57,2,4,False,,0,False
R008526,P0285,41.7,3165,13.9,66.1,4.23,2.67,2,3,True,14:23,10,False
R008527,P0285,18.3,1520,0.0,0.0,5.36,2.25,3,5,False,,0,False
R008528,P0285,47.5,5908,20.7,2.1,3.43,4.78,4,7,True,17:02,38,True
R008529,P0285,39.7,4131,13.0,0.0,6.49,4.2,2,6,False,,0,True
R008530,P0285,23.8,1462,12.3,9.2,3.13,4.13,4,6,False,,0,False
R008531,P0285,58.3,6334,13.5,0.0,4.19,3.47,6,5,True,16:34,56,True
R008532,P0285,55.1,5012,10.4,0.0,4.9,6.05,4,5,False,,0,False
R008533,P0285,32.9,3454,0.0,14.4,5.8,1.34,6,7,True,13:25,10,False
R008534,P0285,80.0,9085,17.8,43.4,5.09,3.23,2,3,True,13:34,31,True
R008535,P0285,46.7,3954,20.6,2.6,3.44,4.96,4,7,True,14:28,51,False
R008536,P0285,44.2,4302,13.8,0.0,2.93,3.7,3,3,False,,0,False
R008537,P0285,62.5,8765,8.0,0.0,4.9,4.6,3,3,False,,0,False
R008538,P0285,43.4,4403,24.8,0.0,2.55,3.14,2,6,False,,0,False
R008539,P0285,65.1,8364,22.7,12.4,5.12,3.73,4,4,True,13:12,34,False
R008540,P0285,45.2,5512,17.9,27.6,4.26,2.49,2,3,True,17:42,75,False
R008541,P0285,57.0,6825,18.4,224.4,3.28,1.86,2,4,True,14:23,73,True
R008542,P0285,65.3,7115,23.9,117.6,4.52,3.76,3,4,True,17:51,17,False
R008543,P0285,46.2,4796,14.6,26.9,4.03,3.49,5,3,False,,0,False
R008544,P0285,35.9,4492,4.2,0.0,3.34,4.3,2,3,False,,0,False
R008545,P0285,63.0,6952,20.9,47.7,3.69,2.2,5,6,False,,0,False
R008546,P0285,63.9,6175,6.5,0.0,4.84,4.77,1,5,False,,0,False
R008547,P0285,66.2,7442,17.8,47.6,3.97,0.0,4,8,False,,0,True
R008548,P0285,53.1,3969,22.9,72.9,4.11,1.24,5,5,True,13:19,58,True
R008549,P0285,42.5,4339,10.4,0.0,2.55,3.92,3,2,True,16:06,50,True
R008550,P0285,51.9,6284,7.7,0.0,3.98,3.26,3,3,False,,0,False
R008551,P0286,79.8,8434,22.8,124.3,4.56,7.57,7,4,False,,0,False
R008552,P0286,74.3,8208,27.3,257.7,3.28,7.7,7,5,False,,0,False
R008553,P0286,76.9,9063,27.9,245.1,6.47,7.85,4,5,False,,0,False
R008554,P0286,44.5,2852,14.9,169.8,4.39,6.45,6,3,True,13:35,52,False
R008555,P0286,103.8,11731,31.7,81.4,7.92,9.23,9,4,False,,0,True
R008556,P0286,72.6,9812,17.6,161.1,3.71,3.17,4,1,False,,0,True
R008557,P0286,52.1,6124,7.7,307.8,5.09,4.81,5,7,False,,0,False
R008558,P0286,97.3,11863,13.2,186.1,3.71,7.2,5,4,True,17:24,27,False
R008559,P0286,49.2,4189,7.1,195.6,5.98,7.45,7,6,False,,0,False
R008560,P0286,60.7,5180,13.4,293.6,3.26,8.8,6,7,True,13:03,10,False
R008561,P0286,59.0,7877,17.6,188.5,4.04,7.01,6,4,False,,0,False
R008562,P0286,72.6,9393,11.4,89.2,3.84,6.41,9,6,False,,0,False
R008563,P0286,70.2,9343,20.9,276.4,5.97,3.61,7,7,False,,0,False
R008564,P0286,85.7,10933,25.9,158.8,4.7,2.99,5,3,False,,0,False
R008565,P0286,64.0,5228,16.4,200.7,3.95,6.82,6,7,False,,0,False
R008566,P0286,56.5,6785,5.2,175.0,4.56,8.59,7,6,False,,0,False
R008567,P0286,59.6,5105,21.8,215.8,4.78,7.21,6,6,False,,0,False
R008568,P0286,85.6,8037,21.3,257.7,5.51,9.27,6,3,False,,0,False
R008569,P0286,74.9,9500,33.1,157.3,5.19,6.3,4,5,False,,0,False
R008570,P0286,80.2,8959,38.2,158.0,3.66,3.54,3,5,False,,0,False
R008571,P0286,63.4,7149,21.5,152.2,5.06,3.82,7,6,False,,0,False
R008572,P0286,59.6,5683,13.6,225.0,5.26,7.69,6,5,False,,0,False
R008573,P0286,97.1,8918,40.9,161.9,6.9,10.18,7,7,False,,0,False
R008574,P0286,72.1,10747,28.8,207.1,5.35,7.69,7,7,False,,0,False
R008575,P0286,58.3,6602,26.7,193.4,5.0,7.44,4,6,False,,0,False
R008576,P0286,83.5,9272,28.5,204.9,5.11,7.59,5,6,False,,0,False
R008577,P0286,73.1,11076,34.6,122.1,4.0,3.78,5,5,False,,0,False
R008578,P0286,80.3,7969,15.5,180.2,5.61,3.01,6,5,False,,0,False
R008579,P0286,98.0,10283,35.8,249.3,5.45,6.73,6,4,False,,0,False
R008580,P0286,49.1,6554,18.2,189.6,4.93,7.79,4,5,False,,0,False
R008581,P0287,60.3,6251,19.7,408.1,6.34,7.04,6,3,False,,0,True
R008582,P0287,61.8,5339,9.6,203.7,4.82,8.46,2,5,False,,0,True
R008583,P0287,63.8,7579,15.7,175.2,6.6,7.26,4,4,False,,0,False
R008584,P0287,91.7,10919,19.5,219.8,5.49,6.37,5,5,False,,0,False
R008585,P0287,68.8,6926,26.0,161.8,7.47,6.68,3,5,False,,0,False
R008586,P0287,64.7,6819,19.8,197.7,5.66,2.21,3,4,False,,0,False
R008587,P0287,55.3,7313,18.5,234.8,7.06,0.81,7,6,False,,0,False
R008588,P0287,42.4,4892,10.8,200.4,6.75,7.85,6,6,False,,0,False
R008589,P0287,61.2,7116,13.5,180.4,7.53,6.55,3,3,False,,0,False
R008590,P0287,106.5,12487,50.0,179.6,7.24,8.74,3,4,False,,0,False
R008591,P0287,65.8,6637,20.5,128.8,7.4,7.14,4,4,False,,0,False
R008592,P0287,78.3,8953,18.8,198.4,6.8,6.22,2,3,True,16:15,48,False
R008593,P0287,32.8,3684,9.2,188.1,6.85,2.86,3,4,False,,0,False
R008594,P0287,60.5,8237,28.1,257.2,7.36,0.95,7,7,False,,0,False
R008595,P0287,79.7,9090,14.3,261.9,7.42,5.45,5,3,False,,0,False
R008596,P0287,68.8,8208,38.1,486.0,7.13,7.74,3,5,False,,0,True
R008597,P0287,92.8,7050,42.3,224.4,6.28,5.74,4,3,False,,0,False
R008598,P0287,63.9,7823,24.7,224.6,7.02,6.33,5,4,False,,0,False
R008599,P0287,51.0,4151,11.0,244.9,6.86,9.36,5,4,False,,0,False
R008600,P0287,65.3,5705,19.5,299.9,6.29,0.24,5,5,False,,0,False
R008601,P0287,53.8,5847,30.9,203.3,6.47,3.97,4,3,False,,0,False
R008602,P0287,78.1,9355,25.6,194.0,5.9,6.87,5,5,False,,0,False
R008603,P0287,88.0,8448,19.2,224.0,6.77,6.91,3,3,False,,0,False
R008604,P0287,56.2,6770,2.2,285.8,6.34,6.77,5,5,False,,0,False
R008605,P0287,38.3,4172,21.6,183.7,7.51,5.36,5,4,False,,0,False
R008606,P0287,40.5,3202,9.8,286.0,8.1,6.88,5,4,False,,0,False
R008607,P0287,30.7,3697,3.8,167.4,9.23,3.36,3,5,True,16:44,36,False
R008608,P0287,58.6,6406,17.3,173.0,7.72,2.23,5,5,False,,0,False
R008609,P0287,80.3,9617,24.2,150.6,8.25,6.98,3,4,False,,0,False
R008610,P0287,42.5,4886,6.9,304.9,7.17,7.15,5,5,False,,0,False
R008611,P0288,36.3,4038,11.8,202.8,4.29,7.49,5,5,False,,0,False
R008612,P0288,46.3,5062,5.9,191.3,6.8,6.95,5,4,False,,0,False
R008613,P0288,33.1,3767,10.4,159.4,6.41,8.88,5,2,False,,0,False
R008614,P0288,45.8,5006,20.0,226.4,6.03,9.27,7,6,False,,0,False
R008615,P0288,77.1,9672,27.5,237.9,4.28,8.44,6,5,True,14:21,78,True
R008616,P0288,21.5,2498,12.9,224.1,5.24,3.0,4,7,False,,0,False
R008617,P0288,70.4,8321,21.7,246.5,7.43,1.39,6,5,True,16:15,12,False
R008618,P0288,74.4,9734,30.9,222.9,5.86,9.9,5,4,False,,0,False
R008619,P0288,46.4,6515,11.6,186.5,5.73,9.57,6,7,False,,0,False
R008620,P0288,47.6,4392,8.6,284.5,5.97,8.43,7,6,False,,0,False
R008621,P0288,7.9,0,0.0,231.4,5.88,8.71,8,7,False,,0,False
R008622,P0288,79.3,7405,23.3,222.9,4.94,9.74,7,5,True,14:16,10,False
R008623,P0288,39.3,5084,12.5,236.6,3.6,2.91,5,5,False,,0,False
R008624,P0288,91.7,8847,35.7,268.7,6.23,3.39,6,8,False,,0,False
R008625,P0288,67.6,8652,24.4,274.6,4.39,8.45,10,4,False,,0,True
R008626,P0288,65.3,8082,20.3,163.0,7.01,8.35,7,4,False,,0,False
R008627,P0288,52.8,4538,10.4,314.8,5.15,8.65,6,5,True,14:31,10,False
R008628,P0288,27.0,3169,6.5,260.1,5.63,7.58,6,5,False,,0,True
R008629,P0288,53.1,6409,15.2,201.1,4.78,7.94,4,3,False,,0,False
R008630,P0288,30.3,3957,11.9,152.3,5.98,3.96,6,4,False,,0,False
R008631,P0288,52.9,6369,4.4,275.5,5.83,2.35,4,6,False,,0,False
R008632,P0288,61.8,9461,31.3,165.5,5.35,8.02,6,2,False,,0,False
R008633,P0288,70.2,8372,20.2,256.4,5.69,9.82,3,4,False,,0,False
R008634,P0288,20.4,1515,15.8,206.2,5.88,9.32,6,4,False,,0,True
R008635,P0288,16.6,2889,9.7,291.9,4.85,7.45,7,6,False,,0,False
R008636,P0288,60.0,7418,30.9,237.2,4.65,9.35,4,4,False,,0,False
R008637,P0288,55.1,5633,19.8,204.8,5.82,2.84,6,4,False,,0,False
R008638,P0288,48.9,6704,14.5,214.2,7.35,2.2,5,3,False,,0,False
R008639,P0288,50.3,6252,26.7,251.9,4.63,7.18,5,6,False,,0,False
R008640,P0288,58.2,5244,13.7,158.3,4.84,9.2,7,5,False,,0,False
R008641,P0289,37.1,3734,15.9,301.2,2.73,7.79,4,6,False,,0,False
R008642,P0289,31.1,4002,6.6,282.5,0.54,7.23,4,5,False,,0,False
R008643,P0289,45.6,4999,16.0,302.2,2.15,6.13,4,4,False,,0,False
R008644,P0289,23.8,2678,9.4,298.3,1.15,7.61,4,3,False,,0,True
R008645,P0289,42.1,3508,19.3,312.9,1.62,8.94,2,4,False,,0,False
R008646,P0289,41.3,5539,16.1,352.6,2.68,3.2,5,5,True,13:52,97,False
R008647,P0289,16.0,2187,2.5,304.6,1.85,1.79,3,4,False,,0,False
R008648,P0289,8.5,1506,0.0,341.7,2.65,5.36,4,5,False,,0,False
R008649,P0289,11.9,892,5.2,597.3,3.94,7.89,6,5,False,,0,True
R008650,P0289,39.5,3744,6.1,326.1,5.28,6.73,5,5,False,,0,False
R008651,P0289,33.6,3520,10.3,393.5,0.0,5.97,7,5,False,,0,False
R008652,P0289,39.0,3036,10.8,338.7,1.98,8.26,6,5,False,,0,True
R008653,P0289,15.1,1099,7.6,306.3,3.48,3.0,6,8,False,,0,False
R008654,P0289,52.6,5282,13.1,322.0,1.18,2.0,5,6,False,,0,False
R008655,P0289,56.0,6443,25.8,286.9,2.03,8.25,6,4,False,,0,False
R008656,P0289,33.4,3459,0.0,311.9,1.95,9.16,3,5,False,,0,False
R008657,P0289,28.7,3350,0.5,301.2,0.65,7.07,4,5,False,,0,False
R008658,P0289,16.6,875,11.2,387.7,2.4,8.69,4,3,False,,0,False
R008659,P0289,39.5,4071,14.9,316.0,1.85,8.13,4,2,False,,0,False
R008660,P0289,17.9,1490,1.5,375.3,0.76,2.8,4,3,False,,0,False
R008661,P0289,72.2,8288,25.2,270.2,2.2,4.75,4,5,False,,0,False
R008662,P0289,15.9,783,5.4,399.0,0.63,6.66,5,4,False,,0,False
R008663,P0289,36.3,3751,7.9,363.4,2.5,6.04,5,4,False,,0,False
R008664,P0289,44.3,5616,15.3,299.7,2.65,6.62,5,2,False,,0,False
R008665,P0289,26.9,3622,6.9,327.2,1.87,7.7,6,4,False,,0,False
R008666,P0289,15.3,1393,0.9,589.3,1.56,6.83,5,3,False,,0,True
R008667,P0289,7.7,1907,0.0,314.6,2.83,2.87,6,5,False,,0,False
R008668,P0289,5.0,801,0.0,328.9,4.12,1.75,6,4,False,,0,False
R008669,P0289,0.6,951,5.9,284.5,2.43,7.55,3,3,False,,0,True
R008670,P0289,26.4,3817,2.4,401.6,2.74,7.49,3,4,False,,0,False
R008671,P0290,39.9,5352,10.2,240.9,6.97,8.48,7,8,False,,0,False
R008672,P0290,22.3,2870,6.1,122.2,5.42,8.51,8,9,False,,0,False
R008673,P0290,34.9,4777,8.7,88.5,5.87,8.0,8,6,False,,0,False
R008674,P0290,50.0,5152,11.6,202.9,5.47,6.34,7,5,False,,0,False
R008675,P0290,7.8,0,0.0,181.9,7.86,9.14,6,5,False,,0,True
R008676,P0290,82.1,8810,29.0,223.1,5.96,2.41,8,6,True,14:56,10,False
R008677,P0290,42.6,6636,5.5,204.8,5.15,2.84,7,5,False,,0,False
R008678,P0290,47.0,4442,18.0,243.7,4.91,7.77,8,4,False,,0,False
R008679,P0290,53.2,6702,18.1,233.8,5.8,8.28,7,4,True,15:39,66,False
R008680,P0290,2.6,1745,0.0,215.5,6.55,8.86,6,3,False,,0,True
R008681,P0290,30.8,3216,12.2,196.9,5.32,8.31,8,7,True,15:55,10,False
R008682,P0290,43.4,6643,24.5,118.1,5.0,7.38,6,5,False,,0,False
R008683,P0290,26.2,4421,8.9,174.4,6.53,3.52,7,4,False,,0,False
R008684,P0290,35.3,4196,10.6,110.8,6.51,3.71,8,4,False,,0,False
R008685,P0290,61.1,7026,7.6,264.5,5.92,7.57,8,7,False,,0,False
R008686,P0290,48.0,5454,15.9,145.0,6.34,7.35,4,7,False,,0,False
R008687,P0290,10.4,1165,3.0,298.0,4.43,9.51,7,3,False,,0,False
R008688,P0290,73.0,9504,17.7,226.7,6.6,8.47,9,6,False,,0,False
R008689,P0290,60.7,7106,26.4,167.5,5.66,8.37,8,5,False,,0,False
R008690,P0290,45.3,4841,8.6,262.2,6.6,3.75,10,6,True,16:43,13,False
R008691,P0290,43.9,4106,18.6,232.5,5.61,6.8,10,6,True,13:18,70,False
R008692,P0290,41.0,4412,10.3,147.8,5.13,8.36,6,4,False,,0,False
R008693,P0290,19.8,2389,4.3,202.8,5.51,7.8,7,6,False,,0,False
R008694,P0290,31.0,2699,6.8,144.3,5.5,7.87,8,6,False,,0,False
R008695,P0290,42.5,4996,14.7,222.6,4.47,9.0,7,7,False,,0,False
R008696,P0290,43.9,2804,4.5,239.6,6.8,7.99,6,5,False,,0,False
R008697,P0290,48.7,5754,17.9,270.0,7.4,2.4,8,5,False,,0,False
R008698,P0290,15.7,2618,12.0,161.8,6.55,2.81,6,4,False,,0,False
R008699,P0290,87.7,11683,35.1,166.3,5.54,8.02,8,5,True,16:04,10,False
R008700,P0290,57.7,8852,7.7,249.1,4.55,8.11,8,6,False,,0,False
R008701,P0291,92.6,7745,29.6,246.9,7.06,4.43,6,4,False,,0,False
R008702,P0291,98.3,10098,21.3,271.0,6.59,4.92,4,6,True,14:25,41,False
R008703,P0291,86.6,9446,30.4,247.8,10.56,6.35,4,4,False,,0,True
R008704,P0291,98.2,10070,16.5,204.5,5.04,5.35,5,5,True,16:30,93,False
R008705,P0291,57.9,5731,11.7,206.4,7.3,5.28,5,4,False,,0,False
R008706,P0291,65.7,9494,12.0,228.8,7.63,1.29,5,4,False,,0,False
R008707,P0291,75.6,7335,28.2,245.4,8.08,1.63,4,6,False,,0,False
R008708,P0291,88.6,11164,33.2,268.3,7.45,5.62,4,4,False,,0,False
R008709,P0291,95.0,9257,31.3,235.4,8.16,5.56,5,3,False,,0,False
R008710,P0291,73.2,8017,23.8,113.5,8.0,4.53,4,5,False,,0,False
R008711,P0291,56.2,5584,14.3,168.4,5.83,6.11,7,4,False,,0,False
R008712,P0291,78.4,8500,20.5,240.7,6.52,6.13,4,4,False,,0,False
R008713,P0291,63.6,5341,6.3,307.7,9.19,2.34,5,4,False,,0,False
R008714,P0291,82.8,9936,14.1,218.4,7.17,2.61,5,5,False,,0,False
R008715,P0291,73.1,7271,34.3,233.4,7.11,5.57,7,5,False,,0,False
R008716,P0291,67.3,7660,20.4,206.6,6.53,5.53,5,5,False,,0,False
R008717,P0291,59.6,7100,19.4,245.9,6.1,5.48,6,4,False,,0,False
R008718,P0291,59.0,6362,9.7,232.3,6.77,4.6,3,5,False,,0,True
R008719,P0291,79.5,6951,29.4,178.4,7.53,4.55,6,4,False,,0,False
R008720,P0291,75.7,8499,34.3,229.9,6.84,1.23,5,5,False,,0,False
R008721,P0291,104.5,13311,32.2,182.1,7.86,1.28,6,5,True,14:29,32,False
R008722,P0291,68.0,8557,25.4,245.6,8.54,5.19,3,4,False,,0,False
R008723,P0291,83.0,9289,16.3,208.0,8.26,4.42,5,2,False,,0,False
R008724,P0291,66.0,6552,19.1,279.4,5.86,3.58,5,4,False,,0,False
R008725,P0291,50.8,4906,21.9,203.9,7.67,5.92,4,4,False,,0,False
R008726,P0291,71.6,6740,8.6,225.9,6.1,5.54,5,6,False,,0,False
R008727,P0291,77.0,7734,26.7,304.5,6.69,0.93,4,3,False,,0,False
R008728,P0291,56.0,6153,11.0,129.9,6.87,1.32,6,5,False,,0,False
R008729,P0291,73.7,4783,23.0,164.8,7.12,3.62,4,2,True,15:04,10,False
R008730,P0291,89.2,8772,11.6,341.6,6.7,4.8,6,4,False,,0,True
R008731,P0292,78.5,10638,26.2,212.7,3.22,9.57,6,5,False,,0,False
R008732,P0292,108.3,13594,36.1,338.2,3.81,5.96,6,5,False,,0,False
R008733,P0292,79.9,8272,20.1,233.3,4.26,9.01,7,5,False,,0,False
R008734,P0292,91.4,10541,27.3,301.1,3.29,7.1,6,2,False,,0,False
R008735,P0292,79.6,5213,34.1,220.4,2.9,8.11,6,6,False,,0,False
R008736,P0292,68.5,9670,23.6,242.3,4.46,4.4,6,4,False,,0,False
R008737,P0292,87.2,10068,19.0,347.2,2.54,3.15,7,5,False,,0,False
R008738,P0292,79.9,9216,16.3,204.3,3.54,7.93,5,6,False,,0,False
R008739,P0292,93.7,11853,29.3,224.8,2.83,8.25,6,5,False,,0,False
R008740,P0292,79.8,5814,23.0,235.9,3.2,9.23,7,5,False,,0,False
R008741,P0292,54.0,5755,18.8,234.9,3.6,7.0,6,6,True,13:40,17,False
R008742,P0292,95.1,11010,30.2,260.8,4.76,8.26,6,5,False,,0,False
R008743,P0292,86.7,9945,40.7,206.4,2.96,1.19,4,4,False,,0,False
R008744,P0292,89.2,9396,34.2,243.9,4.58,3.37,5,4,False,,0,False
R008745,P0292,110.8,9584,31.0,286.2,4.78,7.0,6,3,False,,0,False
R008746,P0292,91.4,11553,41.3,132.2,1.73,7.58,5,6,False,,0,False
R008747,P0292,80.3,9745,43.1,304.7,3.4,6.75,6,7,True,13:03,53,False
R008748,P0292,74.1,8954,27.0,423.7,3.08,6.99,4,3,True,16:20,22,True
R008749,P0292,112.3,11126,32.1,296.6,3.35,9.0,6,3,False,,0,False
R008750,P0292,88.8,9118,11.7,235.9,3.22,1.33,4,7,False,,0,False
R008751,P0292,92.6,9154,38.3,170.3,2.09,1.89,6,2,False,,0,False
R008752,P0292,86.5,8688,19.9,268.2,2.56,9.43,6,5,False,,0,False
R008753,P0292,129.6,14230,35.4,184.4,2.94,5.97,4,5,False,,0,False
R008754,P0292,71.8,8923,16.3,232.6,2.99,7.41,6,4,False,,0,False
R008755,P0292,85.0,11345,27.9,141.0,3.9,7.44,7,6,False,,0,False
R008756,P0292,83.5,11599,14.9,240.4,3.03,8.47,5,4,False,,0,False
R008757,P0292,88.1,11249,15.5,197.8,4.81,2.69,8,5,False,,0,True
R008758,P0292,81.7,8476,27.7,240.1,2.75,2.55,6,5,False,,0,False
R008759,P0292,84.0,7490,33.5,516.6,3.05,6.67,4,3,False,,0,True
R008760,P0292,93.0,8749,23.5,225.2,3.46,7.33,6,6,False,,0,False
R008761,P0293,49.4,3641,6.4,270.3,7.03,8.89,6,5,False,,0,True
R008762,P0293,5.7,2613,0.0,203.3,4.25,7.55,6,5,False,,0,True
R008763,P0293,19.1,207,4.7,320.1,3.81,8.8,4,3,False,,0,False
R008764,P0293,40.4,4025,13.6,200.3,3.89,8.1,4,3,False,,0,False
R008765,P0293,53.3,7669,18.0,193.4,3.54,7.07,4,4,False,,0,False
R008766,P0293,34.7,2041,8.6,196.1,4.16,2.82,6,5,False,,0,False
R008767,P0293,43.4,4828,11.4,122.7,3.41,2.74,4,5,False,,0,False
R008768,P0293,56.4,5978,20.7,240.3,3.72,9.26,5,3,False,,0,False
R008769,P0293,14.1,1865,7.6,147.9,4.02,7.46,5,4,True,14:42,82,False
R008770,P0293,27.5,3036,0.6,325.8,1.85,6.24,6,5,False,,0,False
R008771,P0293,65.2,8276,19.9,249.1,4.32,7.09,5,5,False,,0,False
R008772,P0293,15.3,3099,0.0,188.8,3.07,7.94,3,4,False,,0,False
R008773,P0293,84.9,7490,41.2,193.9,1.16,3.99,1,4,False,,0,False
R008774,P0293,35.8,5069,7.9,239.4,2.64,1.47,5,3,False,,0,False
R008775,P0293,83.0,9385,8.2,266.9,3.54,7.22,5,4,False,,0,False
R008776,P0293,68.7,5277,29.6,332.6,2.9,7.62,3,4,False,,0,False
R008777,P0293,64.0,7181,2.1,291.2,3.39,7.74,3,5,False,,0,False
R008778,P0293,52.4,5271,10.7,289.6,3.27,7.65,5,7,False,,0,False
R008779,P0293,40.6,3275,6.4,198.1,2.22,8.49,5,3,False,,0,False
R008780,P0293,49.6,3899,23.3,200.0,2.29,3.28,4,7,False,,0,False
R008781,P0293,71.0,8122,20.4,201.8,4.82,2.7,3,3,False,,0,False
R008782,P0293,48.5,5617,7.5,252.3,4.01,7.46,4,3,False,,0,False
R008783,P0293,49.9,5763,5.3,236.3,3.71,8.4,5,5,False,,0,False
R008784,P0293,86.3,10800,14.1,270.6,3.26,8.42,3,5,False,,0,False
R008785,P0293,55.2,5850,3.2,163.9,0.33,7.81,5,3,False,,0,False
R008786,P0293,77.4,6541,12.3,245.3,1.66,8.37,5,5,False,,0,False
R008787,P0293,52.4,7516,16.9,223.5,3.74,1.78,5,5,True,15:13,10,False
R008788,P0293,84.1,9476,20.7,273.7,4.01,2.54,2,5,False,,0,False
R008789,P0293,59.3,8241,23.8,213.5,3.12,7.58,5,4,True,14:10,28,False
R008790,P0293,21.9,2668,9.8,280.3,3.73,8.27,5,6,True,17:07,79,False
R008791,P0294,81.5,7782,30.3,155.6,5.94,6.22,5,6,True,21:32,32,True
R008792,P0294,77.1,7957,19.5,140.1,5.79,7.26,6,3,False,,0,False
R008793,P0294,112.5,13727,31.3,176.0,6.1,7.37,7,3,False,,0,False
R008794,P0294,89.1,9041,34.7,175.5,5.92,6.55,4,4,False,,0,False
R008795,P0294,70.5,9099,8.7,202.0,5.5,6.69,4,3,False,,0,False
R008796,P0294,78.6,10380,29.4,222.0,5.26,2.3,5,5,False,,0,False
R008797,P0294,50.9,6873,23.3,195.7,6.47,2.73,6,4,True,21:01,54,False
R008798,P0294,102.8,14448,43.3,247.7,5.74,9.07,7,5,False,,0,False
R008799,P0294,93.7,12508,39.2,276.3,4.9,7.15,7,5,True,20:18,46,False
R008800,P0294,74.7,8033,9.9,183.0,5.12,10.22,4,2,False,,0,False
R008801,P0294,64.9,5863,30.0,204.6,6.74,7.29,5,2,False,,0,False
R008802,P0294,84.0,8975,17.6,281.7,4.58,8.56,4,5,True,20:42,58,False
R008803,P0294,94.9,10698,17.5,179.9,6.9,3.81,5,5,False,,0,False
R008804,P0294,109.7,9442,51.0,232.6,4.82,2.66,5,3,False,,0,False
R008805,P0294,74.0,7730,27.6,127.6,4.59,7.53,3,3,False,,0,False
R008806,P0294,86.9,9532,17.3,244.1,7.36,7.24,4,3,False,,0,False
R008807,P0294,105.3,11537,50.8,276.9,3.83,8.09,5,4,True,19:45,59,False
R008808,P0294,81.4,10336,18.8,184.6,4.65,7.64,5,4,False,,0,False
R008809,P0294,87.2,8804,20.4,283.4,6.72,8.33,6,4,False,,0,False
R008810,P0294,98.5,7777,33.5,199.1,4.81,2.47,4,2,False,,0,False
R008811,P0294,107.8,12297,9.5,180.8,3.45,1.35,5,5,True,19:07,72,False
R008812,P0294,82.1,10017,33.9,213.9,6.99,8.28,3,4,False,,0,False
R008813,P0294,112.8,11551,30.3,154.3,6.28,8.46,6,5,False,,0,False
R008814,P0294,122.0,12279,58.4,173.7,6.17,8.33,4,4,False,,0,False
R008815,P0294,108.3,10551,24.1,186.9,6.01,7.98,5,4,False,,0,False
R008816,P0294,17.2,1642,0.0,213.0,3.37,8.16,4,2,True,19:54,88,True
R008817,P0294,68.5,6311,16.5,144.0,6.67,2.34,6,5,False,,0,False
R008818,P0294,82.5,12065,43.6,155.9,4.43,3.08,6,3,True,19:24,55,False
R008819,P0294,90.0,10382,34.0,185.6,7.32,8.75,6,5,True,20:44,26,False
R008820,P0294,89.3,9023,18.5,158.8,5.92,7.65,5,5,False,,0,False
R008821,P0295,54.2,3502,22.4,30.8,2.6,7.88,8,7,False,,0,False
R008822,P0295,73.7,6894,23.9,10.6,5.58,6.97,6,4,False,,0,False
R008823,P0295,71.3,9196,25.5,80.4,4.97,6.46,7,8,True,20:21,66,False
R008824,P0295,57.3,4927,6.1,80.3,5.02,6.58,8,4,True,20:51,70,False
R008825,P0295,54.6,6124,17.7,0.0,3.94,8.41,8,6,False,,0,False
R008826,P0295,79.6,8012,28.7,32.2,3.57,1.18,7,7,True,19:17,82,False
R008827,P0295,69.4,6747,27.5,19.9,3.11,2.51,8,6,True,21:25,51,False
R008828,P0295,41.4,5277,18.2,33.8,5.47,7.08,6,4,True,20:06,39,False
R008829,P0295,54.6,6619,5.0,6.1,5.47,5.95,5,5,True,20:30,33,False
R008830,P0295,64.9,8194,33.6,31.5,5.54,4.96,5,3,False,,0,True
R008831,P0295,71.4,8012,15.7,103.0,4.07,5.98,8,5,False,,0,False
R008832,P0295,3.8,1439,9.5,75.2,4.72,8.6,7,4,False,,0,False
R008833,P0295,85.4,9020,28.5,0.0,5.08,3.19,5,4,False,,0,False
R008834,P0295,46.6,4354,9.6,109.4,3.86,1.84,6,6,False,,0,False
R008835,P0295,88.4,8761,47.2,9.1,5.0,7.12,8,6,False,,0,False
R008836,P0295,94.4,10356,19.5,6.5,4.22,7.58,7,7,False,,0,False
R008837,P0295,60.3,7233,24.9,0.0,5.11,5.7,8,5,False,,0,False
R008838,P0295,77.3,6977,24.9,0.0,4.6,6.84,8,5,True,19:56,10,False
R008839,P0295,79.0,8358,19.4,15.3,2.27,6.56,7,5,False,,0,False
R008840,P0295,72.0,7312,21.0,0.0,5.03,2.88,7,6,False,,0,False
R008841,P0295,97.0,9980,20.2,25.1,4.13,2.96,8,4,True,20:36,22,False
R008842,P0295,82.4,9454,18.6,32.7,4.47,6.12,7,6,False,,0,False
R008843,P0295,66.4,7736,18.1,41.5,4.95,7.61,8,3,True,19:38,24,False
R008844,P0295,88.3,7538,35.8,84.9,2.94,7.67,8,7,False,,0,False
R008845,P0295,76.1,7447,9.6,48.6,3.83,4.39,7,4,False,,0,False
R008846,P0295,35.3,4412,12.2,11.3,3.83,7.75,8,5,True,20:04,100,False
R008847,P0295,57.7,5927,10.4,93.3,5.0,1.64,7,5,False,,0,False
R008848,P0295,120.2,14592,39.0,9.6,4.41,2.02,9,4,False,,0,False
R008849,P0295,49.2,5391,10.4,67.3,4.78,6.87,7,5,True,19:00,58,False
R008850,P0295,82.4,8697,33.6,54.3,4.87,9.13,9,6,False,,0,False
R008851,P0296,53.2,5221,3.8,4.2,4.16,5.34,5,6,True,14:52,38,False
R008852,P0296,44.0,5098,5.6,0.0,4.3,5.52,7,6,False,,0,False
R008853,P0296,73.2,8424,21.6,0.0,4.8,5.5,7,5,True,14:08,87,False
R008854,P0296,56.8,5635,15.4,59.5,5.0,6.47,7,7,True,14:28,69,True
R008855,P0296,63.2,8670,24.3,9.6,5.45,5.79,9,6,False,,0,True
R008856,P0296,50.6,6438,14.5,12.0,6.95,1.58,2,5,False,,0,True
R008857,P0296,57.0,6663,12.5,20.4,4.38,0.56,5,6,False,,0,False
R008858,P0296,49.4,5142,22.8,0.0,5.75,6.15,5,5,False,,0,False
R008859,P0296,83.5,10307,13.9,0.0,5.54,7.59,5,5,False,,0,False
R008860,P0296,55.5,4993,12.3,0.0,3.39,6.48,3,3,True,16:43,50,True
R008861,P0296,80.6,9057,25.7,118.4,4.28,4.78,3,4,False,,0,False
R008862,P0296,76.5,7280,14.9,13.1,6.39,5.21,7,5,False,,0,False
R008863,P0296,30.1,2439,0.8,0.0,3.44,2.53,4,4,True,15:07,24,True
R008864,P0296,81.6,8878,29.3,23.6,4.79,1.13,7,6,False,,0,True
R008865,P0296,46.6,2740,10.9,10.8,4.58,5.62,3,3,False,,0,False
R008866,P0296,50.4,5971,17.7,0.0,5.63,5.75,5,4,True,16:20,37,False
R008867,P0296,67.8,7594,25.5,45.5,4.32,5.3,5,5,False,,0,False
R008868,P0296,76.5,9871,25.7,96.6,6.11,6.52,5,4,True,16:48,72,False
R008869,P0296,60.3,5977,16.9,77.8,3.98,6.8,7,7,False,,0,False
R008870,P0296,47.5,5216,15.9,3.8,4.82,1.47,6,5,True,15:03,77,False
R008871,P0296,101.3,12663,20.9,101.9,5.25,2.61,10,3,False,,0,True
R008872,P0296,44.6,3630,30.8,85.7,5.34,5.81,5,4,True,16:29,92,True
R008873,P0296,18.4,891,0.0,92.4,5.86,5.26,5,8,False,,0,False
R008874,P0296,57.5,6212,24.4,0.0,5.52,5.61,6,4,False,,0,False
R008875,P0296,77.8,9754,29.5,0.0,4.89,7.03,5,4,True,17:32,26,False
R008876,P0296,85.2,8985,14.0,0.0,5.24,6.82,4,5,True,16:26,16,False
R008877,P0296,62.2,8469,27.5,116.5,6.56,1.63,4,3,False,,0,False
R008878,P0296,59.0,8029,17.3,36.8,5.11,3.12,5,6,True,16:45,76,False
R008879,P0296,49.2,5780,17.9,58.5,4.85,5.5,4,4,False,,0,True
R008880,P0296,70.3,7689,4.8,58.3,9.39,7.26,7,10,True,17:37,60,True
R008881,P0297,24.3,2282,2.7,265.2,2.75,8.32,5,3,False,,0,False
R008882,P0297,27.4,3066,10.6,222.1,2.84,7.64,5,3,True,15:59,22,True
R008883,P0297,38.4,3438,8.8,240.9,4.28,7.23,3,5,False,,0,False
R008884,P0297,0.0,0,8.5,199.1,4.09,8.24,5,4,False,,0,True
R008885,P0297,3.3,1656,6.0,312.3,3.19,8.01,6,6,False,,0,False
R008886,P0297,12.8,814,0.0,249.2,2.25,2.61,6,4,False,,0,False
R008887,P0297,16.7,3310,6.6,286.3,1.16,3.76,4,2,True,13:28,60,False
R008888,P0297,36.2,3768,16.3,240.0,3.46,8.82,5,5,False,,0,False
R008889,P0297,9.3,155,8.2,251.5,3.68,8.78,3,6,False,,0,False
R008890,P0297,44.2,3329,22.6,316.1,1.24,9.34,10,8,True,14:24,79,True
R008891,P0297,51.4,6656,6.9,217.7,1.93,7.55,6,6,False,,0,False
R008892,P0297,16.0,287,1.9,251.3,3.3,8.62,4,5,False,,0,False
R008893,P0297,10.1,2334,9.8,266.7,2.12,1.73,6,6,False,,0,False
R008894,P0297,45.7,4182,16.0,318.2,3.28,2.41,5,4,False,,0,False
R008895,P0297,0.0,0,9.5,367.1,2.63,7.54,4,5,True,17:50,60,True
R008896,P0297,47.5,5866,29.2,162.4,1.67,7.48,3,1,False,,0,False
R008897,P0297,21.0,1219,7.8,175.7,4.13,7.56,5,4,True,17:25,22,False
R008898,P0297,0.0,0,3.6,145.8,7.24,9.6,5,8,True,17:32,52,True
R008899,P0297,0.0,0,0.0,202.4,2.47,7.14,7,5,False,,0,False
R008900,P0297,0.0,0,0.0,217.3,1.14,3.6,4,5,False,,0,False
R008901,P0297,0.0,0,8.8,228.2,2.53,4.01,3,4,False,,0,False
R008902,P0297,18.4,2174,3.6,217.5,5.98,7.32,5,3,False,,0,True
R008903,P0297,32.7,4190,5.1,152.0,2.82,8.13,4,4,False,,0,False
R008904,P0297,0.4,674,6.1,139.5,3.14,8.51,6,5,False,,0,False
R008905,P0297,15.3,1563,2.4,260.1,2.44,8.79,6,6,False,,0,False
R008906,P0297,0.0,0,0.0,227.3,1.6,7.75,9,6,False,,0,True
R008907,P0297,18.4,1101,0.4,301.4,2.42,3.1,5,6,False,,0,False
R008908,P0297,21.1,1480,5.2,271.6,2.04,1.79,5,4,False,,0,False
R008909,P0297,15.4,1934,5.7,243.1,3.6,6.37,5,4,False,,0,False
R008910,P0297,0.0,494,0.0,257.8,0.89,8.02,5,5,False,,0,False
R008911,P0298,28.6,2939,7.6,125.7,5.18,7.98,2,5,False,,0,False
R008912,P0298,40.0,5381,13.1,189.2,5.31,8.18,5,3,True,16:24,27,False
R008913,P0298,47.1,4724,20.3,169.7,6.16,8.87,4,6,False,,0,False
R008914,P0298,23.0,3147,0.0,182.2,6.35,7.77,3,1,False,,0,False
R008915,P0298,15.4,1498,5.5,139.5,5.52,7.05,5,6,False,,0,False
R008916,P0298,11.8,3241,4.9,272.2,5.51,3.46,3,4,True,17:27,42,False
R008917,P0298,45.3,5158,6.0,116.9,5.51,3.2,3,3,False,,0,False
R008918,P0298,44.3,4556,9.6,213.8,6.16,7.36,5,5,False,,0,False
R008919,P0298,54.3,7607,14.2,96.1,5.97,8.18,4,6,False,,0,False
R008920,P0298,51.9,6298,27.4,123.1,5.49,8.08,5,3,False,,0,False
R008921,P0298,23.1,2626,13.1,90.9,5.61,9.44,3,6,False,,0,False
R008922,P0298,91.4,10809,25.6,148.3,5.94,7.22,4,4,False,,0,False
R008923,P0298,19.7,2884,16.7,141.4,5.15,3.14,4,4,False,,0,False
R008924,P0298,24.3,2303,11.1,202.2,6.91,3.36,3,4,False,,0,False
R008925,P0298,23.4,3533,16.4,187.1,7.24,6.7,6,6,False,,0,False
R008926,P0298,36.3,2774,14.6,120.3,5.84,7.64,5,6,False,,0,False
R008927,P0298,41.5,5066,6.1,237.6,5.41,6.58,4,4,False,,0,False
R008928,P0298,49.5,5045,9.0,132.3,3.53,7.65,5,6,False,,0,False
R008929,P0298,25.9,3172,16.6,303.9,4.79,9.14,2,5,True,14:28,88,True
R008930,P0298,49.8,5235,10.3,247.4,5.75,2.74,7,5,False,,0,False
R008931,P0298,32.1,2952,6.5,250.5,7.54,2.97,2,4,True,14:27,37,False
R008932,P0298,34.0,3263,9.7,93.5,5.73,7.24,3,6,False,,0,False
R008933,P0298,28.4,4622,9.2,132.0,5.53,9.44,9,6,True,15:24,63,True
R008934,P0298,42.3,4201,8.3,146.6,4.27,8.07,6,6,False,,0,False
R008935,P0298,27.2,1727,4.0,148.6,5.78,6.49,4,3,False,,0,False
R008936,P0298,59.1,6082,18.6,102.4,5.75,7.25,5,5,False,,0,False
R008937,P0298,71.4,7950,15.9,206.2,6.24,1.69,3,3,False,,0,False
R008938,P0298,69.3,6555,28.1,62.9,5.98,3.99,6,4,False,,0,False
R008939,P0298,60.7,6964,12.9,191.0,5.35,9.05,4,6,False,,0,False
R008940,P0298,39.4,3664,5.3,155.1,8.04,9.5,5,6,False,,0,True
R008941,P0299,23.3,2230,6.1,31.2,6.06,6.2,5,5,False,,0,True
R008942,P0299,75.1,7114,16.3,61.7,9.13,6.89,4,1,False,,0,False
R008943,P0299,59.3,6458,10.3,0.0,8.28,7.3,3,4,False,,0,False
R008944,P0299,38.9,3893,13.5,0.0,6.65,8.53,5,4,False,,0,False
R008945,P0299,56.7,5050,14.3,26.7,7.49,6.27,4,5,True,16:47,37,False
R008946,P0299,53.8,6304,14.0,0.0,8.34,3.35,4,5,True,14:11,12,False
R008947,P0299,18.4,2777,5.2,36.8,6.17,2.06,4,5,False,,0,False
R008948,P0299,41.7,6453,16.9,59.8,7.12,6.24,6,4,False,,0,False
R008949,P0299,100.1,9255,18.5,3.6,5.72,6.22,5,5,True,15:43,61,False
R008950,P0299,21.9,1533,8.1,12.6,6.28,6.41,4,5,False,,0,False
R008951,P0299,69.3,6961,20.2,32.2,5.18,7.35,4,2,False,,0,False
R008952,P0299,71.2,6589,10.8,23.8,7.95,6.23,3,5,False,,0,False
R008953,P0299,64.6,9132,21.2,0.0,7.82,1.43,5,5,False,,0,False
R008954,P0299,54.1,5677,19.0,0.0,7.33,2.42,4,6,False,,0,False
R008955,P0299,68.9,6887,19.7,0.0,7.7,7.34,5,5,True,17:13,25,False
R008956,P0299,43.8,5519,9.7,0.0,7.92,7.17,4,5,False,,0,False
R008957,P0299,49.5,5516,13.9,0.0,6.95,6.03,6,4,False,,0,False
R008958,P0299,48.6,5828,20.9,35.7,6.08,7.87,4,6,False,,0,False
R008959,P0299,46.6,6636,11.4,0.0,5.88,7.31,6,2,True,13:33,43,False
R008960,P0299,59.9,8122,22.2,68.8,8.99,2.91,3,5,False,,0,False
R008961,P0299,61.5,6565,1.5,8.2,6.37,1.65,6,5,False,,0,False
R008962,P0299,79.3,8275,13.6,68.4,7.7,6.93,4,4,False,,0,False
R008963,P0299,23.1,3074,6.6,24.7,6.69,5.89,2,4,False,,0,False
R008964,P0299,58.1,5418,26.2,6.1,8.85,6.0,3,5,True,13:23,74,False
R008965,P0299,77.7,8035,25.6,21.9,7.69,7.32,4,2,True,16:46,69,False
R008966,P0299,89.5,9420,38.5,0.0,9.05,5.73,3,4,False,,0,False
R008967,P0299,59.4,6124,8.6,62.8,6.59,2.31,4,5,True,16:04,75,False
R008968,P0299,68.1,7401,23.9,49.4,8.39,3.7,4,5,False,,0,False
R008969,P0299,29.5,1860,7.6,56.9,8.19,6.91,4,2,True,14:19,99,False
R008970,P0299,51.6,4773,10.0,11.2,8.23,6.48,6,7,False,,0,False
R008971,P0300,68.7,6580,14.3,168.9,2.49,8.58,8,6,False,,0,False
R008972,P0300,31.6,2705,5.1,125.3,2.69,6.88,5,6,False,,0,False
R008973,P0300,39.5,4082,13.4,128.4,3.88,7.54,6,4,False,,0,False
R008974,P0300,32.7,3350,13.5,192.9,3.07,5.52,6,4,False,,0,False
R008975,P0300,18.3,1888,11.7,266.8,2.3,9.04,7,5,True,17:34,23,True
R008976,P0300,42.4,2941,18.4,219.3,1.72,3.48,7,5,False,,0,False
R008977,P0300,35.6,5235,13.4,224.9,2.16,2.74,10,5,False,,0,True
R008978,P0300,30.2,2746,9.9,119.1,2.0,8.3,7,7,False,,0,False
R008979,P0300,35.2,3814,5.2,175.5,3.28,6.88,4,5,False,,0,False
R008980,P0300,46.6,4747,15.7,117.2,3.78,8.42,5,2,False,,0,False
R008981,P0300,31.3,3234,9.5,113.2,3.21,7.32,5,3,False,,0,False
R008982,P0300,56.0,6909,14.7,240.2,4.01,7.65,4,3,False,,0,False
R008983,P0300,24.7,3561,3.8,181.1,2.88,2.27,6,6,False,,0,False
R008984,P0300,4.8,588,5.1,194.8,3.13,1.72,7,5,False,,0,False
R008985,P0300,37.9,4784,17.9,190.8,3.75,6.59,4,5,False,,0,False
R008986,P0300,58.6,7748,20.8,174.6,2.11,7.44,6,6,False,,0,False
R008987,P0300,59.6,7264,11.4,127.2,3.47,8.42,6,2,False,,0,False
R008988,P0300,54.5,6137,23.5,149.2,2.24,7.2,6,7,False,,0,False
R008989,P0300,6.3,317,10.1,202.5,2.74,7.23,7,5,True,17:11,28,False
R008990,P0300,12.9,1261,3.1,190.2,4.6,2.05,6,4,False,,0,False
R008991,P0300,24.1,2657,11.1,150.3,3.87,2.02,6,4,True,13:43,65,False
R008992,P0300,52.6,5378,1.8,176.2,3.24,6.98,6,5,False,,0,False
R008993,P0300,15.7,1460,0.0,97.6,2.74,6.05,6,5,False,,0,False
R008994,P0300,26.7,1225,6.2,63.1,1.82,7.13,4,5,False,,0,False
R008995,P0300,5.9,0,0.0,183.0,2.85,6.62,5,4,False,,0,False
R008996,P0300,39.5,4529,10.3,184.6,3.14,7.68,7,3,True,16:44,40,True
R008997,P0300,16.5,1393,0.0,95.7,2.72,1.95,7,4,False,,0,False
R008998,P0300,38.4,3890,22.6,124.4,2.21,1.58,6,4,False,,0,False
R008999,P0300,75.8,10429,15.8,249.7,4.48,8.22,6,6,False,,0,False
R009000,P0300,1.1,0,10.4,152.3,2.81,6.72,6,4,False,,0,True
