Env_ID,Location_ID,Date,Temperature_C,Humidity_Percent,Daylight_Hours,Season,Air_Quality_Index,Environmental_Noise_dB
EN000001,L0001,2026-01-05,11.4,61.8,10.25,Winter,80.5,62.7
EN000002,L0001,2026-01-06,7.4,60.2,10.26,Winter,71.8,56.4
EN000003,L0001,2026-01-07,10.8,62.9,10.27,Winter,82.3,61.9
EN000004,L0001,2026-01-08,10.9,74.8,10.28,Winter,76.5,53.7
EN000005,L0001,2026-01-09,11.5,62.2,10.29,Winter,82.3,57.8
EN000006,L0001,2026-01-10,10.4,63.9,10.3,Winter,87.1,57.2
EN000007,L0001,2026-01-11,10.0,65.9,10.31,Winter,77.5,59.8
EN000008,L0001,2026-01-12,11.5,70.6,10.32,Winter,100.0,56.0
EN000009,L0001,2026-01-13,9.8,63.1,10.34,Winter,78.6,63.6
EN000010,L0001,2026-01-14,10.5,63.0,10.35,Winter,58.5,61.3
EN000011,L0001,2026-01-15,12.1,71.3,10.37,Winter,60.7,59.2
EN000012,L0001,2026-01-16,10.9,69.3,10.38,Winter,82.2,59.1
EN000013,L0001,2026-01-17,11.9,68.4,10.4,Winter,74.0,61.2
EN000014,L0001,2026-01-18,8.1,66.1,10.41,Winter,63.4,54.8
EN000015,L0001,2026-01-19,10.2,77.0,10.43,Winter,57.9,62.8
EN000016,L0001,2026-01-20,7.7,66.0,10.44,Winter,72.3,60.9
EN000017,L0001,2026-01-21,12.0,72.8,10.46,Winter,65.1,55.7
EN000018,L0001,2026-01-22,12.3,66.9,10.48,Winter,52.1,52.3
EN000019,L0001,2026-01-23,9.1,71.0,10.5,Winter,72.0,61.5
EN000020,L0001,2026-01-24,10.0,69.0,10.52,Winter,78.8,56.5
EN000021,L0001,2026-01-25,11.6,64.0,10.54,Winter,64.9,56.1
EN000022,L0001,2026-01-26,8.6,70.9,10.55,Winter,63.4,58.1
EN000023,L0001,2026-01-27,11.7,70.7,10.57,Winter,79.3,57.5
EN000024,L0001,2026-01-28,10.1,67.5,10.59,Winter,46.4,50.8
EN000025,L0001,2026-01-29,8.5,62.0,10.61,Winter,75.6,53.5
EN000026,L0001,2026-01-30,10.2,75.8,10.64,Winter,65.0,61.7
EN000027,L0001,2026-01-31,9.2,66.8,10.66,Winter,56.7,56.3
EN000028,L0001,2026-02-01,12.5,57.6,10.68,Winter,76.1,59.2
EN000029,L0001,2026-02-02,9.9,59.3,10.7,Winter,71.0,55.4
EN000030,L0001,2026-02-03,11.4,68.1,10.72,Winter,92.4,56.8
EN000031,L0002,2026-01-05,23.2,76.1,10.89,Winter,88.1,64.8
EN000032,L0002,2026-01-06,26.5,77.1,10.9,Winter,105.5,52.1
EN000033,L0002,2026-01-07,23.9,69.4,10.91,Winter,79.5,51.1
EN000034,L0002,2026-01-08,26.2,73.7,10.91,Winter,64.4,52.9
EN000035,L0002,2026-01-09,25.6,80.0,10.92,Winter,113.0,72.6
EN000036,L0002,2026-01-10,25.8,69.1,10.93,Winter,55.2,59.3
EN000037,L0002,2026-01-11,23.5,72.5,10.94,Winter,76.4,57.3
EN000038,L0002,2026-01-12,26.9,75.9,10.94,Winter,82.8,52.8
EN000039,L0002,2026-01-13,22.0,72.1,10.95,Winter,84.2,66.8
EN000040,L0002,2026-01-14,25.2,80.9,10.96,Winter,78.0,52.1
EN000041,L0002,2026-01-15,23.3,70.6,10.97,Winter,114.8,53.9
EN000042,L0002,2026-01-16,26.5,69.6,10.98,Winter,98.0,59.9
EN000043,L0002,2026-01-17,24.7,74.8,10.99,Winter,75.8,60.2
EN000044,L0002,2026-01-18,24.2,67.6,11.0,Winter,67.1,58.9
EN000045,L0002,2026-01-19,27.8,76.0,11.01,Winter,83.3,59.4
EN000046,L0002,2026-01-20,27.4,76.3,11.02,Winter,79.2,63.5
EN000047,L0002,2026-01-21,25.8,84.2,11.03,Winter,87.6,51.9
EN000048,L0002,2026-01-22,22.5,84.9,11.04,Winter,109.1,57.1
EN000049,L0002,2026-01-23,24.3,83.8,11.05,Winter,69.5,53.5
EN000050,L0002,2026-01-24,26.2,72.6,11.06,Winter,84.9,57.2
EN000051,L0002,2026-01-25,25.6,83.4,11.07,Winter,86.3,61.2
EN000052,L0002,2026-01-26,21.3,74.7,11.09,Winter,73.2,51.9
EN000053,L0002,2026-01-27,23.4,73.0,11.1,Winter,97.8,51.4
EN000054,L0002,2026-01-28,25.1,72.1,11.11,Winter,80.4,63.0
EN000055,L0002,2026-01-29,26.0,83.0,11.12,Winter,82.8,54.5
EN000056,L0002,2026-01-30,24.6,76.5,11.14,Winter,87.5,52.6
EN000057,L0002,2026-01-31,25.2,76.4,11.15,Winter,120.2,67.4
EN000058,L0002,2026-02-01,23.5,73.3,11.16,Winter,64.5,55.0
EN000059,L0002,2026-02-02,25.6,82.2,11.18,Winter,74.8,54.7
EN000060,L0002,2026-02-03,21.2,74.0,11.19,Winter,70.1,55.4
EN000061,L0003,2026-01-05,-1.7,64.4,9.68,Winter,33.4,50.7
EN000062,L0003,2026-01-06,3.7,57.3,9.69,Winter,42.6,67.2
EN000063,L0003,2026-01-07,5.0,58.0,9.7,Winter,52.8,59.7
EN000064,L0003,2026-01-08,2.9,59.1,9.72,Winter,54.6,61.9
EN000065,L0003,2026-01-09,0.5,62.7,9.73,Winter,56.1,51.1
EN000066,L0003,2026-01-10,-0.7,63.4,9.75,Winter,61.3,55.2
EN000067,L0003,2026-01-11,0.6,71.1,9.76,Winter,60.2,59.8
EN000068,L0003,2026-01-12,-0.2,65.0,9.78,Winter,47.9,59.6
EN000069,L0003,2026-01-13,-0.5,77.6,9.8,Winter,80.0,59.9
EN000070,L0003,2026-01-14,-1.7,58.3,9.82,Winter,74.7,59.3
EN000071,L0003,2026-01-15,0.5,54.5,9.84,Winter,71.0,60.3
EN000072,L0003,2026-01-16,-2.3,62.2,9.86,Winter,61.7,58.3
EN000073,L0003,2026-01-17,-0.9,64.4,9.88,Winter,54.5,58.8
EN000074,L0003,2026-01-18,2.3,49.6,9.9,Winter,54.7,58.9
EN000075,L0003,2026-01-19,0.2,62.8,9.92,Winter,33.4,59.6
EN000076,L0003,2026-01-20,2.8,55.8,9.94,Winter,70.1,56.4
EN000077,L0003,2026-01-21,-0.4,58.7,9.97,Winter,53.3,64.5
EN000078,L0003,2026-01-22,0.7,75.4,9.99,Winter,74.5,60.2
EN000079,L0003,2026-01-23,2.8,67.6,10.01,Winter,69.6,56.5
EN000080,L0003,2026-01-24,-0.2,60.8,10.04,Winter,71.9,52.1
EN000081,L0003,2026-01-25,1.1,63.9,10.06,Winter,74.4,61.8
EN000082,L0003,2026-01-26,3.0,69.4,10.09,Winter,36.0,57.7
EN000083,L0003,2026-01-27,-2.3,61.9,10.12,Winter,79.2,61.2
EN000084,L0003,2026-01-28,-1.4,58.9,10.14,Winter,58.5,51.9
EN000085,L0003,2026-01-29,-1.4,66.9,10.17,Winter,74.2,61.0
EN000086,L0003,2026-01-30,-4.2,66.8,10.2,Winter,59.0,60.1
EN000087,L0003,2026-01-31,2.8,52.6,10.23,Winter,49.7,61.0
EN000088,L0003,2026-02-01,-2.9,73.9,10.25,Winter,63.2,62.2
EN000089,L0003,2026-02-02,-1.0,69.9,10.28,Winter,73.0,59.2
EN000090,L0003,2026-02-03,0.5,66.6,10.31,Winter,45.9,57.3
EN000091,L0004,2026-01-05,-0.2,67.3,9.76,Winter,72.0,52.7
EN000092,L0004,2026-01-06,-0.2,73.9,9.77,Winter,47.6,53.9
EN000093,L0004,2026-01-07,0.3,70.1,9.79,Winter,58.2,64.6
EN000094,L0004,2026-01-08,1.5,70.1,9.8,Winter,65.8,69.6
EN000095,L0004,2026-01-09,-0.5,53.0,9.82,Winter,80.5,55.7
EN000096,L0004,2026-01-10,0.1,72.9,9.83,Winter,35.6,51.7
EN000097,L0004,2026-01-11,-3.0,60.2,9.85,Winter,64.2,60.6
EN000098,L0004,2026-01-12,0.3,56.5,9.86,Winter,25.7,58.3
EN000099,L0004,2026-01-13,-1.0,67.8,9.88,Winter,67.8,58.7
EN000100,L0004,2026-01-14,1.2,66.4,9.9,Winter,65.4,54.5
EN000101,L0004,2026-01-15,-0.5,66.2,9.92,Winter,69.5,56.0
EN000102,L0004,2026-01-16,0.7,63.4,9.94,Winter,56.4,62.1
EN000103,L0004,2026-01-17,-3.8,57.2,9.96,Winter,37.2,46.3
EN000104,L0004,2026-01-18,-1.4,69.5,9.98,Winter,54.0,59.0
EN000105,L0004,2026-01-19,1.8,73.0,10.0,Winter,57.0,64.8
EN000106,L0004,2026-01-20,-0.0,60.0,10.02,Winter,49.7,50.6
EN000107,L0004,2026-01-21,-1.8,62.9,10.04,Winter,69.3,66.6
EN000108,L0004,2026-01-22,-2.7,67.4,10.06,Winter,43.4,60.4
EN000109,L0004,2026-01-23,-0.4,54.0,10.09,Winter,71.0,55.0
EN000110,L0004,2026-01-24,-1.1,58.6,10.11,Winter,48.8,60.1
EN000111,L0004,2026-01-25,-0.5,67.0,10.13,Winter,63.1,64.6
EN000112,L0004,2026-01-26,-0.7,56.1,10.16,Winter,72.9,56.3
EN000113,L0004,2026-01-27,1.9,67.3,10.18,Winter,56.2,59.7
EN000114,L0004,2026-01-28,3.5,77.5,10.21,Winter,59.0,58.8
EN000115,L0004,2026-01-29,1.9,59.9,10.24,Winter,62.7,57.9
EN000116,L0004,2026-01-30,0.6,60.0,10.26,Winter,35.7,47.6
EN000117,L0004,2026-01-31,-1.9,62.2,10.29,Winter,53.9,67.7
EN000118,L0004,2026-02-01,2.1,59.2,10.32,Winter,62.9,56.0
EN000119,L0004,2026-02-02,-0.4,66.1,10.35,Winter,66.7,56.3
EN000120,L0004,2026-02-03,2.1,58.1,10.37,Winter,58.1,71.0
EN000121,L0005,2026-01-05,-0.0,73.6,9.51,Winter,59.3,60.9
EN000122,L0005,2026-01-06,-0.5,64.0,9.52,Winter,47.1,60.2
EN000123,L0005,2026-01-07,-2.0,69.0,9.53,Winter,73.2,59.8
EN000124,L0005,2026-01-08,-1.0,67.7,9.55,Winter,53.7,62.7
EN000125,L0005,2026-01-09,-3.8,63.0,9.57,Winter,30.1,50.5
EN000126,L0005,2026-01-10,1.9,70.4,9.58,Winter,47.9,50.5
EN000127,L0005,2026-01-11,-5.9,61.7,9.6,Winter,91.9,60.2
EN000128,L0005,2026-01-12,-1.6,67.8,9.62,Winter,36.1,56.5
EN000129,L0005,2026-01-13,-0.4,64.5,9.64,Winter,69.1,59.7
EN000130,L0005,2026-01-14,0.6,60.9,9.66,Winter,70.6,66.1
EN000131,L0005,2026-01-15,-2.4,59.7,9.68,Winter,76.7,57.0
EN000132,L0005,2026-01-16,1.9,62.3,9.7,Winter,78.4,58.7
EN000133,L0005,2026-01-17,-0.2,74.4,9.72,Winter,52.9,53.3
EN000134,L0005,2026-01-18,-1.4,67.7,9.74,Winter,36.1,61.2
EN000135,L0005,2026-01-19,-1.6,71.9,9.77,Winter,24.5,54.1
EN000136,L0005,2026-01-20,-3.7,60.0,9.79,Winter,61.5,57.1
EN000137,L0005,2026-01-21,-1.1,64.0,9.82,Winter,60.8,53.0
EN000138,L0005,2026-01-22,0.7,69.0,9.84,Winter,63.4,60.8
EN000139,L0005,2026-01-23,-0.1,77.2,9.87,Winter,56.8,56.5
EN000140,L0005,2026-01-24,-1.9,58.8,9.89,Winter,40.6,53.6
EN000141,L0005,2026-01-25,-0.7,67.0,9.92,Winter,58.7,54.2
EN000142,L0005,2026-01-26,1.1,69.4,9.95,Winter,55.8,54.7
EN000143,L0005,2026-01-27,0.5,66.1,9.98,Winter,37.7,57.7
EN000144,L0005,2026-01-28,-0.0,59.6,10.01,Winter,60.7,50.7
EN000145,L0005,2026-01-29,2.0,72.5,10.04,Winter,54.5,59.8
EN000146,L0005,2026-01-30,-4.7,58.1,10.07,Winter,53.9,52.6
EN000147,L0005,2026-01-31,0.9,77.0,10.1,Winter,41.5,53.8
EN000148,L0005,2026-02-01,0.1,74.7,10.13,Winter,40.9,59.2
EN000149,L0005,2026-02-02,3.0,55.1,10.16,Winter,40.1,55.9
EN000150,L0005,2026-02-03,-1.2,69.9,10.19,Winter,61.4,49.1
EN000151,L0006,2026-01-05,-6.7,56.5,9.28,Winter,90.8,54.9
EN000152,L0006,2026-01-06,-8.9,63.2,9.29,Winter,83.7,60.2
EN000153,L0006,2026-01-07,-10.8,63.2,9.31,Winter,58.5,59.2
EN000154,L0006,2026-01-08,-10.4,62.7,9.33,Winter,61.7,51.6
EN000155,L0006,2026-01-09,-6.6,61.4,9.34,Winter,64.4,65.3
EN000156,L0006,2026-01-10,-8.7,60.2,9.36,Winter,76.8,54.9
EN000157,L0006,2026-01-11,-7.1,56.8,9.38,Winter,67.2,64.8
EN000158,L0006,2026-01-12,-9.8,45.5,9.4,Winter,95.6,70.7
EN000159,L0006,2026-01-13,-8.7,48.4,9.42,Winter,68.7,56.6
EN000160,L0006,2026-01-14,-8.3,53.3,9.45,Winter,81.1,60.6
EN000161,L0006,2026-01-15,-10.7,64.2,9.47,Winter,101.7,58.9
EN000162,L0006,2026-01-16,-8.6,59.1,9.49,Winter,81.6,49.3
EN000163,L0006,2026-01-17,-7.7,57.7,9.52,Winter,98.9,57.1
EN000164,L0006,2026-01-18,-5.0,53.4,9.54,Winter,81.2,59.6
EN000165,L0006,2026-01-19,-9.5,61.1,9.57,Winter,90.0,56.4
EN000166,L0006,2026-01-20,-11.0,59.9,9.59,Winter,60.4,56.3
EN000167,L0006,2026-01-21,-8.1,49.8,9.62,Winter,50.4,60.4
EN000168,L0006,2026-01-22,-8.9,44.6,9.65,Winter,84.0,59.4
EN000169,L0006,2026-01-23,-9.2,52.1,9.68,Winter,84.7,59.7
EN000170,L0006,2026-01-24,-3.6,62.5,9.71,Winter,78.4,57.2
EN000171,L0006,2026-01-25,-6.4,63.8,9.74,Winter,90.5,55.4
EN000172,L0006,2026-01-26,-8.6,57.1,9.77,Winter,84.1,65.5
EN000173,L0006,2026-01-27,-8.6,57.5,9.8,Winter,77.4,56.8
EN000174,L0006,2026-01-28,-6.0,46.5,9.83,Winter,61.4,54.1
EN000175,L0006,2026-01-29,-11.9,54.2,9.86,Winter,60.2,57.0
EN000176,L0006,2026-01-30,-5.7,58.5,9.89,Winter,58.6,57.7
EN000177,L0006,2026-01-31,-5.7,54.1,9.93,Winter,60.3,60.8
EN000178,L0006,2026-02-01,-8.0,63.9,9.96,Winter,72.8,61.5
EN000179,L0006,2026-02-02,-9.4,59.9,9.99,Winter,70.1,51.9
EN000180,L0006,2026-02-03,-10.2,64.1,10.03,Winter,68.1,52.9
EN000181,L0007,2026-01-05,10.3,74.8,10.05,Winter,38.1,50.5
EN000182,L0007,2026-01-06,8.8,76.8,10.06,Winter,74.0,61.8
EN000183,L0007,2026-01-07,8.4,61.3,10.07,Winter,76.3,58.3
EN000184,L0007,2026-01-08,11.4,66.9,10.08,Winter,73.9,58.8
EN000185,L0007,2026-01-09,11.8,72.8,10.09,Winter,47.3,46.8
EN000186,L0007,2026-01-10,12.2,75.1,10.11,Winter,55.7,48.7
EN000187,L0007,2026-01-11,10.5,73.6,10.12,Winter,95.2,60.6
EN000188,L0007,2026-01-12,9.7,62.6,10.13,Winter,70.2,56.5
EN000189,L0007,2026-01-13,8.5,80.3,10.15,Winter,95.0,63.7
EN000190,L0007,2026-01-14,8.7,73.1,10.16,Winter,79.0,60.2
EN000191,L0007,2026-01-15,12.6,71.8,10.18,Winter,80.4,61.2
EN000192,L0007,2026-01-16,10.9,57.3,10.2,Winter,71.2,55.2
EN000193,L0007,2026-01-17,8.0,78.1,10.21,Winter,94.2,64.8
EN000194,L0007,2026-01-18,10.8,76.1,10.23,Winter,70.2,59.0
EN000195,L0007,2026-01-19,8.3,70.4,10.25,Winter,70.8,51.5
EN000196,L0007,2026-01-20,10.2,67.5,10.27,Winter,95.2,62.5
EN000197,L0007,2026-01-21,10.4,69.5,10.29,Winter,70.6,57.0
EN000198,L0007,2026-01-22,8.4,67.1,10.31,Winter,59.6,51.7
EN000199,L0007,2026-01-23,11.3,70.3,10.33,Winter,45.0,57.4
EN000200,L0007,2026-01-24,12.2,74.4,10.35,Winter,84.4,58.2
EN000201,L0007,2026-01-25,8.9,61.5,10.37,Winter,74.8,59.9
EN000202,L0007,2026-01-26,12.7,74.6,10.39,Winter,68.1,51.8
EN000203,L0007,2026-01-27,9.8,69.3,10.41,Winter,67.2,55.1
EN000204,L0007,2026-01-28,10.9,65.0,10.44,Winter,61.2,59.6
EN000205,L0007,2026-01-29,9.7,69.5,10.46,Winter,73.8,52.3
EN000206,L0007,2026-01-30,9.6,76.6,10.48,Winter,53.7,47.4
EN000207,L0007,2026-01-31,7.2,68.2,10.51,Winter,70.4,57.4
EN000208,L0007,2026-02-01,12.7,52.0,10.53,Winter,75.5,65.8
EN000209,L0007,2026-02-02,8.6,65.7,10.55,Winter,59.5,53.5
EN000210,L0007,2026-02-03,10.0,76.6,10.58,Winter,95.7,56.3
EN000211,L0008,2026-01-05,28.5,75.2,11.92,Winter,109.6,57.5
EN000212,L0008,2026-01-06,25.3,77.2,11.93,Winter,129.5,62.3
EN000213,L0008,2026-01-07,23.8,80.8,11.93,Winter,79.9,55.6
EN000214,L0008,2026-01-08,26.7,75.2,11.93,Winter,88.9,58.1
EN000215,L0008,2026-01-09,25.6,77.5,11.93,Winter,57.9,61.3
EN000216,L0008,2026-01-10,23.2,66.3,11.93,Winter,84.2,58.4
EN000217,L0008,2026-01-11,23.8,80.0,11.93,Winter,66.2,56.0
EN000218,L0008,2026-01-12,24.0,74.7,11.93,Winter,88.9,53.0
EN000219,L0008,2026-01-13,26.3,75.4,11.93,Winter,58.5,48.2
EN000220,L0008,2026-01-14,25.0,73.7,11.93,Winter,83.6,57.9
EN000221,L0008,2026-01-15,25.4,80.7,11.93,Winter,69.4,52.1
EN000222,L0008,2026-01-16,23.0,76.7,11.93,Winter,102.4,55.8
EN000223,L0008,2026-01-17,20.5,64.8,11.93,Winter,73.3,55.2
EN000224,L0008,2026-01-18,24.3,75.2,11.93,Winter,80.6,63.2
EN000225,L0008,2026-01-19,23.8,69.8,11.93,Winter,91.7,50.3
EN000226,L0008,2026-01-20,25.7,75.6,11.93,Winter,82.9,65.9
EN000227,L0008,2026-01-21,23.9,87.4,11.93,Winter,81.8,51.6
EN000228,L0008,2026-01-22,25.1,68.5,11.93,Winter,74.5,60.0
EN000229,L0008,2026-01-23,26.0,71.3,11.94,Winter,98.8,63.8
EN000230,L0008,2026-01-24,27.6,78.2,11.94,Winter,104.1,48.6
EN000231,L0008,2026-01-25,24.4,69.8,11.94,Winter,86.7,55.1
EN000232,L0008,2026-01-26,24.7,86.3,11.94,Winter,82.6,60.1
EN000233,L0008,2026-01-27,24.6,75.5,11.94,Winter,85.1,60.2
EN000234,L0008,2026-01-28,27.1,84.9,11.94,Winter,89.3,60.9
EN000235,L0008,2026-01-29,23.0,74.5,11.94,Winter,98.2,62.3
EN000236,L0008,2026-01-30,25.4,80.3,11.94,Winter,91.9,64.0
EN000237,L0008,2026-01-31,25.6,72.9,11.94,Winter,89.7,43.3
EN000238,L0008,2026-02-01,25.8,53.1,11.94,Winter,60.9,60.3
EN000239,L0008,2026-02-02,25.9,68.0,11.94,Winter,75.0,64.9
EN000240,L0008,2026-02-03,24.2,88.5,11.95,Winter,85.0,60.0
EN000241,L0009,2026-01-05,28.0,75.8,11.22,Winter,71.0,57.5
EN000242,L0009,2026-01-06,25.0,66.8,11.22,Winter,81.4,54.3
EN000243,L0009,2026-01-07,26.7,75.2,11.23,Winter,81.0,57.5
EN000244,L0009,2026-01-08,25.4,78.7,11.23,Winter,71.0,52.8
EN000245,L0009,2026-01-09,27.0,72.5,11.24,Winter,65.2,60.2
EN000246,L0009,2026-01-10,25.9,65.8,11.24,Winter,88.2,61.7
EN000247,L0009,2026-01-11,25.7,78.8,11.25,Winter,65.3,59.7
EN000248,L0009,2026-01-12,24.5,72.1,11.25,Winter,97.2,65.4
EN000249,L0009,2026-01-13,28.2,82.9,11.26,Winter,83.5,59.8
EN000250,L0009,2026-01-14,26.4,75.7,11.26,Winter,86.8,62.1
EN000251,L0009,2026-01-15,24.9,70.6,11.27,Winter,79.2,61.2
EN000252,L0009,2026-01-16,25.0,77.0,11.28,Winter,94.4,56.1
EN000253,L0009,2026-01-17,26.4,77.3,11.28,Winter,67.7,65.2
EN000254,L0009,2026-01-18,24.1,65.1,11.29,Winter,70.4,52.9
EN000255,L0009,2026-01-19,25.1,73.4,11.3,Winter,80.3,61.1
EN000256,L0009,2026-01-20,25.6,76.9,11.31,Winter,90.7,61.1
EN000257,L0009,2026-01-21,21.2,72.8,11.31,Winter,54.5,58.2
EN000258,L0009,2026-01-22,25.0,81.3,11.32,Winter,101.6,59.0
EN000259,L0009,2026-01-23,24.1,77.9,11.33,Winter,77.6,58.0
EN000260,L0009,2026-01-24,26.8,71.7,11.34,Winter,96.3,61.4
EN000261,L0009,2026-01-25,23.3,80.8,11.35,Winter,94.8,58.5
EN000262,L0009,2026-01-26,23.6,69.8,11.35,Winter,77.5,60.7
EN000263,L0009,2026-01-27,23.3,77.6,11.36,Winter,67.6,57.0
EN000264,L0009,2026-01-28,25.2,89.7,11.37,Winter,65.7,65.4
EN000265,L0009,2026-01-29,25.3,77.5,11.38,Winter,86.7,60.2
EN000266,L0009,2026-01-30,24.8,83.7,11.39,Winter,78.6,63.7
EN000267,L0009,2026-01-31,23.9,74.6,11.4,Winter,70.0,60.3
EN000268,L0009,2026-02-01,27.7,74.5,11.41,Winter,82.2,52.4
EN000269,L0009,2026-02-02,24.7,65.4,11.42,Winter,72.2,59.1
EN000270,L0009,2026-02-03,27.5,91.9,11.43,Winter,76.8,65.2
EN000271,L0010,2026-01-05,29.4,74.1,12.35,Summer,97.1,58.3
EN000272,L0010,2026-01-06,29.2,72.6,12.34,Summer,71.4,50.3
EN000273,L0010,2026-01-07,30.2,73.3,12.34,Summer,82.7,58.0
EN000274,L0010,2026-01-08,30.4,76.1,12.34,Summer,81.8,64.1
EN000275,L0010,2026-01-09,31.8,78.0,12.34,Summer,104.6,64.2
EN000276,L0010,2026-01-10,31.0,78.7,12.34,Summer,99.4,60.6
EN000277,L0010,2026-01-11,27.0,79.2,12.33,Summer,72.0,54.0
EN000278,L0010,2026-01-12,31.3,80.0,12.33,Summer,111.8,56.6
EN000279,L0010,2026-01-13,26.9,73.6,12.33,Summer,92.4,58.4
EN000280,L0010,2026-01-14,31.0,72.8,12.33,Summer,95.9,53.1
EN000281,L0010,2026-01-15,29.8,75.0,12.32,Summer,80.5,56.8
EN000282,L0010,2026-01-16,28.7,73.4,12.32,Summer,115.8,57.5
EN000283,L0010,2026-01-17,28.6,62.4,12.32,Summer,78.5,56.7
EN000284,L0010,2026-01-18,27.8,83.3,12.31,Summer,88.7,64.4
EN000285,L0010,2026-01-19,29.1,75.2,12.31,Summer,89.8,58.0
EN000286,L0010,2026-01-20,32.1,61.1,12.31,Summer,63.0,55.3
EN000287,L0010,2026-01-21,29.0,79.1,12.3,Summer,97.6,56.1
EN000288,L0010,2026-01-22,30.8,81.2,12.3,Summer,93.6,62.8
EN000289,L0010,2026-01-23,29.5,71.6,12.3,Summer,100.8,58.6
EN000290,L0010,2026-01-24,29.0,83.8,12.29,Summer,56.7,50.9
EN000291,L0010,2026-01-25,26.8,72.8,12.29,Summer,87.4,50.5
EN000292,L0010,2026-01-26,27.2,69.8,12.29,Summer,125.4,67.0
EN000293,L0010,2026-01-27,28.2,72.8,12.28,Summer,74.9,48.5
EN000294,L0010,2026-01-28,28.7,69.0,12.28,Summer,89.8,50.0
EN000295,L0010,2026-01-29,27.6,75.9,12.27,Summer,96.1,60.1
EN000296,L0010,2026-01-30,26.6,80.1,12.27,Summer,79.8,61.2
EN000297,L0010,2026-01-31,28.9,66.7,12.27,Summer,86.6,59.8
EN000298,L0010,2026-02-01,30.0,74.2,12.26,Summer,112.4,63.0
EN000299,L0010,2026-02-02,28.4,79.5,12.26,Summer,118.1,67.8
EN000300,L0010,2026-02-03,26.7,69.4,12.25,Summer,111.8,52.7
EN000301,L0011,2026-01-05,22.7,72.1,11.17,Winter,90.9,57.5
EN000302,L0011,2026-01-06,23.9,71.0,11.17,Winter,75.0,53.6
EN000303,L0011,2026-01-07,29.1,76.8,11.18,Winter,97.4,55.6
EN000304,L0011,2026-01-08,24.7,70.7,11.18,Winter,47.9,51.1
EN000305,L0011,2026-01-09,21.8,61.5,11.19,Winter,68.3,64.6
EN000306,L0011,2026-01-10,24.9,82.7,11.19,Winter,90.8,61.9
EN000307,L0011,2026-01-11,23.4,78.1,11.2,Winter,95.2,55.1
EN000308,L0011,2026-01-12,26.0,78.4,11.21,Winter,77.3,52.4
EN000309,L0011,2026-01-13,22.9,75.5,11.21,Winter,89.6,54.0
EN000310,L0011,2026-01-14,25.1,78.4,11.22,Winter,93.7,65.8
EN000311,L0011,2026-01-15,27.3,69.0,11.22,Winter,108.6,55.3
EN000312,L0011,2026-01-16,26.9,75.4,11.23,Winter,79.2,49.0
EN000313,L0011,2026-01-17,24.7,65.6,11.24,Winter,98.5,65.6
EN000314,L0011,2026-01-18,23.6,76.8,11.25,Winter,74.8,54.9
EN000315,L0011,2026-01-19,26.4,74.8,11.25,Winter,109.4,55.6
EN000316,L0011,2026-01-20,26.8,75.6,11.26,Winter,96.1,55.8
EN000317,L0011,2026-01-21,24.9,74.3,11.27,Winter,73.3,61.3
EN000318,L0011,2026-01-22,26.2,78.6,11.28,Winter,106.5,65.2
EN000319,L0011,2026-01-23,24.3,77.2,11.29,Winter,76.3,58.1
EN000320,L0011,2026-01-24,23.9,84.7,11.3,Winter,90.1,56.9
EN000321,L0011,2026-01-25,27.2,62.0,11.3,Winter,56.8,62.0
EN000322,L0011,2026-01-26,25.1,76.5,11.31,Winter,66.4,57.9
EN000323,L0011,2026-01-27,28.6,79.9,11.32,Winter,87.4,55.8
EN000324,L0011,2026-01-28,24.3,62.2,11.33,Winter,88.6,62.2
EN000325,L0011,2026-01-29,22.2,71.0,11.34,Winter,68.8,53.2
EN000326,L0011,2026-01-30,25.1,62.5,11.35,Winter,93.6,61.8
EN000327,L0011,2026-01-31,24.6,60.1,11.36,Winter,71.1,64.2
EN000328,L0011,2026-02-01,20.1,72.9,11.37,Winter,68.5,62.0
EN000329,L0011,2026-02-02,23.9,77.4,11.38,Winter,92.9,67.2
EN000330,L0011,2026-02-03,24.7,77.3,11.39,Winter,64.2,64.0
EN000331,L0012,2026-01-05,12.1,31.6,10.49,Winter,89.7,50.2
EN000332,L0012,2026-01-06,13.8,40.8,10.5,Winter,94.1,50.1
EN000333,L0012,2026-01-07,13.2,39.5,10.51,Winter,63.7,52.6
EN000334,L0012,2026-01-08,14.9,36.6,10.52,Winter,95.8,67.3
EN000335,L0012,2026-01-09,14.2,38.9,10.53,Winter,128.0,56.9
EN000336,L0012,2026-01-10,11.9,37.6,10.54,Winter,96.1,55.4
EN000337,L0012,2026-01-11,11.4,48.9,10.55,Winter,94.6,54.3
EN000338,L0012,2026-01-12,14.9,34.3,10.56,Winter,86.5,60.8
EN000339,L0012,2026-01-13,10.9,37.1,10.57,Winter,116.8,60.3
EN000340,L0012,2026-01-14,12.6,32.0,10.58,Winter,84.3,56.7
EN000341,L0012,2026-01-15,12.5,40.5,10.59,Winter,65.7,62.3
EN000342,L0012,2026-01-16,12.5,37.3,10.61,Winter,74.2,64.6
EN000343,L0012,2026-01-17,15.5,40.8,10.62,Winter,68.8,62.1
EN000344,L0012,2026-01-18,13.9,25.4,10.63,Winter,89.7,59.8
EN000345,L0012,2026-01-19,14.2,36.1,10.65,Winter,94.1,65.4
EN000346,L0012,2026-01-20,15.4,17.8,10.66,Winter,85.6,57.2
EN000347,L0012,2026-01-21,10.1,35.6,10.68,Winter,107.5,52.6
EN000348,L0012,2026-01-22,13.9,29.5,10.69,Winter,80.6,65.4
EN000349,L0012,2026-01-23,12.3,37.8,10.71,Winter,63.8,67.3
EN000350,L0012,2026-01-24,14.4,33.9,10.72,Winter,98.1,51.0
EN000351,L0012,2026-01-25,15.4,33.1,10.74,Winter,87.1,55.5
EN000352,L0012,2026-01-26,12.3,39.2,10.75,Winter,93.6,61.3
EN000353,L0012,2026-01-27,13.3,38.1,10.77,Winter,84.1,69.1
EN000354,L0012,2026-01-28,10.6,42.6,10.79,Winter,109.2,53.7
EN000355,L0012,2026-01-29,17.4,41.0,10.81,Winter,103.6,58.1
EN000356,L0012,2026-01-30,13.1,33.7,10.82,Winter,95.5,65.0
EN000357,L0012,2026-01-31,13.8,29.5,10.84,Winter,101.5,62.6
EN000358,L0012,2026-02-01,14.7,39.5,10.86,Winter,86.2,53.4
EN000359,L0012,2026-02-02,12.0,25.2,10.88,Winter,93.3,57.6
EN000360,L0012,2026-02-03,12.8,17.3,10.9,Winter,72.5,63.6
EN000361,L0013,2026-01-05,0.2,74.2,7.78,Winter,28.5,65.2
EN000362,L0013,2026-01-06,1.1,73.7,7.81,Winter,80.6,65.6
EN000363,L0013,2026-01-07,0.8,68.4,7.83,Winter,43.4,60.5
EN000364,L0013,2026-01-08,1.2,69.6,7.86,Winter,68.5,57.4
EN000365,L0013,2026-01-09,5.5,72.5,7.89,Winter,73.0,59.8
EN000366,L0013,2026-01-10,3.1,67.7,7.92,Winter,36.0,60.3
EN000367,L0013,2026-01-11,3.1,72.2,7.95,Winter,30.0,51.2
EN000368,L0013,2026-01-12,-1.3,61.4,7.99,Winter,49.5,63.6
EN000369,L0013,2026-01-13,1.3,58.4,8.02,Winter,45.3,57.2
EN000370,L0013,2026-01-14,5.1,63.3,8.06,Winter,42.5,66.5
EN000371,L0013,2026-01-15,2.1,75.4,8.09,Winter,49.6,59.6
EN000372,L0013,2026-01-16,2.7,67.1,8.13,Winter,60.3,51.1
EN000373,L0013,2026-01-17,1.9,73.1,8.17,Winter,39.4,57.9
EN000374,L0013,2026-01-18,0.2,65.6,8.21,Winter,43.0,52.5
EN000375,L0013,2026-01-19,1.9,65.1,8.25,Winter,58.0,52.1
EN000376,L0013,2026-01-20,0.3,68.3,8.3,Winter,66.6,59.7
EN000377,L0013,2026-01-21,0.9,75.0,8.34,Winter,18.5,57.8
EN000378,L0013,2026-01-22,4.9,72.8,8.39,Winter,49.0,60.7
EN000379,L0013,2026-01-23,2.9,60.0,8.43,Winter,24.4,59.1
EN000380,L0013,2026-01-24,0.0,79.9,8.48,Winter,43.6,48.3
EN000381,L0013,2026-01-25,-1.0,55.5,8.53,Winter,44.7,57.1
EN000382,L0013,2026-01-26,0.6,78.5,8.57,Winter,64.8,57.1
EN000383,L0013,2026-01-27,-2.5,75.7,8.62,Winter,55.8,59.5
EN000384,L0013,2026-01-28,3.1,65.0,8.67,Winter,76.1,53.2
EN000385,L0013,2026-01-29,2.7,61.9,8.73,Winter,35.0,65.6
EN000386,L0013,2026-01-30,0.9,77.0,8.78,Winter,51.3,57.5
EN000387,L0013,2026-01-31,3.9,70.6,8.83,Winter,23.1,54.0
EN000388,L0013,2026-02-01,2.5,74.4,8.88,Winter,26.1,54.4
EN000389,L0013,2026-02-02,0.4,69.8,8.94,Winter,28.7,54.9
EN000390,L0013,2026-02-03,0.2,76.6,8.99,Winter,59.3,57.3
EN000391,L0014,2026-01-05,1.1,72.8,8.2,Winter,36.6,52.3
EN000392,L0014,2026-01-06,0.1,68.2,8.22,Winter,31.7,58.8
EN000393,L0014,2026-01-07,3.1,62.5,8.24,Winter,48.4,56.9
EN000394,L0014,2026-01-08,2.4,71.9,8.27,Winter,27.6,51.7
EN000395,L0014,2026-01-09,1.8,78.2,8.29,Winter,17.0,59.7
EN000396,L0014,2026-01-10,3.9,71.1,8.32,Winter,55.7,54.5
EN000397,L0014,2026-01-11,1.5,62.3,8.35,Winter,15.2,62.7
EN000398,L0014,2026-01-12,-0.1,69.3,8.38,Winter,28.6,51.0
EN000399,L0014,2026-01-13,1.4,67.6,8.41,Winter,53.3,60.3
EN000400,L0014,2026-01-14,2.3,73.4,8.44,Winter,70.1,52.7
EN000401,L0014,2026-01-15,1.6,78.8,8.47,Winter,65.7,50.9
EN000402,L0014,2026-01-16,1.1,80.1,8.51,Winter,55.1,59.0
EN000403,L0014,2026-01-17,1.3,69.7,8.54,Winter,52.0,56.7
EN000404,L0014,2026-01-18,1.6,72.5,8.58,Winter,38.5,60.7
EN000405,L0014,2026-01-19,6.9,61.3,8.62,Winter,52.5,54.2
EN000406,L0014,2026-01-20,2.7,72.3,8.65,Winter,58.7,63.9
EN000407,L0014,2026-01-21,2.0,78.8,8.69,Winter,15.2,66.0
EN000408,L0014,2026-01-22,2.4,78.5,8.73,Winter,30.9,53.8
EN000409,L0014,2026-01-23,2.0,71.9,8.77,Winter,52.0,63.4
EN000410,L0014,2026-01-24,-1.5,77.8,8.82,Winter,48.1,57.0
EN000411,L0014,2026-01-25,-0.9,75.0,8.86,Winter,15.0,61.2
EN000412,L0014,2026-01-26,-1.0,72.3,8.9,Winter,46.3,63.8
EN000413,L0014,2026-01-27,1.4,67.8,8.95,Winter,40.9,64.4
EN000414,L0014,2026-01-28,2.7,69.7,8.99,Winter,44.7,50.2
EN000415,L0014,2026-01-29,2.5,61.4,9.04,Winter,58.5,58.6
EN000416,L0014,2026-01-30,6.1,65.4,9.08,Winter,46.6,67.0
EN000417,L0014,2026-01-31,4.0,67.8,9.13,Winter,51.1,58.0
EN000418,L0014,2026-02-01,2.4,67.8,9.18,Winter,46.7,50.0
EN000419,L0014,2026-02-02,2.1,74.7,9.23,Winter,44.8,49.9
EN000420,L0014,2026-02-03,3.7,74.2,9.28,Winter,37.8,56.6
EN000421,L0015,2026-01-05,-5.3,58.8,7.61,Winter,50.5,64.1
EN000422,L0015,2026-01-06,-3.8,68.8,7.63,Winter,50.5,59.2
EN000423,L0015,2026-01-07,-3.0,70.2,7.66,Winter,50.5,50.1
EN000424,L0015,2026-01-08,-5.2,61.8,7.69,Winter,40.5,60.1
EN000425,L0015,2026-01-09,-3.6,79.2,7.72,Winter,33.7,59.0
EN000426,L0015,2026-01-10,-4.8,62.0,7.75,Winter,60.0,46.4
EN000427,L0015,2026-01-11,-2.4,76.4,7.79,Winter,51.7,59.3
EN000428,L0015,2026-01-12,-1.0,64.0,7.82,Winter,49.9,46.6
EN000429,L0015,2026-01-13,-1.7,64.3,7.86,Winter,43.8,58.6
EN000430,L0015,2026-01-14,-3.9,61.8,7.9,Winter,66.5,51.3
EN000431,L0015,2026-01-15,-1.0,56.6,7.93,Winter,48.7,67.6
EN000432,L0015,2026-01-16,-0.8,65.6,7.97,Winter,44.8,55.4
EN000433,L0015,2026-01-17,-2.7,65.2,8.02,Winter,56.7,57.8
EN000434,L0015,2026-01-18,-3.3,56.3,8.06,Winter,50.8,62.6
EN000435,L0015,2026-01-19,-5.3,63.9,8.1,Winter,46.5,58.6
EN000436,L0015,2026-01-20,-3.6,73.9,8.15,Winter,65.1,51.4
EN000437,L0015,2026-01-21,-1.7,60.4,8.19,Winter,49.9,59.6
EN000438,L0015,2026-01-22,-3.7,70.4,8.24,Winter,47.2,54.9
EN000439,L0015,2026-01-23,-4.0,61.6,8.29,Winter,73.4,61.1
EN000440,L0015,2026-01-24,0.3,78.6,8.34,Winter,43.6,58.4
EN000441,L0015,2026-01-25,-4.9,60.3,8.39,Winter,49.2,52.7
EN000442,L0015,2026-01-26,-4.7,64.1,8.44,Winter,41.0,62.2
EN000443,L0015,2026-01-27,-4.4,81.9,8.49,Winter,51.7,58.4
EN000444,L0015,2026-01-28,-5.0,75.2,8.54,Winter,73.7,59.5
EN000445,L0015,2026-01-29,-5.1,66.3,8.6,Winter,42.3,65.3
EN000446,L0015,2026-01-30,-1.2,65.6,8.65,Winter,23.9,53.1
EN000447,L0015,2026-01-31,-1.4,72.3,8.7,Winter,73.5,50.0
EN000448,L0015,2026-02-01,-2.0,71.1,8.76,Winter,34.8,58.0
EN000449,L0015,2026-02-02,-2.0,63.2,8.82,Winter,32.1,56.4
EN000450,L0015,2026-02-03,-3.1,64.1,8.87,Winter,50.1,55.8
EN000451,L0016,2026-01-05,6.1,57.7,9.23,Winter,50.7,56.0
EN000452,L0016,2026-01-06,6.3,43.5,9.24,Winter,61.7,58.0
EN000453,L0016,2026-01-07,6.1,60.8,9.26,Winter,27.7,48.1
EN000454,L0016,2026-01-08,6.5,55.0,9.28,Winter,57.4,55.7
EN000455,L0016,2026-01-09,7.2,60.6,9.29,Winter,61.8,56.7
EN000456,L0016,2026-01-10,2.2,59.6,9.31,Winter,72.1,61.2
EN000457,L0016,2026-01-11,4.4,59.0,9.33,Winter,67.0,65.8
EN000458,L0016,2026-01-12,4.4,53.6,9.35,Winter,65.5,58.3
EN000459,L0016,2026-01-13,4.0,57.5,9.37,Winter,63.1,58.4
EN000460,L0016,2026-01-14,6.3,53.4,9.4,Winter,75.7,53.5
EN000461,L0016,2026-01-15,4.9,55.1,9.42,Winter,67.3,50.5
EN000462,L0016,2026-01-16,3.6,42.8,9.44,Winter,55.5,52.4
EN000463,L0016,2026-01-17,5.2,59.0,9.47,Winter,46.0,59.2
EN000464,L0016,2026-01-18,5.4,59.0,9.49,Winter,61.7,54.5
EN000465,L0016,2026-01-19,5.6,61.3,9.52,Winter,60.5,51.0
EN000466,L0016,2026-01-20,7.1,48.5,9.55,Winter,74.8,63.1
EN000467,L0016,2026-01-21,6.5,55.9,9.58,Winter,52.1,61.4
EN000468,L0016,2026-01-22,5.3,56.4,9.6,Winter,67.2,55.2
EN000469,L0016,2026-01-23,4.9,47.8,9.63,Winter,40.1,48.9
EN000470,L0016,2026-01-24,7.3,65.9,9.66,Winter,75.0,49.9
EN000471,L0016,2026-01-25,7.3,63.5,9.69,Winter,48.6,58.5
EN000472,L0016,2026-01-26,2.4,56.6,9.72,Winter,40.1,59.0
EN000473,L0016,2026-01-27,3.2,58.3,9.76,Winter,69.3,54.1
EN000474,L0016,2026-01-28,4.0,42.1,9.79,Winter,51.3,55.1
EN000475,L0016,2026-01-29,3.3,57.7,9.82,Winter,48.7,52.6
EN000476,L0016,2026-01-30,5.1,61.4,9.85,Winter,63.4,57.3
EN000477,L0016,2026-01-31,7.3,48.0,9.89,Winter,55.5,58.7
EN000478,L0016,2026-02-01,5.3,57.6,9.92,Winter,44.1,60.5
EN000479,L0016,2026-02-02,7.2,37.5,9.96,Winter,71.7,42.8
EN000480,L0016,2026-02-03,5.1,61.2,9.99,Winter,50.6,50.7
EN000481,L0017,2026-01-05,3.9,61.2,9.07,Winter,28.1,63.6
EN000482,L0017,2026-01-06,5.8,47.8,9.09,Winter,46.8,52.9
EN000483,L0017,2026-01-07,7.4,59.4,9.1,Winter,30.9,56.0
EN000484,L0017,2026-01-08,4.3,62.8,9.12,Winter,36.1,66.0
EN000485,L0017,2026-01-09,5.7,48.0,9.14,Winter,45.5,54.0
EN000486,L0017,2026-01-10,3.5,55.6,9.16,Winter,37.8,47.1
EN000487,L0017,2026-01-11,5.1,44.2,9.18,Winter,44.5,53.5
EN000488,L0017,2026-01-12,4.2,67.0,9.2,Winter,55.8,59.2
EN000489,L0017,2026-01-13,2.5,51.1,9.23,Winter,58.0,52.9
EN000490,L0017,2026-01-14,7.4,47.8,9.25,Winter,51.0,55.1
EN000491,L0017,2026-01-15,6.0,51.2,9.28,Winter,51.2,56.8
EN000492,L0017,2026-01-16,4.4,57.9,9.3,Winter,58.3,57.6
EN000493,L0017,2026-01-17,4.9,59.8,9.33,Winter,51.7,56.5
EN000494,L0017,2026-01-18,5.9,65.2,9.35,Winter,36.2,61.8
EN000495,L0017,2026-01-19,2.3,56.3,9.38,Winter,77.1,60.4
EN000496,L0017,2026-01-20,6.0,51.6,9.41,Winter,55.4,56.7
EN000497,L0017,2026-01-21,4.3,53.3,9.44,Winter,57.8,54.2
EN000498,L0017,2026-01-22,4.3,46.8,9.47,Winter,60.5,60.7
EN000499,L0017,2026-01-23,6.2,60.8,9.5,Winter,56.2,60.0
EN000500,L0017,2026-01-24,6.3,54.5,9.53,Winter,47.6,69.1
EN000501,L0017,2026-01-25,5.0,51.0,9.56,Winter,61.1,59.3
EN000502,L0017,2026-01-26,3.3,61.7,9.6,Winter,53.7,52.4
EN000503,L0017,2026-01-27,8.0,58.8,9.63,Winter,37.3,66.9
EN000504,L0017,2026-01-28,7.0,54.9,9.66,Winter,77.3,58.8
EN000505,L0017,2026-01-29,5.8,51.0,9.7,Winter,63.1,60.4
EN000506,L0017,2026-01-30,5.9,50.3,9.73,Winter,56.8,57.7
EN000507,L0017,2026-01-31,3.5,46.2,9.77,Winter,62.9,45.0
EN000508,L0017,2026-02-01,6.3,52.1,9.81,Winter,73.3,55.5
EN000509,L0017,2026-02-02,7.2,52.6,9.84,Winter,56.6,61.7
EN000510,L0017,2026-02-03,5.2,61.0,9.88,Winter,41.1,59.5
EN000511,L0018,2026-01-05,-8.9,64.0,6.04,Winter,99.8,54.2
EN000512,L0018,2026-01-06,-13.1,54.0,6.08,Winter,82.2,60.5
EN000513,L0018,2026-01-07,-10.5,53.3,6.12,Winter,83.7,51.9
EN000514,L0018,2026-01-08,-8.6,77.1,6.17,Winter,78.1,60.9
EN000515,L0018,2026-01-09,-11.6,49.1,6.22,Winter,64.6,52.5
EN000516,L0018,2026-01-10,-13.4,70.3,6.26,Winter,76.8,59.9
EN000517,L0018,2026-01-11,-11.4,59.0,6.31,Winter,86.5,57.8
EN000518,L0018,2026-01-12,-9.9,58.8,6.37,Winter,68.2,51.0
EN000519,L0018,2026-01-13,-14.4,58.4,6.42,Winter,73.8,51.6
EN000520,L0018,2026-01-14,-10.9,60.3,6.48,Winter,42.8,53.4
EN000521,L0018,2026-01-15,-10.2,62.3,6.53,Winter,56.8,58.8
EN000522,L0018,2026-01-16,-9.1,64.7,6.59,Winter,71.7,55.7
EN000523,L0018,2026-01-17,-12.0,62.8,6.65,Winter,75.7,61.1
EN000524,L0018,2026-01-18,-10.7,64.9,6.72,Winter,74.3,61.9
EN000525,L0018,2026-01-19,-9.3,55.2,6.78,Winter,47.7,65.7
EN000526,L0018,2026-01-20,-10.4,49.7,6.84,Winter,63.0,61.9
EN000527,L0018,2026-01-21,-11.4,56.9,6.91,Winter,92.6,52.8
EN000528,L0018,2026-01-22,-12.3,61.3,6.98,Winter,78.5,60.5
EN000529,L0018,2026-01-23,-9.2,61.2,7.05,Winter,79.9,56.7
EN000530,L0018,2026-01-24,-10.7,60.6,7.12,Winter,76.0,61.9
EN000531,L0018,2026-01-25,-9.8,60.3,7.19,Winter,61.7,58.3
EN000532,L0018,2026-01-26,-10.8,61.2,7.26,Winter,103.9,55.4
EN000533,L0018,2026-01-27,-10.0,66.4,7.33,Winter,74.4,69.7
EN000534,L0018,2026-01-28,-11.4,61.9,7.41,Winter,61.8,56.2
EN000535,L0018,2026-01-29,-10.2,65.1,7.48,Winter,77.5,64.3
EN000536,L0018,2026-01-30,-10.7,58.0,7.56,Winter,110.9,60.0
EN000537,L0018,2026-01-31,-11.8,55.8,7.64,Winter,59.8,62.7
EN000538,L0018,2026-02-01,-11.1,60.8,7.72,Winter,72.1,61.7
EN000539,L0018,2026-02-02,-11.9,53.5,7.79,Winter,76.1,61.0
EN000540,L0018,2026-02-03,-9.7,55.1,7.87,Winter,82.5,54.3
EN000541,L0019,2026-01-05,-11.6,54.3,5.86,Winter,91.2,61.2
EN000542,L0019,2026-01-06,-9.6,67.5,5.9,Winter,112.4,49.5
EN000543,L0019,2026-01-07,-12.1,56.3,5.95,Winter,61.1,52.6
EN000544,L0019,2026-01-08,-11.3,52.7,5.99,Winter,77.7,58.3
EN000545,L0019,2026-01-09,-10.0,63.0,6.04,Winter,81.4,56.1
EN000546,L0019,2026-01-10,-7.1,61.4,6.09,Winter,46.9,53.0
EN000547,L0019,2026-01-11,-14.0,60.1,6.15,Winter,71.3,55.7
EN000548,L0019,2026-01-12,-7.3,63.3,6.2,Winter,83.2,53.3
EN000549,L0019,2026-01-13,-12.7,60.2,6.26,Winter,75.4,48.7
EN000550,L0019,2026-01-14,-11.3,60.1,6.31,Winter,70.0,53.9
EN000551,L0019,2026-01-15,-11.9,58.9,6.37,Winter,74.3,61.0
EN000552,L0019,2026-01-16,-9.0,58.2,6.44,Winter,66.6,60.2
EN000553,L0019,2026-01-17,-9.9,57.4,6.5,Winter,84.1,62.9
EN000554,L0019,2026-01-18,-8.7,70.7,6.56,Winter,60.9,58.1
EN000555,L0019,2026-01-19,-11.0,59.4,6.63,Winter,63.9,50.6
EN000556,L0019,2026-01-20,-10.8,55.4,6.7,Winter,74.2,54.0
EN000557,L0019,2026-01-21,-12.9,61.4,6.77,Winter,75.1,60.9
EN000558,L0019,2026-01-22,-7.0,61.7,6.84,Winter,79.8,52.6
EN000559,L0019,2026-01-23,-13.2,69.5,6.91,Winter,60.1,52.8
EN000560,L0019,2026-01-24,-11.0,59.5,6.98,Winter,60.4,56.5
EN000561,L0019,2026-01-25,-8.7,55.2,7.06,Winter,53.5,62.7
EN000562,L0019,2026-01-26,-10.0,56.3,7.13,Winter,50.8,54.3
EN000563,L0019,2026-01-27,-10.9,67.0,7.21,Winter,58.5,57.6
EN000564,L0019,2026-01-28,-9.5,45.7,7.28,Winter,87.5,52.1
EN000565,L0019,2026-01-29,-10.1,61.5,7.36,Winter,88.2,60.8
EN000566,L0019,2026-01-30,-14.9,55.3,7.44,Winter,74.9,57.0
EN000567,L0019,2026-01-31,-9.8,64.7,7.52,Winter,81.5,56.9
EN000568,L0019,2026-02-01,-13.9,57.3,7.6,Winter,78.8,52.5
EN000569,L0019,2026-02-02,-9.4,65.5,7.68,Winter,74.8,42.7
EN000570,L0019,2026-02-03,-12.7,71.3,7.76,Winter,65.3,48.1
EN000571,L0020,2026-01-05,-7.3,60.1,7.66,Winter,88.5,59.4
EN000572,L0020,2026-01-06,-8.7,62.2,7.68,Winter,82.8,69.4
EN000573,L0020,2026-01-07,-7.9,50.5,7.71,Winter,79.3,63.7
EN000574,L0020,2026-01-08,-7.5,57.4,7.74,Winter,89.3,62.6
EN000575,L0020,2026-01-09,-5.1,55.5,7.77,Winter,65.9,56.5
EN000576,L0020,2026-01-10,-10.6,54.7,7.8,Winter,34.3,55.8
EN000577,L0020,2026-01-11,-9.1,57.0,7.84,Winter,100.1,58.1
EN000578,L0020,2026-01-12,-7.4,61.6,7.87,Winter,84.6,59.4
EN000579,L0020,2026-01-13,-7.3,60.3,7.91,Winter,79.9,59.8
EN000580,L0020,2026-01-14,-10.3,62.4,7.94,Winter,104.3,56.6
EN000581,L0020,2026-01-15,-9.1,67.5,7.98,Winter,89.0,58.1
EN000582,L0020,2026-01-16,-14.1,63.1,8.02,Winter,41.9,65.3
EN000583,L0020,2026-01-17,-9.5,66.0,8.06,Winter,60.4,50.2
EN000584,L0020,2026-01-18,-9.4,59.8,8.1,Winter,66.1,58.4
EN000585,L0020,2026-01-19,-4.8,65.0,8.15,Winter,87.7,62.2
EN000586,L0020,2026-01-20,-7.2,58.9,8.19,Winter,44.2,57.1
EN000587,L0020,2026-01-21,-8.3,54.2,8.24,Winter,70.5,54.5
EN000588,L0020,2026-01-22,-7.1,64.5,8.28,Winter,82.1,61.1
EN000589,L0020,2026-01-23,-9.8,61.2,8.33,Winter,56.4,47.1
EN000590,L0020,2026-01-24,-9.5,61.9,8.38,Winter,89.9,65.9
EN000591,L0020,2026-01-25,-6.9,54.0,8.43,Winter,68.1,60.4
EN000592,L0020,2026-01-26,-5.1,68.9,8.48,Winter,88.7,56.1
EN000593,L0020,2026-01-27,-11.2,64.7,8.53,Winter,57.6,56.8
EN000594,L0020,2026-01-28,-9.8,69.6,8.58,Winter,68.0,45.8
EN000595,L0020,2026-01-29,-8.7,55.8,8.63,Winter,73.6,57.6
EN000596,L0020,2026-01-30,-10.0,64.7,8.69,Winter,51.5,55.4
EN000597,L0020,2026-01-31,-8.2,56.3,8.74,Winter,50.5,61.3
EN000598,L0020,2026-02-01,-7.4,59.7,8.8,Winter,45.5,61.5
EN000599,L0020,2026-02-02,-12.3,61.9,8.85,Winter,60.6,52.2
EN000600,L0020,2026-02-03,-10.1,58.9,8.91,Winter,64.0,60.9
EN000601,L0021,2026-01-05,-2.8,70.9,8.29,Winter,61.9,54.5
EN000602,L0021,2026-01-06,-3.6,55.1,8.31,Winter,62.1,56.2
EN000603,L0021,2026-01-07,-6.3,61.8,8.34,Winter,45.4,65.9
EN000604,L0021,2026-01-08,-5.2,56.4,8.36,Winter,73.5,64.8
EN000605,L0021,2026-01-09,-3.5,61.2,8.38,Winter,66.6,46.4
EN000606,L0021,2026-01-10,-5.5,63.3,8.41,Winter,79.7,55.8
EN000607,L0021,2026-01-11,-2.0,71.8,8.44,Winter,87.5,55.1
EN000608,L0021,2026-01-12,-2.2,75.9,8.47,Winter,36.7,63.1
EN000609,L0021,2026-01-13,-4.0,65.6,8.5,Winter,54.6,53.2
EN000610,L0021,2026-01-14,-4.0,66.7,8.53,Winter,71.9,57.4
EN000611,L0021,2026-01-15,-2.1,68.4,8.56,Winter,44.4,61.7
EN000612,L0021,2026-01-16,-0.8,80.6,8.59,Winter,52.7,55.7
EN000613,L0021,2026-01-17,-0.8,69.9,8.63,Winter,50.5,56.0
EN000614,L0021,2026-01-18,-1.3,60.0,8.66,Winter,52.3,58.4
EN000615,L0021,2026-01-19,-0.4,61.4,8.7,Winter,32.2,48.4
EN000616,L0021,2026-01-20,-4.5,57.1,8.73,Winter,55.8,52.1
EN000617,L0021,2026-01-21,-3.5,60.4,8.77,Winter,51.8,64.6
EN000618,L0021,2026-01-22,-1.0,65.1,8.81,Winter,51.5,55.8
EN000619,L0021,2026-01-23,-1.6,68.5,8.85,Winter,45.3,58.2
EN000620,L0021,2026-01-24,-5.8,66.3,8.89,Winter,68.7,56.6
EN000621,L0021,2026-01-25,1.1,59.7,8.93,Winter,61.0,57.8
EN000622,L0021,2026-01-26,-2.3,64.3,8.97,Winter,59.5,62.2
EN000623,L0021,2026-01-27,0.4,65.0,9.02,Winter,69.4,54.5
EN000624,L0021,2026-01-28,-0.7,60.4,9.06,Winter,73.3,69.1
EN000625,L0021,2026-01-29,-2.3,51.8,9.11,Winter,50.3,64.2
EN000626,L0021,2026-01-30,-1.0,66.5,9.15,Winter,72.1,60.4
EN000627,L0021,2026-01-31,0.2,70.5,9.2,Winter,79.3,59.8
EN000628,L0021,2026-02-01,-0.3,63.2,9.24,Winter,49.6,66.5
EN000629,L0021,2026-02-02,-1.5,69.8,9.29,Winter,59.7,55.1
EN000630,L0021,2026-02-03,-1.8,73.6,9.34,Winter,65.8,49.4
EN000631,L0022,2026-01-05,0.9,82.7,7.63,Winter,45.0,49.0
EN000632,L0022,2026-01-06,4.7,76.1,7.66,Winter,47.0,56.1
EN000633,L0022,2026-01-07,3.2,68.7,7.69,Winter,64.1,60.7
EN000634,L0022,2026-01-08,1.7,72.9,7.72,Winter,45.6,63.2
EN000635,L0022,2026-01-09,-0.3,62.3,7.75,Winter,56.6,61.2
EN000636,L0022,2026-01-10,2.1,74.4,7.78,Winter,43.5,61.9
EN000637,L0022,2026-01-11,1.1,69.1,7.81,Winter,43.6,68.1
EN000638,L0022,2026-01-12,-2.0,75.0,7.85,Winter,24.5,57.5
EN000639,L0022,2026-01-13,0.4,59.5,7.88,Winter,53.4,56.1
EN000640,L0022,2026-01-14,-2.6,77.0,7.92,Winter,68.1,65.5
EN000641,L0022,2026-01-15,1.8,72.3,7.96,Winter,66.6,66.4
EN000642,L0022,2026-01-16,3.2,66.4,8.0,Winter,50.8,60.2
EN000643,L0022,2026-01-17,-2.1,74.8,8.04,Winter,79.8,61.2
EN000644,L0022,2026-01-18,3.8,73.1,8.08,Winter,47.0,59.9
EN000645,L0022,2026-01-19,-0.3,66.2,8.13,Winter,65.7,64.9
EN000646,L0022,2026-01-20,-0.6,77.8,8.17,Winter,46.8,59.7
EN000647,L0022,2026-01-21,2.0,78.0,8.22,Winter,49.2,65.1
EN000648,L0022,2026-01-22,1.7,75.7,8.26,Winter,36.3,68.8
EN000649,L0022,2026-01-23,2.0,76.3,8.31,Winter,25.5,53.9
EN000650,L0022,2026-01-24,3.4,73.7,8.36,Winter,21.2,63.2
EN000651,L0022,2026-01-25,0.2,80.5,8.41,Winter,46.8,59.0
EN000652,L0022,2026-01-26,3.3,66.6,8.46,Winter,34.1,57.0
EN000653,L0022,2026-01-27,2.7,64.0,8.51,Winter,24.6,62.1
EN000654,L0022,2026-01-28,0.2,69.6,8.56,Winter,22.0,54.6
EN000655,L0022,2026-01-29,1.2,77.6,8.62,Winter,37.2,66.3
EN000656,L0022,2026-01-30,0.1,67.9,8.67,Winter,69.5,59.1
EN000657,L0022,2026-01-31,0.3,71.1,8.72,Winter,66.9,65.3
EN000658,L0022,2026-02-01,-0.1,71.7,8.78,Winter,49.3,53.1
EN000659,L0022,2026-02-02,1.3,72.0,8.84,Winter,64.0,64.0
EN000660,L0022,2026-02-03,0.8,70.7,8.89,Winter,57.3,55.1
EN000661,L0023,2026-01-05,7.5,54.5,9.47,Winter,41.4,53.2
EN000662,L0023,2026-01-06,9.1,54.1,9.48,Winter,78.0,55.4
EN000663,L0023,2026-01-07,7.0,69.4,9.49,Winter,40.2,48.5
EN000664,L0023,2026-01-08,8.7,50.0,9.51,Winter,54.7,55.1
EN000665,L0023,2026-01-09,6.9,49.3,9.53,Winter,52.5,60.2
EN000666,L0023,2026-01-10,4.6,50.8,9.54,Winter,50.1,50.9
EN000667,L0023,2026-01-11,5.6,55.7,9.56,Winter,49.4,56.6
EN000668,L0023,2026-01-12,6.3,51.1,9.58,Winter,64.7,65.2
EN000669,L0023,2026-01-13,5.5,57.9,9.6,Winter,51.6,59.8
EN000670,L0023,2026-01-14,9.1,58.1,9.62,Winter,30.2,60.3
EN000671,L0023,2026-01-15,8.5,53.7,9.64,Winter,68.9,54.5
EN000672,L0023,2026-01-16,3.6,55.8,9.66,Winter,30.4,56.8
EN000673,L0023,2026-01-17,8.6,43.5,9.69,Winter,37.1,52.8
EN000674,L0023,2026-01-18,6.2,52.8,9.71,Winter,74.6,62.8
EN000675,L0023,2026-01-19,7.2,55.9,9.73,Winter,60.5,53.7
EN000676,L0023,2026-01-20,7.9,48.3,9.76,Winter,66.7,63.9
EN000677,L0023,2026-01-21,6.7,53.9,9.78,Winter,60.6,43.7
EN000678,L0023,2026-01-22,6.9,54.3,9.81,Winter,54.3,61.5
EN000679,L0023,2026-01-23,6.2,48.2,9.83,Winter,53.0,58.3
EN000680,L0023,2026-01-24,6.6,56.0,9.86,Winter,69.6,52.6
EN000681,L0023,2026-01-25,6.7,62.7,9.89,Winter,30.7,58.9
EN000682,L0023,2026-01-26,5.3,52.8,9.92,Winter,42.3,57.2
EN000683,L0023,2026-01-27,9.7,47.4,9.95,Winter,38.6,51.5
EN000684,L0023,2026-01-28,9.5,52.2,9.98,Winter,54.6,56.0
EN000685,L0023,2026-01-29,4.8,53.6,10.01,Winter,89.4,65.0
EN000686,L0023,2026-01-30,5.0,58.9,10.04,Winter,43.4,49.1
EN000687,L0023,2026-01-31,8.4,62.0,10.07,Winter,69.6,55.7
EN000688,L0023,2026-02-01,6.3,59.5,10.1,Winter,60.5,56.0
EN000689,L0023,2026-02-02,3.7,55.7,10.13,Winter,70.1,52.0
EN000690,L0023,2026-02-03,7.8,57.0,10.16,Winter,65.5,62.4
EN000691,L0024,2026-01-05,5.1,45.3,9.4,Winter,47.5,62.4
EN000692,L0024,2026-01-06,5.4,50.8,9.41,Winter,29.5,66.8
EN000693,L0024,2026-01-07,7.8,59.6,9.43,Winter,68.5,60.9
EN000694,L0024,2026-01-08,5.9,54.0,9.44,Winter,49.0,71.2
EN000695,L0024,2026-01-09,7.3,52.2,9.46,Winter,61.5,52.9
EN000696,L0024,2026-01-10,9.0,51.0,9.48,Winter,62.0,63.3
EN000697,L0024,2026-01-11,6.9,55.6,9.49,Winter,55.2,57.7
EN000698,L0024,2026-01-12,5.2,52.3,9.51,Winter,75.7,57.5
EN000699,L0024,2026-01-13,4.8,51.9,9.53,Winter,70.4,61.4
EN000700,L0024,2026-01-14,7.2,53.5,9.55,Winter,63.0,54.8
EN000701,L0024,2026-01-15,5.7,60.8,9.58,Winter,67.2,53.1
EN000702,L0024,2026-01-16,4.7,55.7,9.6,Winter,79.2,48.4
EN000703,L0024,2026-01-17,6.7,46.7,9.62,Winter,46.1,56.2
EN000704,L0024,2026-01-18,5.4,51.8,9.65,Winter,55.1,55.3
EN000705,L0024,2026-01-19,3.6,59.7,9.67,Winter,65.5,62.2
EN000706,L0024,2026-01-20,3.4,56.8,9.7,Winter,64.5,52.8
EN000707,L0024,2026-01-21,6.2,54.3,9.72,Winter,80.8,67.6
EN000708,L0024,2026-01-22,3.2,70.0,9.75,Winter,42.2,62.9
EN000709,L0024,2026-01-23,8.0,49.0,9.78,Winter,61.9,57.5
EN000710,L0024,2026-01-24,7.2,56.4,9.8,Winter,71.7,58.4
EN000711,L0024,2026-01-25,6.0,61.6,9.83,Winter,63.1,61.7
EN000712,L0024,2026-01-26,5.1,48.7,9.86,Winter,47.1,54.9
EN000713,L0024,2026-01-27,7.7,60.9,9.89,Winter,52.8,65.2
EN000714,L0024,2026-01-28,8.8,56.5,9.92,Winter,43.5,65.9
EN000715,L0024,2026-01-29,6.2,55.8,9.95,Winter,50.2,53.6
EN000716,L0024,2026-01-30,3.7,58.8,9.98,Winter,44.0,73.3
EN000717,L0024,2026-01-31,4.5,47.5,10.01,Winter,62.1,65.6
EN000718,L0024,2026-02-01,6.6,58.4,10.05,Winter,29.2,54.6
EN000719,L0024,2026-02-02,4.5,43.6,10.08,Winter,56.6,46.8
EN000720,L0024,2026-02-03,4.1,51.8,10.11,Winter,43.4,60.0
EN000721,L0025,2026-01-05,21.5,63.4,12.07,Summer,70.5,63.7
EN000722,L0025,2026-01-06,21.0,59.8,12.07,Summer,67.2,58.7
EN000723,L0025,2026-01-07,20.3,56.0,12.07,Summer,48.6,60.1
EN000724,L0025,2026-01-08,20.8,54.0,12.07,Summer,50.7,51.9
EN000725,L0025,2026-01-09,22.7,58.5,12.07,Summer,47.9,62.0
EN000726,L0025,2026-01-10,20.0,49.6,12.07,Summer,74.3,55.3
EN000727,L0025,2026-01-11,20.3,58.2,12.07,Summer,76.0,58.1
EN000728,L0025,2026-01-12,18.8,61.3,12.07,Summer,53.2,67.4
EN000729,L0025,2026-01-13,21.0,44.6,12.07,Summer,65.0,67.7
EN000730,L0025,2026-01-14,23.8,69.0,12.07,Summer,45.7,62.6
EN000731,L0025,2026-01-15,19.7,59.3,12.07,Summer,42.2,54.8
EN000732,L0025,2026-01-16,19.8,63.4,12.07,Summer,71.2,59.4
EN000733,L0025,2026-01-17,18.6,56.1,12.07,Summer,49.6,62.3
EN000734,L0025,2026-01-18,23.1,64.3,12.07,Summer,49.4,44.3
EN000735,L0025,2026-01-19,17.8,66.5,12.06,Summer,54.4,54.2
EN000736,L0025,2026-01-20,23.9,65.6,12.06,Summer,60.3,56.5
EN000737,L0025,2026-01-21,20.7,59.4,12.06,Summer,82.4,60.1
EN000738,L0025,2026-01-22,22.3,65.0,12.06,Summer,43.6,61.8
EN000739,L0025,2026-01-23,20.4,42.9,12.06,Summer,30.2,52.9
EN000740,L0025,2026-01-24,21.9,58.7,12.06,Summer,62.6,67.8
EN000741,L0025,2026-01-25,18.7,57.8,12.06,Summer,64.3,54.3
EN000742,L0025,2026-01-26,21.0,48.4,12.06,Summer,79.7,54.6
EN000743,L0025,2026-01-27,24.6,57.8,12.06,Summer,74.4,57.7
EN000744,L0025,2026-01-28,20.9,54.5,12.06,Summer,61.7,59.6
EN000745,L0025,2026-01-29,19.5,57.2,12.06,Summer,51.5,69.5
EN000746,L0025,2026-01-30,20.7,67.3,12.06,Summer,57.3,59.3
EN000747,L0025,2026-01-31,18.5,55.3,12.06,Summer,62.9,65.9
EN000748,L0025,2026-02-01,21.3,66.3,12.05,Summer,69.0,66.1
EN000749,L0025,2026-02-02,20.8,72.3,12.05,Summer,53.2,54.2
EN000750,L0025,2026-02-03,18.7,72.0,12.05,Summer,71.5,56.3
EN000751,L0026,2026-01-05,15.0,39.1,10.14,Winter,117.5,50.3
EN000752,L0026,2026-01-06,12.2,32.2,10.15,Winter,62.4,63.3
EN000753,L0026,2026-01-07,12.2,39.4,10.16,Winter,123.0,56.2
EN000754,L0026,2026-01-08,11.9,35.7,10.17,Winter,103.8,55.2
EN000755,L0026,2026-01-09,11.5,41.3,10.18,Winter,95.3,47.8
EN000756,L0026,2026-01-10,10.4,44.0,10.2,Winter,95.6,54.2
EN000757,L0026,2026-01-11,12.2,35.1,10.21,Winter,100.3,51.2
EN000758,L0026,2026-01-12,11.0,36.6,10.22,Winter,88.6,60.9
EN000759,L0026,2026-01-13,10.3,37.1,10.24,Winter,105.3,60.4
EN000760,L0026,2026-01-14,12.8,34.4,10.25,Winter,78.3,57.6
EN000761,L0026,2026-01-15,14.8,34.3,10.27,Winter,77.5,55.5
EN000762,L0026,2026-01-16,12.9,32.8,10.28,Winter,96.8,60.6
EN000763,L0026,2026-01-17,14.1,43.5,10.3,Winter,103.9,53.3
EN000764,L0026,2026-01-18,10.9,34.5,10.31,Winter,83.7,52.3
EN000765,L0026,2026-01-19,11.7,32.2,10.33,Winter,80.6,56.4
EN000766,L0026,2026-01-20,14.6,36.2,10.35,Winter,124.6,58.9
EN000767,L0026,2026-01-21,12.0,35.0,10.37,Winter,93.6,60.2
EN000768,L0026,2026-01-22,16.3,29.9,10.39,Winter,102.0,59.0
EN000769,L0026,2026-01-23,9.7,39.6,10.41,Winter,107.7,53.7
EN000770,L0026,2026-01-24,12.5,24.6,10.43,Winter,72.4,63.2
EN000771,L0026,2026-01-25,11.7,28.3,10.45,Winter,93.2,55.4
EN000772,L0026,2026-01-26,11.8,39.4,10.47,Winter,73.7,53.5
EN000773,L0026,2026-01-27,12.9,40.8,10.49,Winter,107.3,54.7
EN000774,L0026,2026-01-28,14.3,30.3,10.51,Winter,115.6,52.3
EN000775,L0026,2026-01-29,15.1,31.1,10.53,Winter,118.2,61.0
EN000776,L0026,2026-01-30,10.9,31.9,10.55,Winter,100.9,63.3
EN000777,L0026,2026-01-31,12.6,35.3,10.58,Winter,100.6,58.7
EN000778,L0026,2026-02-01,10.5,30.1,10.6,Winter,93.3,64.1
EN000779,L0026,2026-02-02,15.8,39.7,10.62,Winter,94.0,61.7
EN000780,L0026,2026-02-03,11.7,34.1,10.65,Winter,78.5,51.8
EN000781,L0027,2026-01-05,25.6,76.1,11.64,Winter,94.6,60.7
EN000782,L0027,2026-01-06,25.5,78.3,11.64,Winter,84.4,60.1
EN000783,L0027,2026-01-07,23.7,77.2,11.64,Winter,94.4,54.7
EN000784,L0027,2026-01-08,25.1,71.3,11.64,Winter,77.6,52.4
EN000785,L0027,2026-01-09,27.3,81.4,11.64,Winter,92.5,67.9
EN000786,L0027,2026-01-10,24.7,93.2,11.65,Winter,81.8,59.3
EN000787,L0027,2026-01-11,24.3,77.2,11.65,Winter,96.7,57.4
EN000788,L0027,2026-01-12,28.2,76.4,11.65,Winter,88.8,53.5
EN000789,L0027,2026-01-13,25.8,74.2,11.65,Winter,76.5,54.1
EN000790,L0027,2026-01-14,29.8,73.4,11.66,Winter,64.6,54.5
EN000791,L0027,2026-01-15,24.9,78.3,11.66,Winter,92.8,61.4
EN000792,L0027,2026-01-16,23.8,77.0,11.66,Winter,72.7,54.9
EN000793,L0027,2026-01-17,23.3,67.9,11.67,Winter,99.9,61.4
EN000794,L0027,2026-01-18,26.8,75.2,11.67,Winter,95.9,49.2
EN000795,L0027,2026-01-19,26.6,76.1,11.67,Winter,93.8,59.9
EN000796,L0027,2026-01-20,23.2,66.0,11.68,Winter,75.0,60.8
EN000797,L0027,2026-01-21,26.2,66.8,11.68,Winter,71.3,54.4
EN000798,L0027,2026-01-22,24.4,66.8,11.68,Winter,65.1,53.9
EN000799,L0027,2026-01-23,25.2,67.9,11.69,Winter,83.4,63.3
EN000800,L0027,2026-01-24,22.7,73.8,11.69,Winter,99.3,55.9
EN000801,L0027,2026-01-25,24.0,82.0,11.69,Winter,80.7,63.5
EN000802,L0027,2026-01-26,25.8,72.9,11.7,Winter,91.7,59.6
EN000803,L0027,2026-01-27,26.9,71.7,11.7,Winter,85.6,57.7
EN000804,L0027,2026-01-28,26.3,68.8,11.71,Winter,99.2,60.3
EN000805,L0027,2026-01-29,22.7,82.2,11.71,Winter,116.3,63.0
EN000806,L0027,2026-01-30,27.6,75.5,11.72,Winter,61.7,48.8
EN000807,L0027,2026-01-31,25.5,71.4,11.72,Winter,72.2,57.7
EN000808,L0027,2026-02-01,26.2,66.3,11.72,Winter,78.7,65.5
EN000809,L0027,2026-02-02,23.1,80.2,11.73,Winter,78.2,60.7
EN000810,L0027,2026-02-03,27.1,79.4,11.73,Winter,97.7,52.2
EN000811,L0028,2026-01-05,24.8,49.9,14.17,Summer,58.6,59.3
EN000812,L0028,2026-01-06,23.7,57.0,14.16,Summer,43.2,51.3
EN000813,L0028,2026-01-07,24.4,56.1,14.15,Summer,71.1,57.8
EN000814,L0028,2026-01-08,20.3,60.8,14.13,Summer,49.8,59.7
EN000815,L0028,2026-01-09,21.7,64.9,14.12,Summer,42.7,56.3
EN000816,L0028,2026-01-10,23.1,48.4,14.11,Summer,59.6,66.1
EN000817,L0028,2026-01-11,22.0,57.4,14.09,Summer,16.5,57.8
EN000818,L0028,2026-01-12,22.3,50.1,14.07,Summer,70.1,56.4
EN000819,L0028,2026-01-13,22.6,52.7,14.06,Summer,28.2,52.3
EN000820,L0028,2026-01-14,24.6,42.3,14.04,Summer,44.3,56.0
EN000821,L0028,2026-01-15,26.0,59.6,14.02,Summer,47.2,64.5
EN000822,L0028,2026-01-16,21.6,61.1,14.0,Summer,36.0,63.4
EN000823,L0028,2026-01-17,22.2,48.8,13.99,Summer,52.0,59.4
EN000824,L0028,2026-01-18,22.0,58.3,13.97,Summer,46.8,61.1
EN000825,L0028,2026-01-19,23.7,54.6,13.95,Summer,48.8,58.8
EN000826,L0028,2026-01-20,23.9,67.4,13.92,Summer,68.2,62.9
EN000827,L0028,2026-01-21,28.4,58.1,13.9,Summer,61.8,61.5
EN000828,L0028,2026-01-22,21.0,52.3,13.88,Summer,47.9,61.2
EN000829,L0028,2026-01-23,22.5,55.8,13.86,Summer,70.2,62.3
EN000830,L0028,2026-01-24,22.5,51.0,13.84,Summer,70.9,61.9
EN000831,L0028,2026-01-25,19.9,53.1,13.81,Summer,57.3,61.9
EN000832,L0028,2026-01-26,24.4,56.7,13.79,Summer,63.2,58.3
EN000833,L0028,2026-01-27,21.5,53.4,13.76,Summer,55.3,57.8
EN000834,L0028,2026-01-28,19.3,52.6,13.74,Summer,55.8,56.6
EN000835,L0028,2026-01-29,22.2,57.9,13.71,Summer,39.9,49.9
EN000836,L0028,2026-01-30,22.0,59.6,13.69,Summer,78.6,61.9
EN000837,L0028,2026-01-31,20.0,53.6,13.66,Summer,58.6,58.9
EN000838,L0028,2026-02-01,23.5,49.5,13.63,Summer,55.9,60.1
EN000839,L0028,2026-02-02,24.0,50.2,13.61,Summer,50.2,44.5
EN000840,L0028,2026-02-03,21.4,51.9,13.58,Summer,40.7,58.8
EN000841,L0029,2026-01-05,21.9,41.4,13.58,Summer,68.0,53.4
EN000842,L0029,2026-01-06,22.9,47.3,13.57,Summer,65.4,56.6
EN000843,L0029,2026-01-07,22.5,55.7,13.56,Summer,61.4,50.3
EN000844,L0029,2026-01-08,19.4,51.5,13.55,Summer,64.9,55.0
EN000845,L0029,2026-01-09,23.2,53.3,13.54,Summer,51.5,56.6
EN000846,L0029,2026-01-10,22.5,56.9,13.53,Summer,91.3,54.7
EN000847,L0029,2026-01-11,21.9,57.6,13.52,Summer,64.7,55.5
EN000848,L0029,2026-01-12,19.3,51.9,13.51,Summer,50.0,49.4
EN000849,L0029,2026-01-13,20.6,48.7,13.5,Summer,73.2,61.0
EN000850,L0029,2026-01-14,20.4,53.4,13.48,Summer,39.0,55.5
EN000851,L0029,2026-01-15,22.8,59.9,13.47,Summer,55.0,63.3
EN000852,L0029,2026-01-16,19.3,47.5,13.46,Summer,74.9,66.4
EN000853,L0029,2026-01-17,23.0,54.8,13.44,Summer,34.3,47.9
EN000854,L0029,2026-01-18,22.3,52.9,13.43,Summer,49.5,58.3
EN000855,L0029,2026-01-19,22.3,60.7,13.42,Summer,66.9,64.1
EN000856,L0029,2026-01-20,22.1,54.3,13.4,Summer,79.9,53.1
EN000857,L0029,2026-01-21,27.1,57.3,13.39,Summer,70.3,60.6
EN000858,L0029,2026-01-22,25.4,59.8,13.37,Summer,42.5,65.0
EN000859,L0029,2026-01-23,21.4,55.6,13.35,Summer,47.1,60.6
EN000860,L0029,2026-01-24,20.8,55.6,13.34,Summer,61.0,67.6
EN000861,L0029,2026-01-25,25.5,55.3,13.32,Summer,65.9,56.1
EN000862,L0029,2026-01-26,23.9,53.0,13.3,Summer,59.1,62.9
EN000863,L0029,2026-01-27,21.0,54.8,13.28,Summer,42.9,61.5
EN000864,L0029,2026-01-28,25.4,59.3,13.27,Summer,85.5,53.8
EN000865,L0029,2026-01-29,22.3,49.3,13.25,Summer,61.8,61.9
EN000866,L0029,2026-01-30,22.0,46.5,13.23,Summer,46.6,51.1
EN000867,L0029,2026-01-31,22.7,67.4,13.21,Summer,84.1,48.5
EN000868,L0029,2026-02-01,24.3,60.6,13.19,Summer,43.4,56.5
EN000869,L0029,2026-02-02,23.7,58.3,13.17,Summer,46.7,61.1
EN000870,L0029,2026-02-03,17.9,53.7,13.15,Summer,80.9,58.1
EN000871,L0030,2026-01-05,24.1,80.3,11.69,Winter,98.6,64.6
EN000872,L0030,2026-01-06,26.6,81.5,11.69,Winter,95.3,59.3
EN000873,L0030,2026-01-07,25.2,73.6,11.69,Winter,68.0,53.2
EN000874,L0030,2026-01-08,24.5,76.4,11.69,Winter,105.2,57.8
EN000875,L0030,2026-01-09,26.8,81.5,11.69,Winter,81.8,61.0
EN000876,L0030,2026-01-10,24.6,82.9,11.7,Winter,93.9,52.0
EN000877,L0030,2026-01-11,25.3,84.9,11.7,Winter,82.5,60.2
EN000878,L0030,2026-01-12,26.0,68.8,11.7,Winter,92.1,51.0
EN000879,L0030,2026-01-13,23.9,81.5,11.7,Winter,90.0,56.5
EN000880,L0030,2026-01-14,25.8,74.6,11.71,Winter,85.2,61.3
EN000881,L0030,2026-01-15,23.7,75.2,11.71,Winter,80.6,50.1
EN000882,L0030,2026-01-16,23.3,84.4,11.71,Winter,90.4,51.4
EN000883,L0030,2026-01-17,22.2,74.3,11.71,Winter,106.9,57.1
EN000884,L0030,2026-01-18,27.4,77.1,11.72,Winter,91.6,51.3
EN000885,L0030,2026-01-19,26.7,73.0,11.72,Winter,97.1,53.9
EN000886,L0030,2026-01-20,25.3,77.1,11.72,Winter,82.8,60.0
EN000887,L0030,2026-01-21,24.5,71.1,11.73,Winter,107.5,63.2
EN000888,L0030,2026-01-22,23.6,78.4,11.73,Winter,74.6,52.1
EN000889,L0030,2026-01-23,26.9,64.8,11.73,Winter,98.0,56.7
EN000890,L0030,2026-01-24,24.6,77.5,11.73,Winter,93.1,53.9
EN000891,L0030,2026-01-25,26.3,75.7,11.74,Winter,67.4,57.2
EN000892,L0030,2026-01-26,27.5,85.1,11.74,Winter,95.0,52.0
EN000893,L0030,2026-01-27,25.9,80.1,11.75,Winter,95.2,61.9
EN000894,L0030,2026-01-28,25.7,74.6,11.75,Winter,76.5,48.5
EN000895,L0030,2026-01-29,25.7,76.1,11.75,Winter,92.8,51.3
EN000896,L0030,2026-01-30,26.2,87.3,11.76,Winter,86.1,57.7
EN000897,L0030,2026-01-31,25.6,87.2,11.76,Winter,70.7,59.0
EN000898,L0030,2026-02-01,23.6,71.7,11.76,Winter,84.3,64.7
EN000899,L0030,2026-02-02,28.3,77.7,11.77,Winter,79.7,70.5
EN000900,L0030,2026-02-03,24.3,71.6,11.77,Winter,60.2,65.0
EN000901,L0031,2026-01-05,16.8,72.5,11.49,Winter,40.5,65.3
EN000902,L0031,2026-01-06,15.2,62.8,11.5,Winter,36.9,65.3
EN000903,L0031,2026-01-07,16.5,57.8,11.5,Winter,69.0,54.2
EN000904,L0031,2026-01-08,14.0,55.2,11.5,Winter,34.1,62.3
EN000905,L0031,2026-01-09,17.2,53.8,11.51,Winter,64.9,56.7
EN000906,L0031,2026-01-10,15.6,54.2,11.51,Winter,47.6,63.3
EN000907,L0031,2026-01-11,14.9,70.1,11.51,Winter,60.6,53.4
EN000908,L0031,2026-01-12,17.2,61.8,11.52,Winter,70.2,64.0
EN000909,L0031,2026-01-13,13.8,57.2,11.52,Winter,57.6,51.5
EN000910,L0031,2026-01-14,14.5,66.0,11.52,Winter,63.3,51.3
EN000911,L0031,2026-01-15,12.2,68.0,11.53,Winter,58.7,54.8
EN000912,L0031,2026-01-16,14.5,49.1,11.53,Winter,79.9,56.0
EN000913,L0031,2026-01-17,17.5,58.3,11.54,Winter,80.0,59.3
EN000914,L0031,2026-01-18,16.5,62.3,11.54,Winter,68.7,59.7
EN000915,L0031,2026-01-19,14.6,69.5,11.55,Winter,47.3,58.0
EN000916,L0031,2026-01-20,15.0,60.4,11.55,Winter,54.0,59.6
EN000917,L0031,2026-01-21,14.7,48.5,11.55,Winter,60.1,52.5
EN000918,L0031,2026-01-22,11.9,58.8,11.56,Winter,66.8,60.6
EN000919,L0031,2026-01-23,16.0,46.4,11.56,Winter,40.9,67.9
EN000920,L0031,2026-01-24,13.1,61.7,11.57,Winter,50.4,58.4
EN000921,L0031,2026-01-25,13.9,61.4,11.58,Winter,61.9,55.8
EN000922,L0031,2026-01-26,13.1,59.6,11.58,Winter,43.0,60.1
EN000923,L0031,2026-01-27,19.8,66.1,11.59,Winter,70.1,57.6
EN000924,L0031,2026-01-28,11.6,50.1,11.59,Winter,78.0,54.1
EN000925,L0031,2026-01-29,13.8,57.0,11.6,Winter,45.1,51.9
EN000926,L0031,2026-01-30,15.0,52.7,11.6,Winter,49.6,54.1
EN000927,L0031,2026-01-31,16.0,56.6,11.61,Winter,57.5,61.0
EN000928,L0031,2026-02-01,14.8,56.3,11.62,Winter,66.6,61.3
EN000929,L0031,2026-02-02,14.8,58.5,11.62,Winter,49.1,53.7
EN000930,L0031,2026-02-03,16.5,60.7,11.63,Winter,66.4,59.4
EN000931,L0032,2026-01-05,7.2,59.2,9.86,Winter,68.1,62.6
EN000932,L0032,2026-01-06,6.9,63.3,9.87,Winter,58.2,61.2
EN000933,L0032,2026-01-07,7.6,56.5,9.88,Winter,44.7,61.5
EN000934,L0032,2026-01-08,12.2,52.8,9.89,Winter,56.0,55.8
EN000935,L0032,2026-01-09,6.2,64.3,9.91,Winter,45.6,55.6
EN000936,L0032,2026-01-10,4.2,50.5,9.92,Winter,31.1,61.2
EN000937,L0032,2026-01-11,12.1,52.8,9.94,Winter,31.7,62.5
EN000938,L0032,2026-01-12,5.7,62.8,9.95,Winter,51.1,54.8
EN000939,L0032,2026-01-13,6.7,59.5,9.97,Winter,51.8,55.5
EN000940,L0032,2026-01-14,6.6,47.4,9.99,Winter,60.6,49.1
EN000941,L0032,2026-01-15,6.2,59.6,10.0,Winter,59.2,61.0
EN000942,L0032,2026-01-16,6.8,62.0,10.02,Winter,67.9,60.2
EN000943,L0032,2026-01-17,8.6,59.5,10.04,Winter,48.8,51.3
EN000944,L0032,2026-01-18,7.7,58.3,10.06,Winter,70.3,53.3
EN000945,L0032,2026-01-19,5.3,57.8,10.08,Winter,54.0,48.6
EN000946,L0032,2026-01-20,7.6,43.9,10.1,Winter,41.8,64.8
EN000947,L0032,2026-01-21,10.3,47.7,10.12,Winter,50.4,58.2
EN000948,L0032,2026-01-22,10.2,52.0,10.14,Winter,48.3,65.7
EN000949,L0032,2026-01-23,6.3,59.3,10.17,Winter,34.3,57.1
EN000950,L0032,2026-01-24,4.0,48.7,10.19,Winter,66.7,57.8
EN000951,L0032,2026-01-25,6.5,50.5,10.21,Winter,51.9,59.5
EN000952,L0032,2026-01-26,8.8,39.2,10.24,Winter,43.4,58.8
EN000953,L0032,2026-01-27,6.9,57.4,10.26,Winter,58.7,56.5
EN000954,L0032,2026-01-28,6.1,53.5,10.29,Winter,71.1,54.3
EN000955,L0032,2026-01-29,7.0,56.1,10.31,Winter,76.8,56.5
EN000956,L0032,2026-01-30,8.9,62.4,10.34,Winter,54.1,56.9
EN000957,L0032,2026-01-31,6.6,53.5,10.36,Winter,67.0,59.2
EN000958,L0032,2026-02-01,7.6,48.2,10.39,Winter,41.5,68.7
EN000959,L0032,2026-02-02,6.9,50.4,10.42,Winter,75.0,59.4
EN000960,L0032,2026-02-03,8.3,54.2,10.44,Winter,50.5,57.2
EN000961,L0033,2026-01-05,11.7,34.5,11.16,Winter,94.1,67.3
EN000962,L0033,2026-01-06,14.4,21.0,11.17,Winter,88.7,71.7
EN000963,L0033,2026-01-07,15.7,30.1,11.17,Winter,98.3,54.3
EN000964,L0033,2026-01-08,11.7,32.9,11.18,Winter,91.3,48.6
EN000965,L0033,2026-01-09,12.0,35.1,11.18,Winter,84.3,60.0
EN000966,L0033,2026-01-10,11.9,39.3,11.19,Winter,73.4,66.2
EN000967,L0033,2026-01-11,11.0,28.4,11.19,Winter,95.8,66.3
EN000968,L0033,2026-01-12,14.6,38.4,11.2,Winter,90.2,52.9
EN000969,L0033,2026-01-13,13.1,27.7,11.2,Winter,72.1,60.0
EN000970,L0033,2026-01-14,12.0,36.9,11.21,Winter,71.8,59.5
EN000971,L0033,2026-01-15,13.1,43.4,11.22,Winter,94.5,64.2
EN000972,L0033,2026-01-16,12.6,35.3,11.22,Winter,76.3,55.9
EN000973,L0033,2026-01-17,13.5,30.6,11.23,Winter,73.0,50.9
EN000974,L0033,2026-01-18,9.8,28.7,11.24,Winter,98.8,50.0
EN000975,L0033,2026-01-19,11.5,45.7,11.25,Winter,81.1,59.6
EN000976,L0033,2026-01-20,15.2,39.0,11.26,Winter,68.7,56.8
EN000977,L0033,2026-01-21,11.1,49.7,11.26,Winter,67.7,52.8
EN000978,L0033,2026-01-22,12.2,26.0,11.27,Winter,108.9,70.1
EN000979,L0033,2026-01-23,13.2,27.1,11.28,Winter,58.7,56.8
EN000980,L0033,2026-01-24,13.5,31.1,11.29,Winter,93.1,60.0
EN000981,L0033,2026-01-25,14.7,33.1,11.3,Winter,74.6,61.3
EN000982,L0033,2026-01-26,14.1,40.3,11.31,Winter,101.1,50.9
EN000983,L0033,2026-01-27,11.6,30.5,11.32,Winter,75.2,61.8
EN000984,L0033,2026-01-28,14.8,41.6,11.33,Winter,95.6,59.0
EN000985,L0033,2026-01-29,16.4,37.8,11.34,Winter,91.0,65.4
EN000986,L0033,2026-01-30,14.4,33.2,11.35,Winter,78.3,61.5
EN000987,L0033,2026-01-31,16.5,34.7,11.36,Winter,108.3,48.1
EN000988,L0033,2026-02-01,14.2,34.8,11.37,Winter,79.8,69.9
EN000989,L0033,2026-02-02,14.2,32.6,11.38,Winter,90.4,48.0
EN000990,L0033,2026-02-03,13.0,40.9,11.39,Winter,81.2,53.9
EN000991,L0034,2026-01-05,27.4,83.0,11.98,Winter,92.2,55.7
EN000992,L0034,2026-01-06,24.6,70.2,11.98,Winter,71.1,52.8
EN000993,L0034,2026-01-07,23.9,68.8,11.98,Winter,63.1,59.1
EN000994,L0034,2026-01-08,25.4,85.2,11.98,Winter,75.6,59.5
EN000995,L0034,2026-01-09,25.6,73.5,11.98,Winter,95.4,61.9
EN000996,L0034,2026-01-10,25.6,73.5,11.98,Winter,80.0,51.2
EN000997,L0034,2026-01-11,23.6,71.3,11.98,Winter,69.3,60.2
EN000998,L0034,2026-01-12,27.2,69.6,11.98,Winter,89.0,52.8
EN000999,L0034,2026-01-13,24.5,70.9,11.98,Winter,93.4,54.6
EN001000,L0034,2026-01-14,26.8,73.5,11.98,Winter,75.9,51.7
EN001001,L0034,2026-01-15,25.5,80.4,11.98,Winter,88.8,69.2
EN001002,L0034,2026-01-16,27.6,73.2,11.98,Winter,80.5,60.3
EN001003,L0034,2026-01-17,23.5,82.0,11.98,Winter,90.1,59.3
EN001004,L0034,2026-01-18,26.2,85.3,11.98,Winter,87.4,57.4
EN001005,L0034,2026-01-19,27.7,80.8,11.98,Winter,80.5,58.0
EN001006,L0034,2026-01-20,25.4,77.2,11.98,Winter,66.0,50.3
EN001007,L0034,2026-01-21,23.4,69.2,11.98,Winter,76.0,61.2
EN001008,L0034,2026-01-22,24.7,76.2,11.98,Winter,67.9,55.7
EN001009,L0034,2026-01-23,26.1,78.6,11.98,Winter,74.9,58.8
EN001010,L0034,2026-01-24,29.0,74.9,11.98,Winter,75.3,57.1
EN001011,L0034,2026-01-25,25.2,74.1,11.98,Winter,84.6,50.8
EN001012,L0034,2026-01-26,23.3,74.1,11.98,Winter,82.7,55.2
EN001013,L0034,2026-01-27,24.7,75.4,11.98,Winter,97.5,57.5
EN001014,L0034,2026-01-28,25.8,71.8,11.98,Winter,93.0,59.9
EN001015,L0034,2026-01-29,26.6,79.3,11.98,Winter,93.2,57.5
EN001016,L0034,2026-01-30,25.5,81.4,11.98,Winter,75.9,54.9
EN001017,L0034,2026-01-31,25.4,77.5,11.99,Winter,73.5,57.6
EN001018,L0034,2026-02-01,24.9,61.7,11.99,Winter,81.9,57.2
EN001019,L0034,2026-02-02,24.8,83.5,11.99,Winter,68.0,53.9
EN001020,L0034,2026-02-03,20.4,72.1,11.99,Winter,79.5,55.5
EN001021,L0035,2026-01-05,8.7,60.2,9.58,Winter,56.1,56.1
EN001022,L0035,2026-01-06,8.5,54.9,9.59,Winter,43.5,49.4
EN001023,L0035,2026-01-07,5.8,59.5,9.6,Winter,86.9,58.3
EN001024,L0035,2026-01-08,5.2,47.9,9.62,Winter,62.7,49.2
EN001025,L0035,2026-01-09,7.6,59.9,9.63,Winter,61.1,56.9
EN001026,L0035,2026-01-10,7.6,56.0,9.65,Winter,44.1,67.3
EN001027,L0035,2026-01-11,5.9,59.7,9.67,Winter,21.1,64.4
EN001028,L0035,2026-01-12,9.2,55.2,9.69,Winter,62.8,60.8
EN001029,L0035,2026-01-13,5.3,58.3,9.7,Winter,43.7,55.0
EN001030,L0035,2026-01-14,8.5,60.8,9.72,Winter,45.1,54.3
EN001031,L0035,2026-01-15,5.3,59.4,9.74,Winter,41.0,59.8
EN001032,L0035,2026-01-16,7.8,54.5,9.76,Winter,69.1,56.5
EN001033,L0035,2026-01-17,6.1,49.1,9.79,Winter,69.2,54.2
EN001034,L0035,2026-01-18,7.1,54.6,9.81,Winter,40.3,55.0
EN001035,L0035,2026-01-19,9.0,56.2,9.83,Winter,40.9,59.5
EN001036,L0035,2026-01-20,6.2,75.7,9.85,Winter,59.0,56.1
EN001037,L0035,2026-01-21,9.0,44.0,9.88,Winter,56.3,68.0
EN001038,L0035,2026-01-22,6.3,44.6,9.9,Winter,49.5,65.3
EN001039,L0035,2026-01-23,7.2,50.0,9.93,Winter,45.4,55.2
EN001040,L0035,2026-01-24,7.2,63.0,9.95,Winter,69.7,60.3
EN001041,L0035,2026-01-25,4.1,47.0,9.98,Winter,62.5,51.3
EN001042,L0035,2026-01-26,6.2,56.8,10.01,Winter,39.1,52.9
EN001043,L0035,2026-01-27,6.4,58.0,10.03,Winter,69.9,61.0
EN001044,L0035,2026-01-28,6.7,50.5,10.06,Winter,40.0,55.4
EN001045,L0035,2026-01-29,7.4,57.0,10.09,Winter,25.6,54.1
EN001046,L0035,2026-01-30,8.8,55.5,10.12,Winter,35.2,69.8
EN001047,L0035,2026-01-31,6.6,57.3,10.15,Winter,60.6,56.2
EN001048,L0035,2026-02-01,5.4,67.7,10.18,Winter,69.0,62.1
EN001049,L0035,2026-02-02,7.8,49.0,10.21,Winter,72.9,53.8
EN001050,L0035,2026-02-03,7.3,45.2,10.24,Winter,26.4,59.6
EN001051,L0036,2026-01-05,27.5,63.1,12.38,Summer,98.6,68.6
EN001052,L0036,2026-01-06,31.5,73.5,12.38,Summer,91.1,62.4
EN001053,L0036,2026-01-07,31.0,72.9,12.38,Summer,91.5,59.5
EN001054,L0036,2026-01-08,30.0,74.2,12.37,Summer,89.3,64.9
EN001055,L0036,2026-01-09,31.2,77.9,12.37,Summer,115.1,56.1
EN001056,L0036,2026-01-10,31.9,78.3,12.37,Summer,136.8,52.0
EN001057,L0036,2026-01-11,27.8,77.5,12.37,Summer,96.6,67.8
EN001058,L0036,2026-01-12,27.8,80.4,12.36,Summer,107.3,61.5
EN001059,L0036,2026-01-13,27.3,83.4,12.36,Summer,108.2,61.0
EN001060,L0036,2026-01-14,29.4,76.4,12.36,Summer,89.9,61.2
EN001061,L0036,2026-01-15,29.1,69.9,12.35,Summer,76.3,54.2
EN001062,L0036,2026-01-16,29.4,74.8,12.35,Summer,94.0,60.5
EN001063,L0036,2026-01-17,27.9,83.8,12.35,Summer,87.3,55.8
EN001064,L0036,2026-01-18,29.9,64.0,12.34,Summer,79.9,62.9
EN001065,L0036,2026-01-19,25.9,81.7,12.34,Summer,112.2,56.2
EN001066,L0036,2026-01-20,29.5,81.7,12.34,Summer,84.5,62.3
EN001067,L0036,2026-01-21,27.8,72.1,12.33,Summer,79.8,59.7
EN001068,L0036,2026-01-22,31.1,73.9,12.33,Summer,73.2,52.6
EN001069,L0036,2026-01-23,29.7,86.1,12.33,Summer,96.5,56.1
EN001070,L0036,2026-01-24,30.4,73.6,12.32,Summer,85.7,53.2
EN001071,L0036,2026-01-25,31.5,59.8,12.32,Summer,102.2,55.7
EN001072,L0036,2026-01-26,28.2,85.2,12.31,Summer,81.0,54.6
EN001073,L0036,2026-01-27,28.7,77.5,12.31,Summer,84.8,50.1
EN001074,L0036,2026-01-28,27.4,82.7,12.31,Summer,92.0,60.3
EN001075,L0036,2026-01-29,28.5,71.0,12.3,Summer,114.5,57.1
EN001076,L0036,2026-01-30,28.1,81.6,12.3,Summer,80.9,55.0
EN001077,L0036,2026-01-31,28.9,75.0,12.29,Summer,94.6,68.5
EN001078,L0036,2026-02-01,29.5,60.7,12.29,Summer,95.6,58.2
EN001079,L0036,2026-02-02,29.0,76.5,12.28,Summer,90.6,57.7
EN001080,L0036,2026-02-03,30.0,71.7,12.28,Summer,77.7,73.1
EN001081,L0037,2026-01-05,-9.1,60.6,9.2,Winter,52.1,58.6
EN001082,L0037,2026-01-06,-9.5,57.3,9.21,Winter,87.6,60.4
EN001083,L0037,2026-01-07,-6.9,49.4,9.23,Winter,98.7,52.0
EN001084,L0037,2026-01-08,-5.2,66.1,9.25,Winter,81.1,53.7
EN001085,L0037,2026-01-09,-7.7,57.2,9.26,Winter,73.4,56.8
EN001086,L0037,2026-01-10,-11.7,66.7,9.28,Winter,71.9,55.6
EN001087,L0037,2026-01-11,-9.0,62.2,9.3,Winter,60.5,46.7
EN001088,L0037,2026-01-12,-7.3,63.1,9.32,Winter,70.2,52.3
EN001089,L0037,2026-01-13,-7.9,51.2,9.35,Winter,58.6,54.2
EN001090,L0037,2026-01-14,-6.6,57.8,9.37,Winter,66.7,67.8
EN001091,L0037,2026-01-15,-7.5,62.0,9.39,Winter,67.8,55.0
EN001092,L0037,2026-01-16,-12.0,65.8,9.42,Winter,79.3,57.1
EN001093,L0037,2026-01-17,-8.4,64.4,9.44,Winter,51.2,55.1
EN001094,L0037,2026-01-18,-10.2,70.6,9.47,Winter,85.3,47.0
EN001095,L0037,2026-01-19,-10.8,59.2,9.49,Winter,66.4,51.4
EN001096,L0037,2026-01-20,-4.6,61.9,9.52,Winter,79.6,54.5
EN001097,L0037,2026-01-21,-6.8,57.7,9.55,Winter,69.0,61.1
EN001098,L0037,2026-01-22,-11.0,69.6,9.58,Winter,75.6,64.4
EN001099,L0037,2026-01-23,-10.0,54.5,9.61,Winter,56.7,59.3
EN001100,L0037,2026-01-24,-7.9,57.2,9.64,Winter,58.8,51.7
EN001101,L0037,2026-01-25,-8.1,57.2,9.67,Winter,63.4,65.7
EN001102,L0037,2026-01-26,-8.1,67.6,9.7,Winter,65.5,59.2
EN001103,L0037,2026-01-27,-8.0,49.8,9.73,Winter,93.0,57.3
EN001104,L0037,2026-01-28,-6.5,55.5,9.76,Winter,70.7,53.7
EN001105,L0037,2026-01-29,-5.6,61.9,9.8,Winter,78.1,64.8
EN001106,L0037,2026-01-30,-5.7,64.6,9.83,Winter,53.1,54.5
EN001107,L0037,2026-01-31,-9.5,64.4,9.86,Winter,75.4,51.0
EN001108,L0037,2026-02-01,-8.0,51.0,9.9,Winter,72.3,49.7
EN001109,L0037,2026-02-02,-6.7,62.3,9.94,Winter,99.7,62.2
EN001110,L0037,2026-02-03,-8.3,64.9,9.97,Winter,53.4,53.2
EN001111,L0038,2026-01-05,7.7,42.1,9.82,Winter,54.5,52.9
EN001112,L0038,2026-01-06,7.2,48.5,9.83,Winter,60.9,58.1
EN001113,L0038,2026-01-07,9.5,55.0,9.84,Winter,44.2,56.8
EN001114,L0038,2026-01-08,4.6,57.4,9.86,Winter,63.3,70.3
EN001115,L0038,2026-01-09,5.9,53.4,9.87,Winter,46.9,59.1
EN001116,L0038,2026-01-10,7.6,54.7,9.88,Winter,70.2,54.9
EN001117,L0038,2026-01-11,8.7,58.2,9.9,Winter,54.8,56.4
EN001118,L0038,2026-01-12,11.3,50.1,9.92,Winter,59.2,54.2
EN001119,L0038,2026-01-13,10.1,60.3,9.93,Winter,45.5,60.6
EN001120,L0038,2026-01-14,7.4,51.9,9.95,Winter,65.6,59.9
EN001121,L0038,2026-01-15,7.3,54.7,9.97,Winter,61.0,59.1
EN001122,L0038,2026-01-16,7.0,51.2,9.99,Winter,78.7,52.7
EN001123,L0038,2026-01-17,7.7,53.1,10.01,Winter,79.6,53.5
EN001124,L0038,2026-01-18,5.6,49.2,10.02,Winter,59.5,51.1
EN001125,L0038,2026-01-19,6.0,42.1,10.05,Winter,58.4,55.5
EN001126,L0038,2026-01-20,4.2,61.5,10.07,Winter,36.7,62.0
EN001127,L0038,2026-01-21,5.6,64.6,10.09,Winter,65.5,53.0
EN001128,L0038,2026-01-22,5.3,58.6,10.11,Winter,51.3,57.2
EN001129,L0038,2026-01-23,9.2,50.5,10.13,Winter,56.3,62.8
EN001130,L0038,2026-01-24,8.4,54.0,10.16,Winter,51.0,49.3
EN001131,L0038,2026-01-25,5.1,56.9,10.18,Winter,53.1,58.4
EN001132,L0038,2026-01-26,8.8,47.9,10.2,Winter,51.7,58.9
EN001133,L0038,2026-01-27,5.7,63.6,10.23,Winter,67.7,59.5
EN001134,L0038,2026-01-28,10.3,46.0,10.25,Winter,54.9,59.8
EN001135,L0038,2026-01-29,5.4,56.8,10.28,Winter,39.5,61.5
EN001136,L0038,2026-01-30,9.0,56.6,10.31,Winter,29.1,53.2
EN001137,L0038,2026-01-31,8.1,55.1,10.33,Winter,17.3,64.2
EN001138,L0038,2026-02-01,7.4,50.1,10.36,Winter,68.9,54.6
EN001139,L0038,2026-02-02,5.9,57.2,10.39,Winter,79.9,66.1
EN001140,L0038,2026-02-03,7.9,57.8,10.41,Winter,66.1,51.7
EN001141,L0039,2026-01-05,-6.8,55.6,9.07,Winter,77.5,56.9
EN001142,L0039,2026-01-06,-7.1,60.7,9.09,Winter,30.0,58.9
EN001143,L0039,2026-01-07,-6.9,62.7,9.11,Winter,71.6,66.2
EN001144,L0039,2026-01-08,-7.5,62.6,9.12,Winter,87.6,59.8
EN001145,L0039,2026-01-09,-9.7,45.4,9.14,Winter,66.3,61.8
EN001146,L0039,2026-01-10,-8.8,64.8,9.16,Winter,75.1,64.4
EN001147,L0039,2026-01-11,-8.7,62.8,9.18,Winter,80.1,65.5
EN001148,L0039,2026-01-12,-11.3,57.2,9.21,Winter,84.9,65.7
EN001149,L0039,2026-01-13,-7.8,58.2,9.23,Winter,83.6,62.3
EN001150,L0039,2026-01-14,-8.9,62.0,9.25,Winter,89.5,67.5
EN001151,L0039,2026-01-15,-6.9,60.3,9.28,Winter,72.2,60.8
EN001152,L0039,2026-01-16,-8.5,61.1,9.3,Winter,58.2,64.5
EN001153,L0039,2026-01-17,-10.3,57.4,9.33,Winter,74.4,68.0
EN001154,L0039,2026-01-18,-9.0,56.0,9.36,Winter,65.3,66.3
EN001155,L0039,2026-01-19,-13.3,54.0,9.38,Winter,111.2,61.0
EN001156,L0039,2026-01-20,-10.3,59.7,9.41,Winter,73.9,62.2
EN001157,L0039,2026-01-21,-4.9,62.3,9.44,Winter,65.4,61.9
EN001158,L0039,2026-01-22,-9.5,53.8,9.47,Winter,48.4,50.2
EN001159,L0039,2026-01-23,-9.8,52.9,9.5,Winter,77.4,52.0
EN001160,L0039,2026-01-24,-13.9,53.7,9.53,Winter,66.4,55.0
EN001161,L0039,2026-01-25,-5.4,56.3,9.57,Winter,85.3,57.9
EN001162,L0039,2026-01-26,-8.2,55.0,9.6,Winter,72.2,54.2
EN001163,L0039,2026-01-27,-7.8,58.6,9.63,Winter,59.8,63.0
EN001164,L0039,2026-01-28,-7.3,57.3,9.67,Winter,75.0,57.6
EN001165,L0039,2026-01-29,-9.6,60.4,9.7,Winter,64.3,53.3
EN001166,L0039,2026-01-30,-10.9,57.8,9.74,Winter,80.9,54.5
EN001167,L0039,2026-01-31,-3.4,65.3,9.77,Winter,91.3,62.0
EN001168,L0039,2026-02-01,-4.5,55.3,9.81,Winter,37.1,55.8
EN001169,L0039,2026-02-02,-6.8,60.9,9.85,Winter,76.9,64.6
EN001170,L0039,2026-02-03,-7.0,64.8,9.88,Winter,59.8,52.5
EN001171,L0040,2026-01-05,13.6,68.6,10.16,Winter,61.3,54.9
EN001172,L0040,2026-01-06,9.5,63.7,10.17,Winter,52.0,50.5
EN001173,L0040,2026-01-07,10.3,64.4,10.18,Winter,85.5,59.5
EN001174,L0040,2026-01-08,11.1,63.5,10.19,Winter,68.3,59.8
EN001175,L0040,2026-01-09,11.9,67.4,10.2,Winter,85.1,58.0
EN001176,L0040,2026-01-10,12.0,65.1,10.22,Winter,44.6,59.3
EN001177,L0040,2026-01-11,11.9,71.5,10.23,Winter,75.9,56.3
EN001178,L0040,2026-01-12,9.1,71.3,10.24,Winter,76.0,55.2
EN001179,L0040,2026-01-13,12.6,62.7,10.26,Winter,61.8,66.2
EN001180,L0040,2026-01-14,12.1,65.9,10.27,Winter,74.0,58.8
EN001181,L0040,2026-01-15,5.6,62.6,10.29,Winter,69.3,56.2
EN001182,L0040,2026-01-16,11.0,74.8,10.3,Winter,65.5,52.7
EN001183,L0040,2026-01-17,11.1,66.0,10.32,Winter,67.8,56.5
EN001184,L0040,2026-01-18,14.6,54.6,10.33,Winter,64.6,58.0
EN001185,L0040,2026-01-19,9.1,73.4,10.35,Winter,81.4,57.8
EN001186,L0040,2026-01-20,10.1,67.3,10.37,Winter,68.5,57.6
EN001187,L0040,2026-01-21,10.2,69.5,10.39,Winter,80.5,51.8
EN001188,L0040,2026-01-22,8.7,57.5,10.41,Winter,82.1,59.3
EN001189,L0040,2026-01-23,11.5,59.4,10.42,Winter,95.0,55.0
EN001190,L0040,2026-01-24,10.9,73.1,10.44,Winter,56.2,55.3
EN001191,L0040,2026-01-25,10.9,85.1,10.46,Winter,74.2,66.0
EN001192,L0040,2026-01-26,12.8,70.2,10.48,Winter,56.2,63.3
EN001193,L0040,2026-01-27,7.9,77.6,10.5,Winter,72.8,44.7
EN001194,L0040,2026-01-28,10.1,71.9,10.53,Winter,66.7,61.6
EN001195,L0040,2026-01-29,9.2,60.2,10.55,Winter,69.0,58.2
EN001196,L0040,2026-01-30,10.1,75.4,10.57,Winter,58.1,59.6
EN001197,L0040,2026-01-31,10.9,58.7,10.59,Winter,51.5,58.1
EN001198,L0040,2026-02-01,14.4,71.5,10.61,Winter,45.8,42.4
EN001199,L0040,2026-02-02,12.1,67.4,10.64,Winter,86.0,53.6
EN001200,L0040,2026-02-03,11.5,73.1,10.66,Winter,63.7,55.9
EN001201,L0041,2026-01-05,-8.2,63.3,8.87,Winter,72.8,62.9
EN001202,L0041,2026-01-06,-9.1,52.0,8.89,Winter,100.7,55.0
EN001203,L0041,2026-01-07,-9.3,59.6,8.91,Winter,73.9,56.1
EN001204,L0041,2026-01-08,-8.4,59.8,8.93,Winter,75.4,46.2
EN001205,L0041,2026-01-09,-5.0,59.1,8.95,Winter,81.1,51.1
EN001206,L0041,2026-01-10,-9.3,56.0,8.97,Winter,93.6,55.1
EN001207,L0041,2026-01-11,-7.1,56.1,8.99,Winter,66.7,56.8
EN001208,L0041,2026-01-12,-6.2,48.7,9.02,Winter,54.6,48.3
EN001209,L0041,2026-01-13,-10.5,55.1,9.04,Winter,50.4,54.3
EN001210,L0041,2026-01-14,-12.1,53.9,9.07,Winter,89.8,60.0
EN001211,L0041,2026-01-15,-8.2,54.0,9.09,Winter,51.5,52.3
EN001212,L0041,2026-01-16,-8.6,65.2,9.12,Winter,85.6,61.2
EN001213,L0041,2026-01-17,-9.9,60.1,9.15,Winter,68.5,57.0
EN001214,L0041,2026-01-18,-4.9,49.4,9.18,Winter,69.7,64.1
EN001215,L0041,2026-01-19,-11.2,56.1,9.21,Winter,65.6,56.9
EN001216,L0041,2026-01-20,-11.4,63.6,9.24,Winter,82.3,60.5
EN001217,L0041,2026-01-21,-10.1,60.5,9.27,Winter,60.4,56.3
EN001218,L0041,2026-01-22,-4.6,60.6,9.3,Winter,56.4,58.9
EN001219,L0041,2026-01-23,-10.9,52.8,9.34,Winter,58.4,55.8
EN001220,L0041,2026-01-24,-6.8,63.5,9.37,Winter,80.3,52.5
EN001221,L0041,2026-01-25,-9.4,61.6,9.4,Winter,64.2,56.6
EN001222,L0041,2026-01-26,-7.6,57.9,9.44,Winter,76.2,66.0
EN001223,L0041,2026-01-27,-8.7,67.1,9.48,Winter,80.8,50.7
EN001224,L0041,2026-01-28,-10.3,55.0,9.51,Winter,61.0,57.5
EN001225,L0041,2026-01-29,-7.2,67.5,9.55,Winter,77.3,55.8
EN001226,L0041,2026-01-30,-12.0,60.4,9.59,Winter,73.4,58.9
EN001227,L0041,2026-01-31,-4.4,67.4,9.63,Winter,84.0,53.2
EN001228,L0041,2026-02-01,-9.0,59.4,9.66,Winter,62.1,60.5
EN001229,L0041,2026-02-02,-7.4,53.5,9.7,Winter,89.8,58.5
EN001230,L0041,2026-02-03,-11.1,59.7,9.74,Winter,76.9,62.9
EN001231,L0042,2026-01-05,1.1,77.0,8.14,Winter,50.6,51.4
EN001232,L0042,2026-01-06,-0.8,78.7,8.16,Winter,64.7,59.6
EN001233,L0042,2026-01-07,4.4,78.3,8.18,Winter,57.6,53.4
EN001234,L0042,2026-01-08,4.8,75.2,8.21,Winter,42.6,54.7
EN001235,L0042,2026-01-09,2.1,62.0,8.23,Winter,57.8,53.2
EN001236,L0042,2026-01-10,2.3,68.9,8.26,Winter,44.3,54.2
EN001237,L0042,2026-01-11,1.4,83.3,8.29,Winter,67.4,59.8
EN001238,L0042,2026-01-12,1.6,77.1,8.32,Winter,63.8,53.9
EN001239,L0042,2026-01-13,1.5,61.1,8.35,Winter,63.7,68.3
EN001240,L0042,2026-01-14,1.8,59.2,8.38,Winter,56.5,53.5
EN001241,L0042,2026-01-15,0.4,75.8,8.42,Winter,51.6,55.6
EN001242,L0042,2026-01-16,0.4,72.8,8.45,Winter,42.3,52.5
EN001243,L0042,2026-01-17,1.0,74.0,8.49,Winter,45.5,50.9
EN001244,L0042,2026-01-18,3.4,55.6,8.52,Winter,41.8,54.9
EN001245,L0042,2026-01-19,1.9,75.4,8.56,Winter,63.8,54.4
EN001246,L0042,2026-01-20,2.7,73.2,8.6,Winter,24.0,67.5
EN001247,L0042,2026-01-21,-1.0,74.5,8.64,Winter,53.5,59.4
EN001248,L0042,2026-01-22,0.7,77.0,8.68,Winter,26.2,57.7
EN001249,L0042,2026-01-23,0.6,67.9,8.72,Winter,54.0,63.4
EN001250,L0042,2026-01-24,1.0,76.7,8.76,Winter,48.7,53.5
EN001251,L0042,2026-01-25,1.2,70.2,8.81,Winter,38.2,60.1
EN001252,L0042,2026-01-26,2.1,62.5,8.85,Winter,24.9,60.1
EN001253,L0042,2026-01-27,0.2,73.8,8.9,Winter,58.9,51.6
EN001254,L0042,2026-01-28,-0.8,82.0,8.94,Winter,52.9,55.9
EN001255,L0042,2026-01-29,0.0,68.9,8.99,Winter,31.3,62.4
EN001256,L0042,2026-01-30,0.3,78.6,9.04,Winter,42.4,52.8
EN001257,L0042,2026-01-31,1.0,56.3,9.08,Winter,46.3,57.1
EN001258,L0042,2026-02-01,3.3,60.7,9.13,Winter,64.3,62.1
EN001259,L0042,2026-02-02,4.1,71.7,9.18,Winter,62.2,50.6
EN001260,L0042,2026-02-03,3.1,67.4,9.23,Winter,24.9,52.4
EN001261,L0043,2026-01-05,-8.5,55.1,8.65,Winter,78.3,49.0
EN001262,L0043,2026-01-06,-12.4,68.2,8.67,Winter,85.7,52.8
EN001263,L0043,2026-01-07,-8.6,66.1,8.69,Winter,78.9,58.7
EN001264,L0043,2026-01-08,-6.7,55.6,8.71,Winter,73.4,57.9
EN001265,L0043,2026-01-09,-9.2,57.7,8.73,Winter,74.0,58.2
EN001266,L0043,2026-01-10,-10.6,64.8,8.76,Winter,59.3,56.9
EN001267,L0043,2026-01-11,-9.3,62.1,8.78,Winter,43.3,62.5
EN001268,L0043,2026-01-12,-10.0,67.3,8.81,Winter,66.3,57.8
EN001269,L0043,2026-01-13,-5.3,58.3,8.83,Winter,90.3,58.2
EN001270,L0043,2026-01-14,-8.1,60.4,8.86,Winter,84.9,54.6
EN001271,L0043,2026-01-15,-10.6,56.2,8.89,Winter,74.4,56.9
EN001272,L0043,2026-01-16,-7.5,67.8,8.92,Winter,59.3,54.3
EN001273,L0043,2026-01-17,-11.4,72.2,8.95,Winter,77.3,60.4
EN001274,L0043,2026-01-18,-11.2,60.0,8.98,Winter,80.1,56.7
EN001275,L0043,2026-01-19,-6.9,73.9,9.01,Winter,59.7,52.9
EN001276,L0043,2026-01-20,-10.4,69.6,9.05,Winter,87.6,57.3
EN001277,L0043,2026-01-21,-8.7,55.1,9.08,Winter,85.5,56.1
EN001278,L0043,2026-01-22,-9.3,63.7,9.11,Winter,70.4,56.8
EN001279,L0043,2026-01-23,-8.7,64.8,9.15,Winter,96.1,60.9
EN001280,L0043,2026-01-24,-7.3,58.8,9.19,Winter,63.1,61.3
EN001281,L0043,2026-01-25,-8.4,51.5,9.22,Winter,68.4,57.6
EN001282,L0043,2026-01-26,-9.6,68.9,9.26,Winter,79.7,64.9
EN001283,L0043,2026-01-27,-8.2,60.5,9.3,Winter,59.9,58.1
EN001284,L0043,2026-01-28,-8.6,51.8,9.34,Winter,65.4,56.4
EN001285,L0043,2026-01-29,-7.8,62.8,9.38,Winter,64.9,60.3
EN001286,L0043,2026-01-30,-8.8,42.8,9.42,Winter,66.2,63.4
EN001287,L0043,2026-01-31,-11.5,60.7,9.46,Winter,95.2,54.2
EN001288,L0043,2026-02-01,-8.4,52.2,9.5,Winter,95.8,57.6
EN001289,L0043,2026-02-02,-8.2,68.1,9.55,Winter,82.3,53.6
EN001290,L0043,2026-02-03,-9.4,63.0,9.59,Winter,64.3,47.4
EN001291,L0044,2026-01-05,11.0,41.1,10.87,Winter,97.6,58.9
EN001292,L0044,2026-01-06,9.5,45.8,10.88,Winter,48.5,52.5
EN001293,L0044,2026-01-07,12.9,63.4,10.88,Winter,85.2,57.5
EN001294,L0044,2026-01-08,10.3,44.3,10.89,Winter,103.8,57.1
EN001295,L0044,2026-01-09,14.9,58.4,10.9,Winter,50.6,54.7
EN001296,L0044,2026-01-10,9.8,49.5,10.91,Winter,74.2,73.0
EN001297,L0044,2026-01-11,9.1,51.4,10.91,Winter,83.6,58.0
EN001298,L0044,2026-01-12,11.2,43.7,10.92,Winter,76.5,60.6
EN001299,L0044,2026-01-13,11.6,53.4,10.93,Winter,94.8,62.7
EN001300,L0044,2026-01-14,11.1,43.0,10.94,Winter,66.6,56.9
EN001301,L0044,2026-01-15,11.5,47.1,10.95,Winter,61.9,52.1
EN001302,L0044,2026-01-16,8.0,48.6,10.96,Winter,54.4,53.0
EN001303,L0044,2026-01-17,10.3,42.0,10.97,Winter,80.3,61.7
EN001304,L0044,2026-01-18,10.0,47.4,10.98,Winter,82.5,54.4
EN001305,L0044,2026-01-19,9.6,57.2,10.99,Winter,87.4,61.0
EN001306,L0044,2026-01-20,12.7,38.1,11.0,Winter,94.0,60.0
EN001307,L0044,2026-01-21,12.8,52.3,11.01,Winter,75.7,56.6
EN001308,L0044,2026-01-22,11.7,48.1,11.02,Winter,87.2,50.1
EN001309,L0044,2026-01-23,10.1,62.3,11.03,Winter,66.2,56.8
EN001310,L0044,2026-01-24,9.4,52.0,11.04,Winter,64.7,57.1
EN001311,L0044,2026-01-25,12.6,45.8,11.06,Winter,86.0,62.1
EN001312,L0044,2026-01-26,13.0,50.8,11.07,Winter,120.4,63.3
EN001313,L0044,2026-01-27,11.7,44.7,11.08,Winter,73.6,65.1
EN001314,L0044,2026-01-28,14.2,58.9,11.09,Winter,86.0,51.7
EN001315,L0044,2026-01-29,12.0,42.6,11.11,Winter,54.2,59.2
EN001316,L0044,2026-01-30,12.1,55.4,11.12,Winter,82.0,60.7
EN001317,L0044,2026-01-31,9.4,49.4,11.13,Winter,53.9,48.0
EN001318,L0044,2026-02-01,12.5,45.5,11.15,Winter,87.2,63.5
EN001319,L0044,2026-02-02,10.1,53.5,11.16,Winter,65.7,48.8
EN001320,L0044,2026-02-03,11.5,47.2,11.18,Winter,68.8,67.9
EN001321,L0045,2026-01-05,9.3,70.3,10.79,Winter,56.1,62.5
EN001322,L0045,2026-01-06,12.6,70.3,10.8,Winter,56.8,54.2
EN001323,L0045,2026-01-07,13.7,78.6,10.81,Winter,76.7,53.5
EN001324,L0045,2026-01-08,12.6,82.6,10.81,Winter,71.4,65.3
EN001325,L0045,2026-01-09,10.7,67.7,10.82,Winter,78.7,60.0
EN001326,L0045,2026-01-10,10.6,63.1,10.83,Winter,83.8,64.0
EN001327,L0045,2026-01-11,14.7,78.8,10.84,Winter,71.9,56.4
EN001328,L0045,2026-01-12,14.4,72.3,10.85,Winter,56.2,52.8
EN001329,L0045,2026-01-13,12.8,66.9,10.86,Winter,69.6,63.4
EN001330,L0045,2026-01-14,13.3,76.0,10.87,Winter,43.0,59.3
EN001331,L0045,2026-01-15,13.2,58.8,10.88,Winter,60.8,53.8
EN001332,L0045,2026-01-16,11.9,77.8,10.89,Winter,98.3,53.9
EN001333,L0045,2026-01-17,12.8,71.4,10.9,Winter,75.4,60.0
EN001334,L0045,2026-01-18,12.4,78.1,10.91,Winter,85.4,52.7
EN001335,L0045,2026-01-19,13.3,73.4,10.92,Winter,74.4,63.7
EN001336,L0045,2026-01-20,12.2,69.2,10.93,Winter,71.7,47.9
EN001337,L0045,2026-01-21,11.8,64.0,10.94,Winter,53.4,65.2
EN001338,L0045,2026-01-22,12.8,67.8,10.95,Winter,62.1,59.5
EN001339,L0045,2026-01-23,13.7,63.0,10.97,Winter,69.9,62.3
EN001340,L0045,2026-01-24,8.5,67.7,10.98,Winter,64.0,57.3
EN001341,L0045,2026-01-25,11.1,68.8,10.99,Winter,96.9,56.4
EN001342,L0045,2026-01-26,12.5,80.0,11.0,Winter,62.3,67.1
EN001343,L0045,2026-01-27,12.0,78.7,11.02,Winter,80.5,59.5
EN001344,L0045,2026-01-28,11.9,64.3,11.03,Winter,71.1,62.5
EN001345,L0045,2026-01-29,12.0,66.1,11.05,Winter,66.5,63.0
EN001346,L0045,2026-01-30,14.3,64.0,11.06,Winter,60.6,59.9
EN001347,L0045,2026-01-31,14.9,74.9,11.07,Winter,52.5,56.7
EN001348,L0045,2026-02-01,10.5,66.4,11.09,Winter,92.5,50.9
EN001349,L0045,2026-02-02,9.3,63.0,11.1,Winter,74.0,61.1
EN001350,L0045,2026-02-03,13.0,75.1,11.12,Winter,45.3,63.9
EN001351,L0046,2026-01-05,24.0,79.4,10.63,Winter,66.5,58.0
EN001352,L0046,2026-01-06,25.0,81.9,10.64,Winter,62.8,58.2
EN001353,L0046,2026-01-07,22.6,78.0,10.65,Winter,95.9,64.4
EN001354,L0046,2026-01-08,23.6,80.6,10.66,Winter,104.1,49.8
EN001355,L0046,2026-01-09,25.7,80.8,10.66,Winter,81.4,51.9
EN001356,L0046,2026-01-10,26.2,67.8,10.67,Winter,82.5,57.8
EN001357,L0046,2026-01-11,25.8,71.2,10.68,Winter,75.4,58.5
EN001358,L0046,2026-01-12,26.4,88.7,10.69,Winter,63.9,59.6
EN001359,L0046,2026-01-13,22.6,81.1,10.7,Winter,71.9,54.6
EN001360,L0046,2026-01-14,23.5,74.5,10.71,Winter,89.5,60.4
EN001361,L0046,2026-01-15,24.5,67.0,10.73,Winter,95.2,57.7
EN001362,L0046,2026-01-16,26.6,70.8,10.74,Winter,62.6,57.8
EN001363,L0046,2026-01-17,26.9,76.0,10.75,Winter,82.2,53.6
EN001364,L0046,2026-01-18,27.7,68.8,10.76,Winter,74.8,60.9
EN001365,L0046,2026-01-19,21.2,82.6,10.77,Winter,93.7,62.5
EN001366,L0046,2026-01-20,25.5,74.0,10.79,Winter,70.1,57.3
EN001367,L0046,2026-01-21,22.8,77.9,10.8,Winter,96.3,65.4
EN001368,L0046,2026-01-22,25.2,80.5,10.81,Winter,80.8,55.6
EN001369,L0046,2026-01-23,25.4,72.7,10.83,Winter,88.8,52.7
EN001370,L0046,2026-01-24,23.0,78.8,10.84,Winter,97.4,53.1
EN001371,L0046,2026-01-25,25.8,71.8,10.86,Winter,85.2,65.1
EN001372,L0046,2026-01-26,26.0,79.8,10.87,Winter,111.7,54.5
EN001373,L0046,2026-01-27,22.8,70.7,10.89,Winter,81.4,46.2
EN001374,L0046,2026-01-28,24.2,71.7,10.9,Winter,96.0,59.8
EN001375,L0046,2026-01-29,23.5,78.5,10.92,Winter,95.1,54.2
EN001376,L0046,2026-01-30,23.7,61.6,10.93,Winter,69.7,54.3
EN001377,L0046,2026-01-31,24.7,69.3,10.95,Winter,77.8,51.9
EN001378,L0046,2026-02-01,24.9,77.6,10.97,Winter,90.6,58.1
EN001379,L0046,2026-02-02,21.8,71.3,10.99,Winter,79.3,56.0
EN001380,L0046,2026-02-03,24.7,83.6,11.0,Winter,96.4,53.1
EN001381,L0047,2026-01-05,14.3,58.8,11.44,Winter,43.7,62.2
EN001382,L0047,2026-01-06,12.8,46.5,11.44,Winter,61.4,59.1
EN001383,L0047,2026-01-07,12.6,54.8,11.45,Winter,44.9,61.1
EN001384,L0047,2026-01-08,13.0,56.0,11.45,Winter,60.0,52.2
EN001385,L0047,2026-01-09,11.4,41.7,11.45,Winter,62.9,51.9
EN001386,L0047,2026-01-10,13.3,57.2,11.46,Winter,63.4,52.0
EN001387,L0047,2026-01-11,12.9,65.0,11.46,Winter,79.0,62.9
EN001388,L0047,2026-01-12,13.6,49.0,11.47,Winter,65.1,57.2
EN001389,L0047,2026-01-13,14.0,51.2,11.47,Winter,52.6,58.8
EN001390,L0047,2026-01-14,13.4,58.0,11.47,Winter,46.9,51.3
EN001391,L0047,2026-01-15,15.9,69.9,11.48,Winter,61.3,51.4
EN001392,L0047,2026-01-16,11.6,58.1,11.48,Winter,73.8,51.9
EN001393,L0047,2026-01-17,12.8,56.2,11.49,Winter,67.1,56.3
EN001394,L0047,2026-01-18,10.2,58.7,11.49,Winter,70.7,57.6
EN001395,L0047,2026-01-19,13.7,52.2,11.5,Winter,43.2,63.1
EN001396,L0047,2026-01-20,13.7,57.9,11.5,Winter,76.0,52.7
EN001397,L0047,2026-01-21,12.0,55.9,11.51,Winter,47.1,61.9
EN001398,L0047,2026-01-22,12.7,49.0,11.52,Winter,55.9,58.9
EN001399,L0047,2026-01-23,14.7,57.4,11.52,Winter,61.5,59.6
EN001400,L0047,2026-01-24,12.7,50.7,11.53,Winter,59.0,56.3
EN001401,L0047,2026-01-25,16.1,63.1,11.53,Winter,63.9,59.9
EN001402,L0047,2026-01-26,12.9,47.4,11.54,Winter,52.0,58.5
EN001403,L0047,2026-01-27,13.5,57.8,11.54,Winter,67.9,54.5
EN001404,L0047,2026-01-28,11.8,63.7,11.55,Winter,65.8,56.0
EN001405,L0047,2026-01-29,12.9,54.4,11.56,Winter,55.4,60.4
EN001406,L0047,2026-01-30,17.6,56.1,11.56,Winter,64.3,49.6
EN001407,L0047,2026-01-31,12.2,62.4,11.57,Winter,60.6,36.1
EN001408,L0047,2026-02-01,14.3,66.5,11.58,Winter,27.1,65.6
EN001409,L0047,2026-02-02,8.1,60.6,11.58,Winter,54.9,46.3
EN001410,L0047,2026-02-03,13.9,61.9,11.59,Winter,60.1,60.9
EN001411,L0048,2026-01-05,24.3,63.8,11.5,Winter,94.7,66.7
EN001412,L0048,2026-01-06,27.1,63.1,11.5,Winter,63.8,53.8
EN001413,L0048,2026-01-07,22.2,75.3,11.5,Winter,90.5,50.8
EN001414,L0048,2026-01-08,26.4,78.6,11.5,Winter,77.3,57.1
EN001415,L0048,2026-01-09,21.5,73.0,11.51,Winter,85.1,58.8
EN001416,L0048,2026-01-10,25.7,76.5,11.51,Winter,81.3,59.4
EN001417,L0048,2026-01-11,26.8,74.4,11.51,Winter,89.4,57.1
EN001418,L0048,2026-01-12,23.8,78.1,11.52,Winter,77.2,59.9
EN001419,L0048,2026-01-13,25.1,73.2,11.52,Winter,80.4,55.5
EN001420,L0048,2026-01-14,22.0,77.3,11.53,Winter,88.2,62.2
EN001421,L0048,2026-01-15,24.0,86.4,11.53,Winter,79.7,53.6
EN001422,L0048,2026-01-16,23.2,64.6,11.53,Winter,106.5,64.9
EN001423,L0048,2026-01-17,26.1,69.6,11.54,Winter,110.4,56.2
EN001424,L0048,2026-01-18,24.5,83.6,11.54,Winter,94.2,69.0
EN001425,L0048,2026-01-19,25.4,72.6,11.55,Winter,76.4,48.8
EN001426,L0048,2026-01-20,24.5,81.9,11.55,Winter,93.4,58.1
EN001427,L0048,2026-01-21,23.2,76.4,11.56,Winter,99.2,60.2
EN001428,L0048,2026-01-22,25.3,70.2,11.56,Winter,97.1,42.3
EN001429,L0048,2026-01-23,25.7,90.4,11.57,Winter,63.9,56.8
EN001430,L0048,2026-01-24,25.0,72.2,11.57,Winter,99.5,60.4
EN001431,L0048,2026-01-25,25.3,79.8,11.58,Winter,85.2,73.9
EN001432,L0048,2026-01-26,25.3,76.2,11.58,Winter,61.1,55.3
EN001433,L0048,2026-01-27,27.1,67.0,11.59,Winter,54.8,58.2
EN001434,L0048,2026-01-28,27.5,75.3,11.59,Winter,80.3,48.7
EN001435,L0048,2026-01-29,25.9,79.0,11.6,Winter,60.1,63.7
EN001436,L0048,2026-01-30,26.4,81.8,11.61,Winter,93.2,61.3
EN001437,L0048,2026-01-31,26.0,80.2,11.61,Winter,59.5,50.5
EN001438,L0048,2026-02-01,23.7,74.2,11.62,Winter,90.4,59.6
EN001439,L0048,2026-02-02,27.1,81.9,11.63,Winter,72.8,59.2
EN001440,L0048,2026-02-03,23.6,73.9,11.63,Winter,89.5,41.0
EN001441,L0049,2026-01-05,31.7,71.4,13.4,Summer,61.7,67.6
EN001442,L0049,2026-01-06,26.7,68.8,13.39,Summer,63.2,66.3
EN001443,L0049,2026-01-07,27.2,68.9,13.38,Summer,86.9,60.9
EN001444,L0049,2026-01-08,27.3,74.7,13.37,Summer,105.5,59.6
EN001445,L0049,2026-01-09,27.6,69.0,13.36,Summer,88.3,55.0
EN001446,L0049,2026-01-10,26.9,58.8,13.35,Summer,53.4,55.4
EN001447,L0049,2026-01-11,27.3,78.6,13.34,Summer,77.5,53.4
EN001448,L0049,2026-01-12,26.1,76.2,13.33,Summer,85.8,58.1
EN001449,L0049,2026-01-13,26.7,74.7,13.32,Summer,56.1,60.0
EN001450,L0049,2026-01-14,31.6,69.2,13.31,Summer,59.1,60.1
EN001451,L0049,2026-01-15,26.6,59.6,13.3,Summer,79.8,63.6
EN001452,L0049,2026-01-16,26.9,65.7,13.29,Summer,56.5,57.3
EN001453,L0049,2026-01-17,26.5,61.9,13.28,Summer,96.5,60.3
EN001454,L0049,2026-01-18,28.5,73.3,13.27,Summer,80.8,55.9
EN001455,L0049,2026-01-19,27.9,66.4,13.25,Summer,76.1,59.7
EN001456,L0049,2026-01-20,26.7,60.0,13.24,Summer,72.0,57.0
EN001457,L0049,2026-01-21,24.0,71.0,13.23,Summer,83.5,70.6
EN001458,L0049,2026-01-22,26.7,64.8,13.21,Summer,54.5,59.0
EN001459,L0049,2026-01-23,27.8,63.1,13.2,Summer,67.6,48.1
EN001460,L0049,2026-01-24,29.0,63.4,13.18,Summer,69.5,50.9
EN001461,L0049,2026-01-25,26.3,66.3,13.17,Summer,69.8,60.4
EN001462,L0049,2026-01-26,29.9,72.4,13.15,Summer,83.5,65.2
EN001463,L0049,2026-01-27,28.3,67.8,13.14,Summer,84.1,63.4
EN001464,L0049,2026-01-28,28.4,59.3,13.12,Summer,58.2,56.6
EN001465,L0049,2026-01-29,28.6,67.9,13.1,Summer,85.9,64.6
EN001466,L0049,2026-01-30,29.4,75.2,13.09,Summer,55.5,60.4
EN001467,L0049,2026-01-31,26.1,58.1,13.07,Summer,66.0,64.6
EN001468,L0049,2026-02-01,28.0,80.1,13.05,Summer,72.5,70.2
EN001469,L0049,2026-02-02,27.4,68.1,13.04,Summer,52.1,63.6
EN001470,L0049,2026-02-03,26.1,64.1,13.02,Summer,87.9,63.8
EN001471,L0050,2026-01-05,30.6,72.8,13.35,Summer,90.3,57.7
EN001472,L0050,2026-01-06,29.9,84.3,13.35,Summer,96.2,67.9
EN001473,L0050,2026-01-07,30.2,73.6,13.34,Summer,102.6,66.5
EN001474,L0050,2026-01-08,32.1,82.1,13.33,Summer,91.4,56.9
EN001475,L0050,2026-01-09,29.6,85.0,13.32,Summer,97.1,60.3
EN001476,L0050,2026-01-10,28.6,73.0,13.31,Summer,88.7,58.7
EN001477,L0050,2026-01-11,31.7,73.6,13.3,Summer,91.7,53.7
EN001478,L0050,2026-01-12,29.9,83.2,13.29,Summer,113.7,59.0
EN001479,L0050,2026-01-13,29.6,74.1,13.28,Summer,98.4,59.6
EN001480,L0050,2026-01-14,28.7,75.8,13.27,Summer,97.3,56.5
EN001481,L0050,2026-01-15,28.1,85.2,13.26,Summer,128.9,52.0
EN001482,L0050,2026-01-16,26.3,69.3,13.25,Summer,89.6,62.5
EN001483,L0050,2026-01-17,29.6,76.0,13.24,Summer,98.4,54.5
EN001484,L0050,2026-01-18,28.1,74.9,13.23,Summer,68.8,52.2
EN001485,L0050,2026-01-19,26.5,79.6,13.21,Summer,94.4,61.1
EN001486,L0050,2026-01-20,25.2,66.1,13.2,Summer,100.3,44.1
EN001487,L0050,2026-01-21,30.8,64.1,13.19,Summer,102.8,53.6
EN001488,L0050,2026-01-22,30.4,94.2,13.17,Summer,59.2,61.5
EN001489,L0050,2026-01-23,25.3,77.6,13.16,Summer,88.1,58.6
EN001490,L0050,2026-01-24,26.9,79.7,13.15,Summer,70.7,64.2
EN001491,L0050,2026-01-25,27.8,66.6,13.13,Summer,113.3,57.7
EN001492,L0050,2026-01-26,32.0,82.3,13.12,Summer,79.8,57.6
EN001493,L0050,2026-01-27,28.7,84.2,13.1,Summer,97.1,58.9
EN001494,L0050,2026-01-28,28.2,74.7,13.09,Summer,109.3,58.0
EN001495,L0050,2026-01-29,27.8,71.6,13.07,Summer,83.2,51.0
EN001496,L0050,2026-01-30,27.1,84.0,13.05,Summer,88.1,61.5
EN001497,L0050,2026-01-31,24.0,78.4,13.04,Summer,88.7,55.6
EN001498,L0050,2026-02-01,28.8,72.0,13.02,Summer,61.3,62.6
EN001499,L0050,2026-02-02,28.9,73.1,13.0,Summer,77.5,50.7
EN001500,L0050,2026-02-03,28.9,84.7,12.99,Summer,93.8,51.1
EN001501,L0051,2026-01-05,20.1,64.7,14.23,Summer,62.1,61.0
EN001502,L0051,2026-01-06,14.3,68.3,14.22,Summer,36.0,50.9
EN001503,L0051,2026-01-07,19.4,67.5,14.2,Summer,27.0,61.5
EN001504,L0051,2026-01-08,21.1,65.3,14.19,Summer,37.9,53.1
EN001505,L0051,2026-01-09,21.6,55.9,14.18,Summer,64.9,57.2
EN001506,L0051,2026-01-10,19.6,54.8,14.16,Summer,47.9,61.1
EN001507,L0051,2026-01-11,17.4,68.0,14.15,Summer,51.2,54.8
EN001508,L0051,2026-01-12,21.3,51.8,14.13,Summer,54.9,66.1
EN001509,L0051,2026-01-13,22.4,67.3,14.11,Summer,45.8,54.8
EN001510,L0051,2026-01-14,19.3,68.3,14.09,Summer,38.7,61.8
EN001511,L0051,2026-01-15,23.6,64.6,14.08,Summer,31.2,51.3
EN001512,L0051,2026-01-16,21.2,64.6,14.06,Summer,62.3,55.3
EN001513,L0051,2026-01-17,21.3,64.1,14.04,Summer,39.7,56.0
EN001514,L0051,2026-01-18,17.6,76.9,14.02,Summer,48.7,61.2
EN001515,L0051,2026-01-19,18.8,58.7,14.0,Summer,46.7,63.5
EN001516,L0051,2026-01-20,18.8,59.8,13.98,Summer,52.2,60.5
EN001517,L0051,2026-01-21,22.7,67.1,13.95,Summer,59.0,61.6
EN001518,L0051,2026-01-22,17.7,59.2,13.93,Summer,34.8,51.3
EN001519,L0051,2026-01-23,21.1,66.7,13.91,Summer,51.1,45.0
EN001520,L0051,2026-01-24,23.4,59.6,13.88,Summer,78.7,50.8
EN001521,L0051,2026-01-25,18.2,51.8,13.86,Summer,55.1,52.5
EN001522,L0051,2026-01-26,17.7,56.8,13.83,Summer,60.9,61.6
EN001523,L0051,2026-01-27,22.9,60.9,13.81,Summer,53.1,51.6
EN001524,L0051,2026-01-28,19.0,61.9,13.78,Summer,56.5,63.1
EN001525,L0051,2026-01-29,21.3,59.9,13.76,Summer,64.0,57.8
EN001526,L0051,2026-01-30,18.9,60.7,13.73,Summer,42.2,66.7
EN001527,L0051,2026-01-31,20.0,66.0,13.7,Summer,46.3,70.2
EN001528,L0051,2026-02-01,21.7,60.7,13.68,Summer,46.2,56.9
EN001529,L0051,2026-02-02,19.6,60.8,13.65,Summer,56.1,65.3
EN001530,L0051,2026-02-03,16.9,58.2,13.62,Summer,43.2,55.8
EN001531,L0052,2026-01-05,27.5,71.0,12.68,Summer,73.2,56.7
EN001532,L0052,2026-01-06,23.4,56.3,12.68,Summer,70.9,60.5
EN001533,L0052,2026-01-07,26.3,63.7,12.67,Summer,58.0,58.9
EN001534,L0052,2026-01-08,25.6,56.2,12.67,Summer,70.3,57.9
EN001535,L0052,2026-01-09,22.1,52.5,12.66,Summer,58.1,65.2
EN001536,L0052,2026-01-10,27.0,67.1,12.66,Summer,87.5,57.8
EN001537,L0052,2026-01-11,25.7,62.3,12.66,Summer,52.8,54.6
EN001538,L0052,2026-01-12,20.3,72.7,12.65,Summer,51.0,54.0
EN001539,L0052,2026-01-13,21.9,63.8,12.65,Summer,84.7,68.5
EN001540,L0052,2026-01-14,21.0,62.9,12.64,Summer,45.5,62.9
EN001541,L0052,2026-01-15,24.5,61.2,12.64,Summer,61.0,55.6
EN001542,L0052,2026-01-16,26.9,68.3,12.63,Summer,69.4,44.7
EN001543,L0052,2026-01-17,23.9,77.5,12.62,Summer,78.6,48.8
EN001544,L0052,2026-01-18,23.4,57.8,12.62,Summer,84.0,59.2
EN001545,L0052,2026-01-19,22.6,65.2,12.61,Summer,23.5,52.6
EN001546,L0052,2026-01-20,24.0,70.1,12.6,Summer,32.8,56.1
EN001547,L0052,2026-01-21,25.8,56.3,12.6,Summer,63.2,58.3
EN001548,L0052,2026-01-22,27.0,63.6,12.59,Summer,57.6,62.3
EN001549,L0052,2026-01-23,21.6,63.7,12.58,Summer,53.6,57.3
EN001550,L0052,2026-01-24,25.5,68.3,12.58,Summer,49.5,58.7
EN001551,L0052,2026-01-25,26.6,60.0,12.57,Summer,62.0,57.0
EN001552,L0052,2026-01-26,23.8,55.2,12.56,Summer,79.8,54.1
EN001553,L0052,2026-01-27,25.7,61.3,12.55,Summer,51.2,64.1
EN001554,L0052,2026-01-28,25.7,66.3,12.55,Summer,70.7,56.6
EN001555,L0052,2026-01-29,23.8,61.0,12.54,Summer,72.7,54.5
EN001556,L0052,2026-01-30,26.5,63.1,12.53,Summer,60.3,61.8
EN001557,L0052,2026-01-31,23.9,63.2,12.52,Summer,59.6,62.5
EN001558,L0052,2026-02-01,22.6,64.2,12.51,Summer,60.1,62.3
EN001559,L0052,2026-02-02,23.6,75.8,12.51,Summer,57.8,56.8
EN001560,L0052,2026-02-03,23.4,57.1,12.5,Summer,45.5,55.3
EN001561,L0053,2026-01-05,17.1,57.8,11.74,Winter,53.2,64.1
EN001562,L0053,2026-01-06,17.9,65.5,11.74,Winter,48.1,55.5
EN001563,L0053,2026-01-07,18.3,59.4,11.74,Winter,56.3,61.6
EN001564,L0053,2026-01-08,16.9,54.6,11.74,Winter,63.1,62.6
EN001565,L0053,2026-01-09,12.9,58.1,11.74,Winter,44.4,53.1
EN001566,L0053,2026-01-10,14.0,60.9,11.75,Winter,55.5,54.8
EN001567,L0053,2026-01-11,15.1,51.1,11.75,Winter,66.0,63.7
EN001568,L0053,2026-01-12,14.9,56.8,11.75,Winter,65.2,47.9
EN001569,L0053,2026-01-13,16.0,76.6,11.75,Winter,58.3,57.4
EN001570,L0053,2026-01-14,16.3,67.9,11.75,Winter,73.6,47.2
EN001571,L0053,2026-01-15,16.0,73.4,11.76,Winter,68.7,52.2
EN001572,L0053,2026-01-16,15.5,50.3,11.76,Winter,77.3,53.2
EN001573,L0053,2026-01-17,15.1,52.9,11.76,Winter,52.3,65.4
EN001574,L0053,2026-01-18,15.2,54.6,11.76,Winter,44.0,48.6
EN001575,L0053,2026-01-19,12.7,58.7,11.76,Winter,73.7,55.2
EN001576,L0053,2026-01-20,17.8,53.7,11.77,Winter,56.7,52.6
EN001577,L0053,2026-01-21,16.8,70.6,11.77,Winter,35.3,56.3
EN001578,L0053,2026-01-22,17.3,49.3,11.77,Winter,67.9,64.1
EN001579,L0053,2026-01-23,15.2,61.3,11.77,Winter,84.7,67.7
EN001580,L0053,2026-01-24,14.9,54.8,11.78,Winter,47.1,62.9
EN001581,L0053,2026-01-25,12.6,56.5,11.78,Winter,61.4,55.5
EN001582,L0053,2026-01-26,15.5,73.4,11.78,Winter,58.3,55.8
EN001583,L0053,2026-01-27,16.9,59.4,11.79,Winter,80.2,58.8
EN001584,L0053,2026-01-28,14.6,47.3,11.79,Winter,37.3,48.8
EN001585,L0053,2026-01-29,15.7,49.8,11.79,Winter,77.6,58.2
EN001586,L0053,2026-01-30,14.6,52.9,11.79,Winter,68.7,54.0
EN001587,L0053,2026-01-31,13.3,65.1,11.8,Winter,65.0,56.8
EN001588,L0053,2026-02-01,16.2,58.1,11.8,Winter,65.4,53.9
EN001589,L0053,2026-02-02,18.8,54.5,11.8,Winter,81.8,57.1
EN001590,L0053,2026-02-03,16.6,62.4,11.81,Winter,76.1,53.8
EN001591,L0054,2026-01-05,17.0,69.1,11.65,Winter,56.4,58.2
EN001592,L0054,2026-01-06,14.1,55.9,11.65,Winter,84.0,53.0
EN001593,L0054,2026-01-07,13.4,67.7,11.66,Winter,68.7,68.6
EN001594,L0054,2026-01-08,14.2,58.8,11.66,Winter,50.8,58.7
EN001595,L0054,2026-01-09,11.8,62.1,11.66,Winter,64.5,57.7
EN001596,L0054,2026-01-10,14.3,52.6,11.66,Winter,70.2,52.1
EN001597,L0054,2026-01-11,15.9,70.4,11.66,Winter,80.8,50.5
EN001598,L0054,2026-01-12,14.0,60.5,11.67,Winter,59.0,51.0
EN001599,L0054,2026-01-13,15.7,57.9,11.67,Winter,86.8,56.7
EN001600,L0054,2026-01-14,17.1,50.4,11.67,Winter,45.6,61.6
EN001601,L0054,2026-01-15,17.0,52.3,11.67,Winter,60.3,51.1
EN001602,L0054,2026-01-16,14.7,63.0,11.68,Winter,53.9,56.8
EN001603,L0054,2026-01-17,13.0,54.1,11.68,Winter,84.6,58.4
EN001604,L0054,2026-01-18,13.2,56.1,11.68,Winter,37.6,52.9
EN001605,L0054,2026-01-19,17.4,57.1,11.69,Winter,86.5,57.5
EN001606,L0054,2026-01-20,14.9,61.8,11.69,Winter,22.6,59.0
EN001607,L0054,2026-01-21,14.9,66.9,11.69,Winter,73.5,52.3
EN001608,L0054,2026-01-22,17.2,56.4,11.7,Winter,47.3,59.0
EN001609,L0054,2026-01-23,14.6,67.2,11.7,Winter,64.8,59.0
EN001610,L0054,2026-01-24,16.6,64.6,11.7,Winter,71.0,65.1
EN001611,L0054,2026-01-25,16.1,59.0,11.71,Winter,77.3,57.5
EN001612,L0054,2026-01-26,15.1,68.3,11.71,Winter,82.7,58.0
EN001613,L0054,2026-01-27,14.2,66.8,11.72,Winter,71.2,59.6
EN001614,L0054,2026-01-28,14.5,60.0,11.72,Winter,59.7,54.7
EN001615,L0054,2026-01-29,15.3,59.6,11.72,Winter,54.7,62.5
EN001616,L0054,2026-01-30,17.4,63.8,11.73,Winter,56.1,61.8
EN001617,L0054,2026-01-31,15.2,50.6,11.73,Winter,69.4,58.7
EN001618,L0054,2026-02-01,19.8,66.7,11.74,Winter,70.0,59.2
EN001619,L0054,2026-02-02,15.4,52.0,11.74,Winter,35.7,53.6
EN001620,L0054,2026-02-03,15.0,45.4,11.75,Winter,52.4,56.8
EN001621,L0055,2026-01-05,22.5,51.0,14.13,Summer,50.2,66.6
EN001622,L0055,2026-01-06,24.1,51.6,14.12,Summer,54.0,57.9
EN001623,L0055,2026-01-07,21.5,50.4,14.11,Summer,69.1,55.9
EN001624,L0055,2026-01-08,21.0,54.7,14.1,Summer,56.7,48.1
EN001625,L0055,2026-01-09,22.9,60.2,14.08,Summer,61.3,69.1
EN001626,L0055,2026-01-10,25.2,63.7,14.07,Summer,94.2,61.8
EN001627,L0055,2026-01-11,23.3,60.8,14.05,Summer,47.2,58.5
EN001628,L0055,2026-01-12,21.8,57.4,14.04,Summer,45.9,54.6
EN001629,L0055,2026-01-13,23.7,54.2,14.02,Summer,28.0,50.7
EN001630,L0055,2026-01-14,20.9,49.7,14.0,Summer,60.8,59.1
EN001631,L0055,2026-01-15,24.9,59.5,13.99,Summer,70.0,61.0
EN001632,L0055,2026-01-16,23.4,61.6,13.97,Summer,67.9,59.9
EN001633,L0055,2026-01-17,25.3,40.9,13.95,Summer,50.9,56.5
EN001634,L0055,2026-01-18,25.0,64.4,13.93,Summer,34.7,65.1
EN001635,L0055,2026-01-19,20.9,48.2,13.91,Summer,51.7,56.4
EN001636,L0055,2026-01-20,20.1,58.9,13.89,Summer,64.5,63.3
EN001637,L0055,2026-01-21,22.2,54.8,13.87,Summer,54.6,66.4
EN001638,L0055,2026-01-22,17.8,49.3,13.85,Summer,55.1,52.6
EN001639,L0055,2026-01-23,22.4,54.2,13.82,Summer,45.8,58.3
EN001640,L0055,2026-01-24,24.0,53.6,13.8,Summer,48.7,57.2
EN001641,L0055,2026-01-25,22.9,44.6,13.78,Summer,61.5,55.7
EN001642,L0055,2026-01-26,25.1,58.5,13.76,Summer,71.4,52.9
EN001643,L0055,2026-01-27,22.1,47.5,13.73,Summer,45.1,64.3
EN001644,L0055,2026-01-28,25.5,48.1,13.71,Summer,48.6,57.6
EN001645,L0055,2026-01-29,23.8,44.4,13.68,Summer,32.6,60.4
EN001646,L0055,2026-01-30,19.2,52.3,13.66,Summer,57.3,60.1
EN001647,L0055,2026-01-31,22.4,52.8,13.63,Summer,66.8,59.4
EN001648,L0055,2026-02-01,21.5,55.2,13.6,Summer,60.4,66.6
EN001649,L0055,2026-02-02,24.0,62.3,13.58,Summer,46.5,55.4
EN001650,L0055,2026-02-03,22.1,54.1,13.55,Summer,40.9,64.3
EN001651,L0056,2026-01-05,14.7,53.2,11.41,Winter,64.0,59.1
EN001652,L0056,2026-01-06,14.4,46.9,11.41,Winter,53.0,57.7
EN001653,L0056,2026-01-07,14.2,51.2,11.42,Winter,20.0,52.6
EN001654,L0056,2026-01-08,12.9,55.4,11.42,Winter,78.6,60.9
EN001655,L0056,2026-01-09,13.2,54.8,11.42,Winter,70.5,55.0
EN001656,L0056,2026-01-10,12.8,48.5,11.43,Winter,74.9,60.0
EN001657,L0056,2026-01-11,11.7,54.3,11.43,Winter,62.1,56.7
EN001658,L0056,2026-01-12,12.1,51.1,11.44,Winter,59.7,56.2
EN001659,L0056,2026-01-13,12.2,47.0,11.44,Winter,56.1,57.1
EN001660,L0056,2026-01-14,12.4,56.2,11.44,Winter,65.5,61.5
EN001661,L0056,2026-01-15,14.0,53.6,11.45,Winter,47.1,52.8
EN001662,L0056,2026-01-16,11.9,55.1,11.45,Winter,44.0,58.5
EN001663,L0056,2026-01-17,11.3,45.0,11.46,Winter,66.5,55.6
EN001664,L0056,2026-01-18,11.5,48.4,11.46,Winter,60.9,64.9
EN001665,L0056,2026-01-19,12.3,53.7,11.47,Winter,70.0,48.9
EN001666,L0056,2026-01-20,16.5,69.7,11.48,Winter,17.1,57.5
EN001667,L0056,2026-01-21,11.7,53.4,11.48,Winter,49.1,62.1
EN001668,L0056,2026-01-22,12.8,49.5,11.49,Winter,52.6,60.6
EN001669,L0056,2026-01-23,10.9,45.1,11.49,Winter,82.9,54.8
EN001670,L0056,2026-01-24,12.8,52.6,11.5,Winter,62.7,66.9
EN001671,L0056,2026-01-25,14.1,45.9,11.51,Winter,35.6,56.0
EN001672,L0056,2026-01-26,12.5,44.7,11.51,Winter,66.5,52.6
EN001673,L0056,2026-01-27,15.7,65.9,11.52,Winter,51.5,60.2
EN001674,L0056,2026-01-28,10.8,58.7,11.53,Winter,48.0,52.6
EN001675,L0056,2026-01-29,12.5,52.2,11.53,Winter,50.4,62.7
EN001676,L0056,2026-01-30,11.7,65.4,11.54,Winter,36.4,66.1
EN001677,L0056,2026-01-31,11.3,55.0,11.55,Winter,48.1,56.3
EN001678,L0056,2026-02-01,14.5,64.0,11.55,Winter,71.7,56.0
EN001679,L0056,2026-02-02,13.4,50.3,11.56,Winter,41.1,52.3
EN001680,L0056,2026-02-03,12.3,56.5,11.57,Winter,28.2,57.8
EN001681,L0057,2026-01-05,23.7,64.7,12.01,Summer,51.8,51.0
EN001682,L0057,2026-01-06,21.8,44.1,12.01,Summer,75.5,56.9
EN001683,L0057,2026-01-07,24.3,47.6,12.01,Summer,72.9,57.5
EN001684,L0057,2026-01-08,20.4,49.8,12.01,Summer,68.3,61.4
EN001685,L0057,2026-01-09,24.2,64.0,12.01,Summer,51.7,53.0
EN001686,L0057,2026-01-10,18.5,66.8,12.01,Summer,49.1,65.4
EN001687,L0057,2026-01-11,21.9,60.0,12.01,Summer,55.7,61.3
EN001688,L0057,2026-01-12,21.0,55.8,12.01,Summer,69.7,57.3
EN001689,L0057,2026-01-13,19.6,61.6,12.01,Summer,59.1,60.4
EN001690,L0057,2026-01-14,20.2,50.7,12.01,Summer,84.3,65.7
EN001691,L0057,2026-01-15,22.6,55.7,12.01,Summer,55.8,64.9
EN001692,L0057,2026-01-16,20.4,54.2,12.01,Summer,86.2,57.8
EN001693,L0057,2026-01-17,24.2,49.6,12.01,Summer,67.3,68.4
EN001694,L0057,2026-01-18,21.0,56.4,12.01,Summer,43.7,63.4
EN001695,L0057,2026-01-19,19.6,57.4,12.01,Summer,42.7,65.8
EN001696,L0057,2026-01-20,23.1,57.8,12.01,Summer,43.8,65.7
EN001697,L0057,2026-01-21,20.3,51.4,12.01,Summer,35.3,54.8
EN001698,L0057,2026-01-22,18.4,54.3,12.01,Summer,70.4,56.1
EN001699,L0057,2026-01-23,21.6,53.7,12.01,Summer,60.9,67.6
EN001700,L0057,2026-01-24,20.3,60.3,12.01,Summer,38.1,65.6
EN001701,L0057,2026-01-25,20.1,64.3,12.01,Summer,58.3,61.1
EN001702,L0057,2026-01-26,22.2,55.3,12.01,Summer,75.3,54.2
EN001703,L0057,2026-01-27,22.3,55.7,12.01,Summer,64.9,55.7
EN001704,L0057,2026-01-28,21.0,51.6,12.01,Summer,63.5,58.2
EN001705,L0057,2026-01-29,19.9,57.7,12.01,Summer,61.9,54.9
EN001706,L0057,2026-01-30,20.7,52.0,12.01,Summer,92.8,63.3
EN001707,L0057,2026-01-31,21.4,65.0,12.01,Summer,32.3,45.2
EN001708,L0057,2026-02-01,20.2,49.7,12.01,Summer,56.7,59.0
EN001709,L0057,2026-02-02,22.5,51.2,12.01,Summer,65.6,58.1
EN001710,L0057,2026-02-03,21.5,54.9,12.01,Summer,79.4,57.5
EN001711,L0058,2026-01-05,22.8,60.3,14.26,Summer,60.4,57.7
EN001712,L0058,2026-01-06,19.1,68.8,14.24,Summer,45.8,44.7
EN001713,L0058,2026-01-07,14.2,72.6,14.23,Summer,67.2,67.4
EN001714,L0058,2026-01-08,19.7,57.2,14.22,Summer,44.1,58.1
EN001715,L0058,2026-01-09,17.9,74.9,14.2,Summer,81.4,60.4
EN001716,L0058,2026-01-10,19.7,57.2,14.19,Summer,71.7,58.4
EN001717,L0058,2026-01-11,19.2,67.9,14.17,Summer,41.8,58.7
EN001718,L0058,2026-01-12,17.2,71.5,14.15,Summer,48.5,63.8
EN001719,L0058,2026-01-13,19.4,64.2,14.14,Summer,33.0,61.8
EN001720,L0058,2026-01-14,18.2,62.1,14.12,Summer,50.0,58.6
EN001721,L0058,2026-01-15,16.7,63.6,14.1,Summer,61.1,56.1
EN001722,L0058,2026-01-16,19.4,66.0,14.08,Summer,48.2,52.8
EN001723,L0058,2026-01-17,19.7,71.0,14.06,Summer,35.3,56.1
EN001724,L0058,2026-01-18,17.3,70.6,14.04,Summer,48.7,53.7
EN001725,L0058,2026-01-19,19.9,57.8,14.02,Summer,35.5,50.7
EN001726,L0058,2026-01-20,17.8,73.1,14.0,Summer,39.7,60.3
EN001727,L0058,2026-01-21,18.2,69.6,13.98,Summer,35.6,58.2
EN001728,L0058,2026-01-22,19.8,79.0,13.95,Summer,58.8,55.0
EN001729,L0058,2026-01-23,20.9,77.8,13.93,Summer,27.2,53.8
EN001730,L0058,2026-01-24,19.2,62.5,13.91,Summer,45.3,51.5
EN001731,L0058,2026-01-25,22.1,56.5,13.88,Summer,47.2,63.2
EN001732,L0058,2026-01-26,19.5,59.1,13.86,Summer,31.1,56.9
EN001733,L0058,2026-01-27,18.2,66.2,13.83,Summer,30.4,62.1
EN001734,L0058,2026-01-28,19.7,66.1,13.8,Summer,70.2,55.8
EN001735,L0058,2026-01-29,18.2,61.7,13.78,Summer,47.3,57.5
EN001736,L0058,2026-01-30,17.9,52.9,13.75,Summer,42.1,59.8
EN001737,L0058,2026-01-31,19.6,72.2,13.72,Summer,77.4,61.8
EN001738,L0058,2026-02-01,21.8,69.6,13.7,Summer,73.9,67.3
EN001739,L0058,2026-02-02,21.0,69.2,13.67,Summer,47.1,57.8
EN001740,L0058,2026-02-03,18.6,68.7,13.64,Summer,39.9,57.0
EN001741,L0059,2026-01-05,11.7,50.3,12.95,Summer,51.9,60.3
EN001742,L0059,2026-01-06,18.6,41.8,12.94,Summer,75.2,51.8
EN001743,L0059,2026-01-07,20.3,46.5,12.94,Summer,57.9,65.1
EN001744,L0059,2026-01-08,13.9,38.3,12.93,Summer,75.2,48.7
EN001745,L0059,2026-01-09,17.0,43.2,12.92,Summer,82.6,50.1
EN001746,L0059,2026-01-10,18.9,36.6,12.92,Summer,48.7,51.9
EN001747,L0059,2026-01-11,14.0,42.4,12.91,Summer,39.4,61.7
EN001748,L0059,2026-01-12,14.8,32.7,12.9,Summer,47.6,59.7
EN001749,L0059,2026-01-13,15.5,40.2,12.9,Summer,64.7,63.4
EN001750,L0059,2026-01-14,15.4,33.7,12.89,Summer,56.1,60.4
EN001751,L0059,2026-01-15,13.4,34.7,12.88,Summer,44.9,57.0
EN001752,L0059,2026-01-16,14.6,44.2,12.87,Summer,32.5,50.1
EN001753,L0059,2026-01-17,15.4,38.9,12.87,Summer,34.6,55.0
EN001754,L0059,2026-01-18,15.3,37.6,12.86,Summer,57.1,54.7
EN001755,L0059,2026-01-19,18.6,42.9,12.85,Summer,43.7,58.5
EN001756,L0059,2026-01-20,16.2,47.3,12.84,Summer,46.6,61.8
EN001757,L0059,2026-01-21,16.0,48.9,12.83,Summer,73.1,59.0
EN001758,L0059,2026-01-22,15.5,43.0,12.82,Summer,52.5,66.4
EN001759,L0059,2026-01-23,16.1,37.6,12.81,Summer,48.6,51.9
EN001760,L0059,2026-01-24,16.9,35.1,12.8,Summer,70.4,51.5
EN001761,L0059,2026-01-25,16.1,46.9,12.79,Summer,24.9,68.1
EN001762,L0059,2026-01-26,15.1,40.8,12.78,Summer,63.0,61.6
EN001763,L0059,2026-01-27,16.4,46.0,12.77,Summer,62.3,66.8
EN001764,L0059,2026-01-28,16.8,51.8,12.76,Summer,67.6,49.0
EN001765,L0059,2026-01-29,20.5,36.6,12.75,Summer,75.9,58.1
EN001766,L0059,2026-01-30,17.7,35.9,12.74,Summer,63.8,56.7
EN001767,L0059,2026-01-31,18.6,42.6,12.73,Summer,68.1,47.2
EN001768,L0059,2026-02-01,15.6,42.5,12.71,Summer,58.1,62.8
EN001769,L0059,2026-02-02,15.1,40.3,12.7,Summer,71.5,46.6
EN001770,L0059,2026-02-03,16.7,38.0,12.69,Summer,42.2,59.7
EN001771,L0060,2026-01-05,29.3,74.2,13.51,Summer,68.1,62.4
EN001772,L0060,2026-01-06,28.7,67.5,13.51,Summer,60.3,54.8
EN001773,L0060,2026-01-07,28.6,67.7,13.5,Summer,55.4,49.6
EN001774,L0060,2026-01-08,28.6,64.7,13.49,Summer,74.6,64.2
EN001775,L0060,2026-01-09,24.8,67.7,13.48,Summer,67.6,59.9
EN001776,L0060,2026-01-10,29.4,60.0,13.47,Summer,78.0,63.2
EN001777,L0060,2026-01-11,26.9,67.2,13.46,Summer,75.9,59.7
EN001778,L0060,2026-01-12,28.2,71.4,13.45,Summer,56.3,63.0
EN001779,L0060,2026-01-13,29.3,69.1,13.43,Summer,49.1,57.4
EN001780,L0060,2026-01-14,27.6,61.1,13.42,Summer,65.0,51.0
EN001781,L0060,2026-01-15,28.3,69.0,13.41,Summer,47.0,59.8
EN001782,L0060,2026-01-16,27.1,71.1,13.4,Summer,64.5,54.0
EN001783,L0060,2026-01-17,25.8,64.8,13.38,Summer,70.3,58.7
EN001784,L0060,2026-01-18,26.9,65.5,13.37,Summer,65.1,70.5
EN001785,L0060,2026-01-19,25.8,64.7,13.36,Summer,116.1,60.1
EN001786,L0060,2026-01-20,24.7,73.1,13.34,Summer,57.3,62.5
EN001787,L0060,2026-01-21,26.8,65.4,13.33,Summer,92.5,60.8
EN001788,L0060,2026-01-22,28.9,70.6,13.31,Summer,63.8,61.1
EN001789,L0060,2026-01-23,29.3,68.8,13.3,Summer,95.2,62.3
EN001790,L0060,2026-01-24,27.5,69.5,13.28,Summer,71.9,51.7
EN001791,L0060,2026-01-25,26.9,69.3,13.27,Summer,64.2,59.7
EN001792,L0060,2026-01-26,27.1,72.6,13.25,Summer,79.3,58.8
EN001793,L0060,2026-01-27,24.6,78.7,13.23,Summer,68.0,57.6
EN001794,L0060,2026-01-28,26.4,65.1,13.21,Summer,91.6,64.9
EN001795,L0060,2026-01-29,27.8,67.4,13.2,Summer,78.7,58.4
EN001796,L0060,2026-01-30,26.6,70.0,13.18,Summer,63.8,59.3
EN001797,L0060,2026-01-31,27.3,71.6,13.16,Summer,61.3,61.6
EN001798,L0060,2026-02-01,25.2,64.6,13.14,Summer,62.6,52.6
EN001799,L0060,2026-02-02,28.7,62.2,13.12,Summer,60.2,64.3
EN001800,L0060,2026-02-03,25.8,66.9,13.1,Summer,55.8,62.2
EN001801,L0061,2026-01-05,21.3,69.4,14.17,Summer,57.5,58.4
EN001802,L0061,2026-01-06,18.9,60.1,14.16,Summer,68.1,61.8
EN001803,L0061,2026-01-07,18.6,65.2,14.14,Summer,45.8,52.4
EN001804,L0061,2026-01-08,20.2,62.5,14.13,Summer,36.7,50.6
EN001805,L0061,2026-01-09,17.1,62.8,14.12,Summer,48.8,53.6
EN001806,L0061,2026-01-10,21.1,64.6,14.1,Summer,58.1,57.1
EN001807,L0061,2026-01-11,18.5,65.7,14.09,Summer,32.3,60.7
EN001808,L0061,2026-01-12,18.2,70.5,14.07,Summer,45.3,63.3
EN001809,L0061,2026-01-13,17.9,60.9,14.05,Summer,55.3,63.9
EN001810,L0061,2026-01-14,22.9,65.2,14.04,Summer,75.7,56.6
EN001811,L0061,2026-01-15,21.9,59.3,14.02,Summer,55.9,46.3
EN001812,L0061,2026-01-16,17.9,67.8,14.0,Summer,31.6,60.1
EN001813,L0061,2026-01-17,21.5,62.0,13.98,Summer,36.4,55.6
EN001814,L0061,2026-01-18,18.2,64.4,13.96,Summer,51.4,56.5
EN001815,L0061,2026-01-19,22.9,60.7,13.94,Summer,69.5,52.8
EN001816,L0061,2026-01-20,20.0,72.1,13.92,Summer,65.8,55.9
EN001817,L0061,2026-01-21,20.9,67.5,13.9,Summer,42.4,61.1
EN001818,L0061,2026-01-22,23.2,67.8,13.88,Summer,57.9,61.4
EN001819,L0061,2026-01-23,17.2,67.8,13.85,Summer,35.8,55.1
EN001820,L0061,2026-01-24,23.7,63.5,13.83,Summer,39.6,63.8
EN001821,L0061,2026-01-25,18.1,62.3,13.81,Summer,67.5,58.2
EN001822,L0061,2026-01-26,16.9,68.3,13.78,Summer,44.4,65.7
EN001823,L0061,2026-01-27,18.6,71.3,13.76,Summer,74.9,53.7
EN001824,L0061,2026-01-28,19.3,67.3,13.73,Summer,38.0,59.4
EN001825,L0061,2026-01-29,19.2,63.5,13.71,Summer,50.7,58.4
EN001826,L0061,2026-01-30,19.9,61.4,13.68,Summer,42.2,57.4
EN001827,L0061,2026-01-31,19.5,62.4,13.66,Summer,54.5,48.9
EN001828,L0061,2026-02-01,18.2,63.3,13.63,Summer,38.0,66.1
EN001829,L0061,2026-02-02,19.5,66.1,13.6,Summer,43.2,57.9
EN001830,L0061,2026-02-03,17.2,64.0,13.58,Summer,36.9,56.6
EN001831,L0062,2026-01-05,10.6,65.2,14.52,Summer,60.5,62.2
EN001832,L0062,2026-01-06,17.6,80.3,14.5,Summer,49.4,55.7
EN001833,L0062,2026-01-07,13.4,78.9,14.49,Summer,40.9,70.5
EN001834,L0062,2026-01-08,14.6,83.8,14.47,Summer,37.8,64.7
EN001835,L0062,2026-01-09,18.4,65.9,14.46,Summer,33.2,52.8
EN001836,L0062,2026-01-10,13.1,76.0,14.44,Summer,37.2,58.3
EN001837,L0062,2026-01-11,16.3,60.9,14.42,Summer,58.0,56.3
EN001838,L0062,2026-01-12,16.3,75.7,14.4,Summer,59.2,57.5
EN001839,L0062,2026-01-13,11.5,72.3,14.38,Summer,42.8,52.8
EN001840,L0062,2026-01-14,15.6,69.8,14.36,Summer,21.2,61.4
EN001841,L0062,2026-01-15,14.3,69.6,14.34,Summer,33.5,64.2
EN001842,L0062,2026-01-16,15.3,72.5,14.32,Summer,33.8,60.3
EN001843,L0062,2026-01-17,17.8,75.9,14.3,Summer,49.6,61.0
EN001844,L0062,2026-01-18,12.8,66.7,14.28,Summer,37.1,54.4
EN001845,L0062,2026-01-19,13.4,60.8,14.25,Summer,21.1,56.7
EN001846,L0062,2026-01-20,15.2,67.2,14.23,Summer,41.1,55.8
EN001847,L0062,2026-01-21,17.3,71.0,14.2,Summer,49.7,59.0
EN001848,L0062,2026-01-22,12.8,71.5,14.18,Summer,22.7,57.5
EN001849,L0062,2026-01-23,13.9,74.3,14.15,Summer,21.2,58.1
EN001850,L0062,2026-01-24,16.3,77.4,14.12,Summer,29.3,58.1
EN001851,L0062,2026-01-25,15.6,81.3,14.1,Summer,19.3,53.4
EN001852,L0062,2026-01-26,20.3,70.4,14.07,Summer,15.0,55.1
EN001853,L0062,2026-01-27,10.2,73.4,14.04,Summer,51.3,53.4
EN001854,L0062,2026-01-28,14.3,77.5,14.01,Summer,15.5,51.4
EN001855,L0062,2026-01-29,14.7,67.5,13.98,Summer,35.9,51.7
EN001856,L0062,2026-01-30,15.5,71.1,13.95,Summer,47.7,59.0
EN001857,L0062,2026-01-31,15.5,63.3,13.92,Summer,46.9,56.3
EN001858,L0062,2026-02-01,14.8,78.3,13.89,Summer,29.9,64.8
EN001859,L0062,2026-02-02,17.6,76.5,13.86,Summer,26.3,47.1
EN001860,L0062,2026-02-03,17.0,72.7,13.83,Summer,29.6,63.9
EN001861,L0063,2026-01-05,25.2,65.5,13.67,Summer,77.3,52.4
EN001862,L0063,2026-01-06,26.6,74.5,13.66,Summer,73.0,64.2
EN001863,L0063,2026-01-07,28.8,68.0,13.65,Summer,37.3,52.5
EN001864,L0063,2026-01-08,28.2,58.7,13.64,Summer,65.4,59.7
EN001865,L0063,2026-01-09,29.5,64.5,13.63,Summer,61.0,57.7
EN001866,L0063,2026-01-10,27.5,67.1,13.62,Summer,84.7,54.0
EN001867,L0063,2026-01-11,27.1,70.7,13.61,Summer,64.4,62.2
EN001868,L0063,2026-01-12,27.1,72.7,13.6,Summer,72.7,59.9
EN001869,L0063,2026-01-13,25.7,64.2,13.58,Summer,87.1,61.2
EN001870,L0063,2026-01-14,25.0,69.1,13.57,Summer,36.8,55.1
EN001871,L0063,2026-01-15,28.6,67.2,13.56,Summer,71.7,42.9
EN001872,L0063,2026-01-16,26.2,70.0,13.54,Summer,76.5,62.8
EN001873,L0063,2026-01-17,26.5,67.0,13.53,Summer,51.4,57.0
EN001874,L0063,2026-01-18,24.6,56.9,13.51,Summer,54.8,65.5
EN001875,L0063,2026-01-19,26.4,69.3,13.5,Summer,62.8,49.0
EN001876,L0063,2026-01-20,28.5,55.0,13.48,Summer,62.2,57.7
EN001877,L0063,2026-01-21,27.3,63.6,13.46,Summer,44.3,54.0
EN001878,L0063,2026-01-22,25.5,63.4,13.45,Summer,83.6,51.9
EN001879,L0063,2026-01-23,27.3,68.9,13.43,Summer,83.4,57.3
EN001880,L0063,2026-01-24,28.2,67.0,13.41,Summer,76.1,50.5
EN001881,L0063,2026-01-25,22.0,70.3,13.4,Summer,76.0,60.4
EN001882,L0063,2026-01-26,25.8,76.9,13.38,Summer,63.6,60.1
EN001883,L0063,2026-01-27,27.8,78.3,13.36,Summer,65.6,54.7
EN001884,L0063,2026-01-28,24.0,77.3,13.34,Summer,75.9,60.3
EN001885,L0063,2026-01-29,32.3,70.0,13.32,Summer,51.8,57.0
EN001886,L0063,2026-01-30,24.9,65.6,13.3,Summer,64.4,55.1
EN001887,L0063,2026-01-31,24.1,77.6,13.28,Summer,74.2,56.9
EN001888,L0063,2026-02-01,27.9,70.8,13.26,Summer,73.9,61.4
EN001889,L0063,2026-02-02,26.7,72.0,13.24,Summer,80.5,58.8
EN001890,L0063,2026-02-03,26.1,77.2,13.22,Summer,63.3,60.0
EN001891,L0064,2026-01-05,23.8,51.3,14.01,Summer,43.7,56.2
EN001892,L0064,2026-01-06,22.2,46.3,14.0,Summer,45.9,59.3
EN001893,L0064,2026-01-07,25.4,58.3,13.99,Summer,18.6,61.2
EN001894,L0064,2026-01-08,22.1,57.7,13.98,Summer,54.8,57.0
EN001895,L0064,2026-01-09,23.0,54.9,13.96,Summer,73.8,57.9
EN001896,L0064,2026-01-10,25.1,60.6,13.95,Summer,64.3,49.1
EN001897,L0064,2026-01-11,25.2,52.3,13.93,Summer,65.0,53.1
EN001898,L0064,2026-01-12,21.1,66.9,13.92,Summer,41.6,63.7
EN001899,L0064,2026-01-13,23.4,52.5,13.9,Summer,54.4,51.5
EN001900,L0064,2026-01-14,23.2,48.5,13.89,Summer,49.5,62.6
EN001901,L0064,2026-01-15,23.7,46.1,13.87,Summer,66.9,58.0
EN001902,L0064,2026-01-16,22.2,59.5,13.86,Summer,52.7,52.2
EN001903,L0064,2026-01-17,26.5,54.9,13.84,Summer,53.9,56.0
EN001904,L0064,2026-01-18,25.3,51.9,13.82,Summer,33.4,54.6
EN001905,L0064,2026-01-19,25.6,60.0,13.8,Summer,51.4,64.9
EN001906,L0064,2026-01-20,24.5,53.4,13.78,Summer,52.7,59.6
EN001907,L0064,2026-01-21,21.7,55.0,13.76,Summer,59.3,49.6
EN001908,L0064,2026-01-22,22.8,53.2,13.74,Summer,69.4,48.8
EN001909,L0064,2026-01-23,22.4,52.1,13.72,Summer,68.4,57.8
EN001910,L0064,2026-01-24,26.3,59.0,13.7,Summer,49.3,59.2
EN001911,L0064,2026-01-25,22.5,60.2,13.68,Summer,36.3,53.9
EN001912,L0064,2026-01-26,23.9,62.4,13.66,Summer,24.2,64.9
EN001913,L0064,2026-01-27,22.8,43.7,13.63,Summer,15.0,50.4
EN001914,L0064,2026-01-28,23.0,54.6,13.61,Summer,63.9,55.3
EN001915,L0064,2026-01-29,21.0,52.5,13.59,Summer,55.5,59.2
EN001916,L0064,2026-01-30,21.5,60.4,13.56,Summer,46.3,53.7
EN001917,L0064,2026-01-31,21.9,61.4,13.54,Summer,53.1,54.5
EN001918,L0064,2026-02-01,24.5,67.9,13.51,Summer,57.9,64.2
EN001919,L0064,2026-02-02,24.7,51.4,13.49,Summer,55.4,51.6
EN001920,L0064,2026-02-03,22.4,51.2,13.46,Summer,49.4,54.3
EN001921,L0065,2026-01-05,22.1,58.2,14.26,Summer,53.3,48.7
EN001922,L0065,2026-01-06,21.3,45.9,14.25,Summer,58.4,60.5
EN001923,L0065,2026-01-07,23.1,50.3,14.23,Summer,58.5,55.6
EN001924,L0065,2026-01-08,20.7,59.5,14.22,Summer,66.5,62.7
EN001925,L0065,2026-01-09,21.6,62.1,14.2,Summer,48.1,61.3
EN001926,L0065,2026-01-10,21.8,53.7,14.19,Summer,21.1,56.5
EN001927,L0065,2026-01-11,22.9,52.5,14.17,Summer,79.6,52.2
EN001928,L0065,2026-01-12,21.7,49.6,14.16,Summer,47.1,63.2
EN001929,L0065,2026-01-13,25.4,50.8,14.14,Summer,44.9,52.2
EN001930,L0065,2026-01-14,25.1,61.7,14.12,Summer,53.5,51.0
EN001931,L0065,2026-01-15,20.4,56.0,14.1,Summer,62.7,47.7
EN001932,L0065,2026-01-16,22.2,64.7,14.08,Summer,52.0,65.4
EN001933,L0065,2026-01-17,23.9,48.5,14.06,Summer,50.9,57.4
EN001934,L0065,2026-01-18,21.0,49.2,14.04,Summer,76.1,53.1
EN001935,L0065,2026-01-19,24.7,52.4,14.02,Summer,54.6,60.8
EN001936,L0065,2026-01-20,21.7,58.4,14.0,Summer,26.3,60.2
EN001937,L0065,2026-01-21,18.3,53.6,13.98,Summer,67.0,61.1
EN001938,L0065,2026-01-22,20.4,48.0,13.95,Summer,45.4,58.9
EN001939,L0065,2026-01-23,19.0,54.9,13.93,Summer,59.4,56.6
EN001940,L0065,2026-01-24,23.6,56.3,13.91,Summer,47.4,48.3
EN001941,L0065,2026-01-25,22.9,49.3,13.88,Summer,46.9,60.4
EN001942,L0065,2026-01-26,25.2,54.8,13.86,Summer,62.8,50.8
EN001943,L0065,2026-01-27,23.0,54.6,13.83,Summer,72.2,55.3
EN001944,L0065,2026-01-28,22.1,61.4,13.81,Summer,53.7,52.5
EN001945,L0065,2026-01-29,27.1,48.5,13.78,Summer,54.1,59.7
EN001946,L0065,2026-01-30,23.0,53.9,13.75,Summer,52.4,56.8
EN001947,L0065,2026-01-31,20.5,67.9,13.72,Summer,51.9,61.0
EN001948,L0065,2026-02-01,21.8,52.9,13.7,Summer,48.6,50.3
EN001949,L0065,2026-02-02,22.1,52.6,13.67,Summer,71.4,52.0
EN001950,L0065,2026-02-03,21.3,49.6,13.64,Summer,75.2,53.7
EN001951,L0066,2026-01-05,16.4,77.8,14.43,Summer,38.0,51.1
EN001952,L0066,2026-01-06,12.9,77.2,14.41,Summer,22.4,60.0
EN001953,L0066,2026-01-07,15.6,74.3,14.4,Summer,46.6,53.3
EN001954,L0066,2026-01-08,13.7,76.3,14.39,Summer,31.2,44.2
EN001955,L0066,2026-01-09,16.6,65.8,14.37,Summer,46.5,65.0
EN001956,L0066,2026-01-10,15.5,78.0,14.35,Summer,42.2,65.9
EN001957,L0066,2026-01-11,13.5,72.0,14.34,Summer,49.4,57.0
EN001958,L0066,2026-01-12,17.5,69.4,14.32,Summer,69.0,68.6
EN001959,L0066,2026-01-13,16.0,75.3,14.3,Summer,56.7,52.1
EN001960,L0066,2026-01-14,13.1,79.5,14.28,Summer,43.8,56.9
EN001961,L0066,2026-01-15,15.5,57.7,14.26,Summer,37.3,54.2
EN001962,L0066,2026-01-16,17.1,78.0,14.24,Summer,48.1,60.0
EN001963,L0066,2026-01-17,12.8,75.5,14.22,Summer,48.8,64.2
EN001964,L0066,2026-01-18,19.3,61.8,14.2,Summer,34.6,54.3
EN001965,L0066,2026-01-19,15.8,72.1,14.17,Summer,36.7,63.1
EN001966,L0066,2026-01-20,13.5,65.8,14.15,Summer,25.7,56.2
EN001967,L0066,2026-01-21,13.2,71.7,14.13,Summer,37.7,54.1
EN001968,L0066,2026-01-22,17.0,71.6,14.1,Summer,54.9,57.0
EN001969,L0066,2026-01-23,15.4,68.6,14.08,Summer,39.9,61.6
EN001970,L0066,2026-01-24,14.7,75.1,14.05,Summer,28.6,61.8
EN001971,L0066,2026-01-25,14.3,77.1,14.02,Summer,40.9,65.6
EN001972,L0066,2026-01-26,13.3,63.1,14.0,Summer,31.4,51.1
EN001973,L0066,2026-01-27,12.9,75.7,13.97,Summer,39.9,55.6
EN001974,L0066,2026-01-28,14.6,68.4,13.94,Summer,63.1,54.3
EN001975,L0066,2026-01-29,12.9,76.8,13.91,Summer,37.0,68.2
EN001976,L0066,2026-01-30,14.3,77.1,13.88,Summer,55.2,55.4
EN001977,L0066,2026-01-31,13.9,76.4,13.85,Summer,48.0,50.9
EN001978,L0066,2026-02-01,13.2,56.8,13.82,Summer,48.3,56.7
EN001979,L0066,2026-02-02,14.9,61.9,13.79,Summer,24.6,55.6
EN001980,L0066,2026-02-03,13.9,72.7,13.76,Summer,48.2,69.3
EN001981,L0067,2026-01-05,14.7,78.7,14.86,Summer,28.4,49.6
EN001982,L0067,2026-01-06,14.1,62.4,14.85,Summer,40.2,54.1
EN001983,L0067,2026-01-07,11.2,82.4,14.83,Summer,32.5,49.8
EN001984,L0067,2026-01-08,16.4,67.6,14.81,Summer,55.3,54.3
EN001985,L0067,2026-01-09,13.8,74.1,14.79,Summer,48.3,61.8
EN001986,L0067,2026-01-10,14.6,75.2,14.78,Summer,50.4,59.0
EN001987,L0067,2026-01-11,14.5,63.3,14.75,Summer,48.4,58.2
EN001988,L0067,2026-01-12,14.1,79.7,14.73,Summer,20.0,66.2
EN001989,L0067,2026-01-13,14.8,73.9,14.71,Summer,34.5,49.7
EN001990,L0067,2026-01-14,14.6,74.0,14.69,Summer,49.5,57.0
EN001991,L0067,2026-01-15,10.9,62.8,14.66,Summer,68.7,52.5
EN001992,L0067,2026-01-16,17.4,66.4,14.64,Summer,37.4,61.1
EN001993,L0067,2026-01-17,13.3,81.6,14.61,Summer,41.1,60.3
EN001994,L0067,2026-01-18,14.3,76.0,14.59,Summer,62.1,57.3
EN001995,L0067,2026-01-19,17.9,68.3,14.56,Summer,50.7,60.4
EN001996,L0067,2026-01-20,12.9,73.3,14.53,Summer,40.1,53.7
EN001997,L0067,2026-01-21,15.4,72.9,14.5,Summer,39.0,57.7
EN001998,L0067,2026-01-22,14.6,69.8,14.47,Summer,42.0,54.8
EN001999,L0067,2026-01-23,19.5,63.5,14.44,Summer,31.8,55.5
EN002000,L0067,2026-01-24,18.4,64.1,14.41,Summer,46.0,59.2
EN002001,L0067,2026-01-25,15.3,79.4,14.38,Summer,57.0,55.7
EN002002,L0067,2026-01-26,15.0,60.8,14.35,Summer,41.4,54.0
EN002003,L0067,2026-01-27,14.3,61.9,14.32,Summer,45.7,49.5
EN002004,L0067,2026-01-28,14.9,64.6,14.28,Summer,28.1,63.8
EN002005,L0067,2026-01-29,15.7,78.9,14.25,Summer,61.8,54.1
EN002006,L0067,2026-01-30,17.3,63.2,14.22,Summer,50.4,55.5
EN002007,L0067,2026-01-31,12.9,75.7,14.18,Summer,53.2,62.6
EN002008,L0067,2026-02-01,14.9,72.8,14.14,Summer,47.4,59.5
EN002009,L0067,2026-02-02,15.5,73.2,14.11,Summer,51.8,49.9
EN002010,L0067,2026-02-03,14.3,63.7,14.07,Summer,43.9,66.2
EN002011,L0068,2026-01-05,13.5,72.8,15.11,Summer,50.6,47.7
EN002012,L0068,2026-01-06,13.5,74.2,15.09,Summer,15.0,53.1
EN002013,L0068,2026-01-07,16.4,78.0,15.08,Summer,45.2,62.4
EN002014,L0068,2026-01-08,14.8,75.3,15.06,Summer,35.6,58.6
EN002015,L0068,2026-01-09,13.3,79.6,15.04,Summer,61.3,64.9
EN002016,L0068,2026-01-10,13.7,66.3,15.01,Summer,57.9,60.7
EN002017,L0068,2026-01-11,15.0,68.2,14.99,Summer,46.0,52.6
EN002018,L0068,2026-01-12,15.6,80.3,14.97,Summer,62.8,61.5
EN002019,L0068,2026-01-13,12.0,73.2,14.94,Summer,70.0,53.7
EN002020,L0068,2026-01-14,14.4,80.5,14.92,Summer,48.6,70.4
EN002021,L0068,2026-01-15,13.2,66.1,14.89,Summer,57.1,52.0
EN002022,L0068,2026-01-16,14.1,71.6,14.87,Summer,54.5,61.1
EN002023,L0068,2026-01-17,15.3,69.6,14.84,Summer,57.0,78.1
EN002024,L0068,2026-01-18,15.7,72.6,14.81,Summer,21.8,54.8
EN002025,L0068,2026-01-19,14.1,68.8,14.78,Summer,39.8,66.9
EN002026,L0068,2026-01-20,16.7,71.0,14.75,Summer,23.1,64.7
EN002027,L0068,2026-01-21,14.3,61.6,14.72,Summer,50.0,63.1
EN002028,L0068,2026-01-22,10.1,67.1,14.69,Summer,38.5,61.7
EN002029,L0068,2026-01-23,13.5,67.0,14.65,Summer,50.2,55.7
EN002030,L0068,2026-01-24,15.4,65.3,14.62,Summer,21.1,61.8
EN002031,L0068,2026-01-25,14.8,77.5,14.58,Summer,32.5,54.0
EN002032,L0068,2026-01-26,16.8,62.9,14.55,Summer,57.5,64.6
EN002033,L0068,2026-01-27,15.9,67.9,14.51,Summer,28.6,56.9
EN002034,L0068,2026-01-28,12.0,66.2,14.48,Summer,49.0,61.2
EN002035,L0068,2026-01-29,12.4,76.1,14.44,Summer,46.4,65.5
EN002036,L0068,2026-01-30,15.3,78.4,14.4,Summer,46.7,62.9
EN002037,L0068,2026-01-31,11.9,71.3,14.36,Summer,39.5,56.8
EN002038,L0068,2026-02-01,15.0,75.8,14.33,Summer,45.5,57.1
EN002039,L0068,2026-02-02,12.9,78.6,14.29,Summer,44.9,52.9
EN002040,L0068,2026-02-03,13.8,61.5,14.25,Summer,40.5,57.0
EN002041,L0069,2026-01-05,27.9,84.5,13.05,Summer,74.8,61.5
EN002042,L0069,2026-01-06,32.9,81.5,13.04,Summer,90.6,52.3
EN002043,L0069,2026-01-07,26.5,72.5,13.04,Summer,81.4,54.4
EN002044,L0069,2026-01-08,28.4,74.4,13.03,Summer,97.8,51.8
EN002045,L0069,2026-01-09,27.8,74.0,13.02,Summer,88.3,67.2
EN002046,L0069,2026-01-10,29.4,65.3,13.02,Summer,96.9,60.7
EN002047,L0069,2026-01-11,28.8,67.7,13.01,Summer,115.6,52.7
EN002048,L0069,2026-01-12,30.2,76.2,13.0,Summer,99.4,66.5
EN002049,L0069,2026-01-13,30.0,71.6,12.99,Summer,106.5,54.8
EN002050,L0069,2026-01-14,29.3,67.2,12.99,Summer,76.5,58.3
EN002051,L0069,2026-01-15,29.7,64.8,12.98,Summer,98.0,53.9
EN002052,L0069,2026-01-16,31.3,72.9,12.97,Summer,75.3,58.4
EN002053,L0069,2026-01-17,27.3,82.6,12.96,Summer,91.0,57.2
EN002054,L0069,2026-01-18,30.1,69.0,12.95,Summer,73.0,60.0
EN002055,L0069,2026-01-19,27.0,68.4,12.94,Summer,102.7,60.6
EN002056,L0069,2026-01-20,26.7,71.3,12.93,Summer,78.3,66.9
EN002057,L0069,2026-01-21,30.6,72.5,12.92,Summer,99.1,51.2
EN002058,L0069,2026-01-22,27.8,75.6,12.91,Summer,97.3,57.5
EN002059,L0069,2026-01-23,29.4,75.5,12.9,Summer,88.7,56.5
EN002060,L0069,2026-01-24,28.2,76.4,12.89,Summer,96.8,59.0
EN002061,L0069,2026-01-25,26.8,69.0,12.88,Summer,96.6,65.4
EN002062,L0069,2026-01-26,29.2,72.5,12.86,Summer,94.1,52.3
EN002063,L0069,2026-01-27,31.3,76.1,12.85,Summer,81.6,57.2
EN002064,L0069,2026-01-28,28.0,82.9,12.84,Summer,88.2,58.8
EN002065,L0069,2026-01-29,30.0,70.6,12.83,Summer,93.7,59.4
EN002066,L0069,2026-01-30,26.1,76.5,12.82,Summer,90.4,58.6
EN002067,L0069,2026-01-31,29.0,76.6,12.8,Summer,109.7,52.1
EN002068,L0069,2026-02-01,28.3,79.0,12.79,Summer,97.7,60.3
EN002069,L0069,2026-02-02,33.9,78.7,12.78,Summer,106.8,56.5
EN002070,L0069,2026-02-03,27.1,73.1,12.76,Summer,101.0,60.0
EN002071,L0070,2026-01-05,29.7,73.7,12.53,Summer,85.8,57.1
EN002072,L0070,2026-01-06,30.3,80.0,12.53,Summer,76.9,61.8
EN002073,L0070,2026-01-07,27.8,77.8,12.52,Summer,88.3,65.8
EN002074,L0070,2026-01-08,28.2,76.1,12.52,Summer,99.5,53.6
EN002075,L0070,2026-01-09,28.9,73.4,12.52,Summer,83.8,55.8
EN002076,L0070,2026-01-10,31.0,71.4,12.51,Summer,98.9,59.6
EN002077,L0070,2026-01-11,26.5,78.1,12.51,Summer,71.2,61.1
EN002078,L0070,2026-01-12,28.1,75.1,12.51,Summer,72.9,58.6
EN002079,L0070,2026-01-13,30.7,70.2,12.5,Summer,82.5,60.3
EN002080,L0070,2026-01-14,29.9,60.4,12.5,Summer,119.2,60.6
EN002081,L0070,2026-01-15,30.3,74.1,12.49,Summer,65.0,61.4
EN002082,L0070,2026-01-16,28.0,78.3,12.49,Summer,87.9,59.2
EN002083,L0070,2026-01-17,27.6,80.2,12.49,Summer,74.4,69.2
EN002084,L0070,2026-01-18,33.0,84.8,12.48,Summer,108.9,57.6
EN002085,L0070,2026-01-19,31.1,74.4,12.48,Summer,69.3,65.5
EN002086,L0070,2026-01-20,31.0,74.8,12.47,Summer,73.8,55.1
EN002087,L0070,2026-01-21,25.7,80.7,12.47,Summer,68.6,59.4
EN002088,L0070,2026-01-22,27.5,66.4,12.46,Summer,94.3,56.3
EN002089,L0070,2026-01-23,30.5,67.4,12.46,Summer,80.4,46.1
EN002090,L0070,2026-01-24,25.0,85.8,12.45,Summer,120.2,58.5
EN002091,L0070,2026-01-25,27.5,73.2,12.44,Summer,103.2,55.4
EN002092,L0070,2026-01-26,29.4,74.9,12.44,Summer,83.0,55.4
EN002093,L0070,2026-01-27,29.5,69.1,12.43,Summer,97.3,55.6
EN002094,L0070,2026-01-28,29.2,83.3,12.43,Summer,88.6,62.6
EN002095,L0070,2026-01-29,25.7,72.2,12.42,Summer,91.4,67.6
EN002096,L0070,2026-01-30,25.4,74.4,12.41,Summer,111.4,54.1
EN002097,L0070,2026-01-31,28.5,77.0,12.41,Summer,93.6,65.8
EN002098,L0070,2026-02-01,29.7,83.0,12.4,Summer,86.0,54.3
EN002099,L0070,2026-02-02,28.5,68.0,12.39,Summer,97.8,56.1
EN002100,L0070,2026-02-03,27.7,78.0,12.39,Summer,75.0,61.9
EN002101,L0071,2026-01-05,27.8,82.0,13.31,Summer,85.5,61.2
EN002102,L0071,2026-01-06,29.0,79.5,13.3,Summer,92.5,49.7
EN002103,L0071,2026-01-07,30.5,74.5,13.3,Summer,102.1,61.5
EN002104,L0071,2026-01-08,27.3,69.5,13.29,Summer,100.2,56.5
EN002105,L0071,2026-01-09,30.3,73.9,13.28,Summer,105.3,60.1
EN002106,L0071,2026-01-10,29.2,72.8,13.27,Summer,94.3,64.0
EN002107,L0071,2026-01-11,28.6,78.2,13.26,Summer,91.6,58.6
EN002108,L0071,2026-01-12,31.8,82.2,13.25,Summer,92.1,59.1
EN002109,L0071,2026-01-13,27.4,74.0,13.24,Summer,95.3,62.3
EN002110,L0071,2026-01-14,30.0,68.3,13.23,Summer,104.7,57.6
EN002111,L0071,2026-01-15,26.9,83.0,13.22,Summer,111.5,59.3
EN002112,L0071,2026-01-16,29.9,79.6,13.21,Summer,110.5,61.6
EN002113,L0071,2026-01-17,26.3,87.1,13.2,Summer,105.9,55.5
EN002114,L0071,2026-01-18,26.8,78.0,13.19,Summer,87.1,59.6
EN002115,L0071,2026-01-19,30.0,71.6,13.18,Summer,75.4,59.9
EN002116,L0071,2026-01-20,27.7,75.9,13.16,Summer,72.2,56.7
EN002117,L0071,2026-01-21,29.9,78.6,13.15,Summer,80.0,52.2
EN002118,L0071,2026-01-22,28.7,78.4,13.14,Summer,96.7,55.4
EN002119,L0071,2026-01-23,29.2,84.0,13.12,Summer,93.9,49.8
EN002120,L0071,2026-01-24,29.0,87.3,13.11,Summer,73.0,58.1
EN002121,L0071,2026-01-25,28.2,75.6,13.1,Summer,93.7,63.7
EN002122,L0071,2026-01-26,28.8,82.7,13.08,Summer,89.4,56.2
EN002123,L0071,2026-01-27,27.4,64.1,13.07,Summer,94.9,68.3
EN002124,L0071,2026-01-28,29.4,79.1,13.05,Summer,85.2,56.8
EN002125,L0071,2026-01-29,30.4,87.1,13.04,Summer,111.8,62.0
EN002126,L0071,2026-01-30,28.7,76.3,13.02,Summer,80.5,50.8
EN002127,L0071,2026-01-31,26.6,75.3,13.01,Summer,86.9,50.7
EN002128,L0071,2026-02-01,28.5,73.1,12.99,Summer,74.6,56.1
EN002129,L0071,2026-02-02,28.0,71.3,12.97,Summer,104.0,48.5
EN002130,L0071,2026-02-03,25.0,75.0,12.96,Summer,92.3,60.0
EN002131,L0072,2026-01-05,28.0,69.5,12.79,Summer,90.9,55.8
EN002132,L0072,2026-01-06,31.8,73.1,12.78,Summer,90.3,70.4
EN002133,L0072,2026-01-07,28.6,78.3,12.78,Summer,100.0,61.7
EN002134,L0072,2026-01-08,29.5,76.2,12.77,Summer,92.4,55.1
EN002135,L0072,2026-01-09,29.6,87.2,12.77,Summer,107.9,59.5
EN002136,L0072,2026-01-10,30.5,69.8,12.76,Summer,87.4,62.7
EN002137,L0072,2026-01-11,31.7,70.4,12.76,Summer,84.2,68.9
EN002138,L0072,2026-01-12,29.2,85.9,12.75,Summer,93.9,59.2
EN002139,L0072,2026-01-13,28.4,80.7,12.75,Summer,110.0,52.8
EN002140,L0072,2026-01-14,28.4,80.5,12.74,Summer,89.2,55.5
EN002141,L0072,2026-01-15,30.8,81.6,12.73,Summer,84.7,59.1
EN002142,L0072,2026-01-16,26.8,69.6,12.73,Summer,92.7,58.2
EN002143,L0072,2026-01-17,27.3,70.7,12.72,Summer,76.1,60.3
EN002144,L0072,2026-01-18,25.5,68.9,12.71,Summer,64.9,60.1
EN002145,L0072,2026-01-19,25.8,75.2,12.71,Summer,114.0,66.4
EN002146,L0072,2026-01-20,25.7,76.8,12.7,Summer,77.2,52.0
EN002147,L0072,2026-01-21,28.8,82.4,12.69,Summer,99.4,54.4
EN002148,L0072,2026-01-22,30.3,61.5,12.68,Summer,80.5,53.9
EN002149,L0072,2026-01-23,29.1,73.8,12.68,Summer,89.0,57.1
EN002150,L0072,2026-01-24,29.0,78.2,12.67,Summer,93.1,56.6
EN002151,L0072,2026-01-25,29.7,80.0,12.66,Summer,83.2,57.7
EN002152,L0072,2026-01-26,31.1,68.4,12.65,Summer,116.3,51.3
EN002153,L0072,2026-01-27,28.3,69.3,12.64,Summer,121.6,55.5
EN002154,L0072,2026-01-28,28.0,72.8,12.63,Summer,92.3,56.4
EN002155,L0072,2026-01-29,28.7,53.8,12.62,Summer,91.8,58.1
EN002156,L0072,2026-01-30,30.8,82.9,12.61,Summer,88.4,62.1
EN002157,L0072,2026-01-31,26.9,79.6,12.6,Summer,83.0,52.1
EN002158,L0072,2026-02-01,28.6,83.4,12.59,Summer,93.5,65.5
EN002159,L0072,2026-02-02,27.6,81.3,12.59,Summer,81.9,59.1
EN002160,L0072,2026-02-03,29.3,79.0,12.58,Summer,94.5,54.3
